time,signal
0.0,-0.235
0.0028,-0.225
0.0056,-0.235
0.0083,-0.23
0.0111,-0.245
0.0139,-0.255
0.0167,-0.245
0.0194,-0.235
0.0222,-0.235
0.025,-0.235
0.0278,-0.235
0.0306,-0.245
0.0333,-0.24
0.0361,-0.235
0.0389,-0.225
0.0417,-0.24
0.0444,-0.24
0.0472,-0.245
0.05,-0.235
0.0528,-0.235
0.0556,-0.235
0.0583,-0.235
0.0611,-0.24
0.0639,-0.245
0.0667,-0.24
0.0694,-0.235
0.0722,-0.225
0.075,-0.24
0.0778,-0.25
0.0806,-0.255
0.0833,-0.25
0.0861,-0.235
0.0889,-0.22
0.0917,-0.225
0.0944,-0.24
0.0972,-0.23
0.1,-0.225
0.1028,-0.225
0.1056,-0.22
0.1083,-0.235
0.1111,-0.235
0.1139,-0.245
0.1167,-0.235
0.1194,-0.225
0.1222,-0.225
0.125,-0.22
0.1278,-0.23
0.1306,-0.235
0.1333,-0.22
0.1361,-0.21
0.1389,-0.19
0.1417,-0.19
0.1444,-0.18
0.1472,-0.185
0.15,-0.16
0.1528,-0.15
0.1556,-0.15
0.1583,-0.145
0.1611,-0.15
0.1639,-0.155
0.1667,-0.135
0.1694,-0.12
0.1722,-0.115
0.175,-0.115
0.1778,-0.115
0.1806,-0.135
0.1833,-0.13
0.1861,-0.13
0.1889,-0.125
0.1917,-0.145
0.1944,-0.14
0.1972,-0.145
0.2,-0.14
0.2028,-0.14
0.2056,-0.14
0.2083,-0.13
0.2111,-0.115
0.2139,-0.11
0.2167,-0.115
0.2194,-0.13
0.2222,-0.145
0.225,-0.155
0.2278,-0.17
0.2306,-0.19
0.2333,-0.19
0.2361,-0.19
0.2389,-0.185
0.2417,-0.205
0.2444,-0.22
0.2472,-0.235
0.25,-0.235
0.2528,-0.225
0.2556,-0.24
0.2583,-0.235
0.2611,-0.235
0.2639,-0.235
0.2667,-0.235
0.2694,-0.23
0.2722,-0.23
0.275,-0.24
0.2778,-0.25
0.2806,-0.245
0.2833,-0.245
0.2861,-0.235
0.2889,-0.245
0.2917,-0.24
0.2944,-0.24
0.2972,-0.255
0.3,-0.255
0.3028,-0.25
0.3056,-0.24
0.3083,-0.25
0.3111,-0.255
0.3139,-0.28
0.3167,-0.295
0.3194,-0.32
0.3222,-0.36
0.325,-0.375
0.3278,-0.405
0.3306,-0.455
0.3333,-0.475
0.3361,-0.415
0.3389,-0.3
0.3417,-0.16
0.3444,0.005
0.3472,0.205
0.35,0.49
0.3528,0.77
0.3556,0.985
0.3583,1.045
0.3611,0.955
0.3639,0.645
0.3667,0.22
0.3694,-0.145
0.3722,-0.345
0.375,-0.385
0.3778,-0.345
0.3806,-0.3
0.3833,-0.28
0.3861,-0.26
0.3889,-0.275
0.3917,-0.27
0.3944,-0.27
0.3972,-0.28
0.4,-0.275
0.4028,-0.275
0.4056,-0.27
0.4083,-0.29
0.4111,-0.29
0.4139,-0.295
0.4167,-0.295
0.4194,-0.295
0.4222,-0.28
0.425,-0.28
0.4278,-0.29
0.4306,-0.29
0.4333,-0.295
0.4361,-0.285
0.4389,-0.295
0.4417,-0.28
0.4444,-0.29
0.4472,-0.29
0.45,-0.28
0.4528,-0.27
0.4556,-0.265
0.4583,-0.275
0.4611,-0.275
0.4639,-0.285
0.4667,-0.285
0.4694,-0.27
0.4722,-0.275
0.475,-0.275
0.4778,-0.285
0.4806,-0.285
0.4833,-0.27
0.4861,-0.28
0.4889,-0.28
0.4917,-0.285
0.4944,-0.28
0.4972,-0.295
0.5,-0.285
0.5028,-0.275
0.5056,-0.275
0.5083,-0.28
0.5111,-0.285
0.5139,-0.29
0.5167,-0.29
0.5194,-0.28
0.5222,-0.275
0.525,-0.275
0.5278,-0.275
0.5306,-0.29
0.5333,-0.275
0.5361,-0.265
0.5389,-0.275
0.5417,-0.265
0.5444,-0.275
0.5472,-0.29
0.55,-0.28
0.5528,-0.265
0.5556,-0.27
0.5583,-0.27
0.5611,-0.28
0.5639,-0.28
0.5667,-0.275
0.5694,-0.27
0.5722,-0.265
0.575,-0.27
0.5778,-0.285
0.5806,-0.285
0.5833,-0.275
0.5861,-0.28
0.5889,-0.275
0.5917,-0.28
0.5944,-0.275
0.5972,-0.29
0.6,-0.285
0.6028,-0.27
0.6056,-0.28
0.6083,-0.28
0.6111,-0.28
0.6139,-0.29
0.6167,-0.29
0.6194,-0.28
0.6222,-0.28
0.625,-0.285
0.6278,-0.29
0.6306,-0.29
0.6333,-0.29
0.6361,-0.29
0.6389,-0.29
0.6417,-0.295
0.6444,-0.295
0.6472,-0.29
0.65,-0.295
0.6528,-0.275
0.6556,-0.26
0.6583,-0.26
0.6611,-0.275
0.6639,-0.265
0.6667,-0.255
0.6694,-0.24
0.6722,-0.235
0.675,-0.225
0.6778,-0.215
0.6806,-0.22
0.6833,-0.21
0.6861,-0.195
0.6889,-0.195
0.6917,-0.19
0.6944,-0.175
0.6972,-0.19
0.7,-0.185
0.7028,-0.17
0.7056,-0.155
0.7083,-0.17
0.7111,-0.175
0.7139,-0.195
0.7167,-0.17
0.7194,-0.16
0.7222,-0.17
0.725,-0.165
0.7278,-0.185
0.7306,-0.195
0.7333,-0.18
0.7361,-0.17
0.7389,-0.165
0.7417,-0.165
0.7444,-0.18
0.7472,-0.19
0.75,-0.19
0.7528,-0.18
0.7556,-0.17
0.7583,-0.175
0.7611,-0.185
0.7639,-0.19
0.7667,-0.19
0.7694,-0.185
0.7722,-0.18
0.775,-0.195
0.7778,-0.19
0.7806,-0.2
0.7833,-0.19
0.7861,-0.19
0.7889,-0.19
0.7917,-0.195
0.7944,-0.2
0.7972,-0.205
0.8,-0.2
0.8028,-0.2
0.8056,-0.2
0.8083,-0.195
0.8111,-0.2
0.8139,-0.215
0.8167,-0.21
0.8194,-0.2
0.8222,-0.19
0.825,-0.205
0.8278,-0.21
0.8306,-0.21
0.8333,-0.215
0.8361,-0.205
0.8389,-0.2
0.8417,-0.205
0.8444,-0.22
0.8472,-0.23
0.85,-0.225
0.8528,-0.21
0.8556,-0.215
0.8583,-0.205
0.8611,-0.22
0.8639,-0.225
0.8667,-0.23
0.8694,-0.23
0.8722,-0.215
0.875,-0.22
0.8778,-0.22
0.8806,-0.23
0.8833,-0.225
0.8861,-0.22
0.8889,-0.225
0.8917,-0.22
0.8944,-0.23
0.8972,-0.25
0.9,-0.235
0.9028,-0.225
0.9056,-0.21
0.9083,-0.225
0.9111,-0.23
0.9139,-0.235
0.9167,-0.225
0.9194,-0.225
0.9222,-0.22
0.925,-0.225
0.9278,-0.22
0.9306,-0.235
0.9333,-0.23
0.9361,-0.215
0.9389,-0.22
0.9417,-0.225
0.9444,-0.22
0.9472,-0.23
0.95,-0.23
0.9528,-0.215
0.9556,-0.22
0.9583,-0.22
0.9611,-0.215
0.9639,-0.22
0.9667,-0.205
0.9694,-0.185
0.9722,-0.17
0.975,-0.155
0.9778,-0.16
0.9806,-0.16
0.9833,-0.16
0.9861,-0.15
0.9889,-0.14
0.9917,-0.13
0.9944,-0.135
0.9972,-0.125
1.0,-0.12
1.0028,-0.115
1.0056,-0.105
1.0083,-0.115
1.0111,-0.12
1.0139,-0.135
1.0167,-0.145
1.0194,-0.14
1.0222,-0.14
1.025,-0.14
1.0278,-0.145
1.0306,-0.15
1.0333,-0.16
1.0361,-0.15
1.0389,-0.13
1.0417,-0.1
1.0444,-0.11
1.0472,-0.14
1.05,-0.16
1.0528,-0.17
1.0556,-0.175
1.0583,-0.175
1.0611,-0.2
1.0639,-0.215
1.0667,-0.225
1.0694,-0.225
1.0722,-0.215
1.075,-0.22
1.0778,-0.23
1.0806,-0.25
1.0833,-0.25
1.0861,-0.25
1.0889,-0.25
1.0917,-0.245
1.0944,-0.255
1.0972,-0.255
1.1,-0.255
1.1028,-0.25
1.1056,-0.245
1.1083,-0.255
1.1111,-0.265
1.1139,-0.275
1.1167,-0.26
1.1194,-0.26
1.1222,-0.255
1.125,-0.25
1.1278,-0.27
1.1306,-0.275
1.1333,-0.265
1.1361,-0.265
1.1389,-0.26
1.1417,-0.27
1.1444,-0.29
1.1472,-0.3
1.15,-0.31
1.1528,-0.345
1.1556,-0.365
1.1583,-0.39
1.1611,-0.43
1.1639,-0.475
1.1667,-0.495
1.1694,-0.45
1.1722,-0.35
1.175,-0.225
1.1778,-0.095
1.1806,0.06
1.1833,0.29
1.1861,0.555
1.1889,0.78
1.1917,0.915
1.1944,0.925
1.1972,0.81
1.2,0.525
1.2028,0.19
1.2056,-0.135
1.2083,-0.325
1.2111,-0.41
1.2139,-0.39
1.2167,-0.335
1.2194,-0.3
1.2222,-0.295
1.225,-0.295
1.2278,-0.3
1.2306,-0.305
1.2333,-0.3
1.2361,-0.29
1.2389,-0.295
1.2417,-0.295
1.2444,-0.295
1.2472,-0.31
1.25,-0.3
1.2528,-0.285
1.2556,-0.285
1.2583,-0.3
1.2611,-0.3
1.2639,-0.305
1.2667,-0.3
1.2694,-0.295
1.2722,-0.29
1.275,-0.285
1.2778,-0.295
1.2806,-0.295
1.2833,-0.3
1.2861,-0.295
1.2889,-0.29
1.2917,-0.305
1.2944,-0.31
1.2972,-0.32
1.3,-0.315
1.3028,-0.29
1.3056,-0.295
1.3083,-0.3
1.3111,-0.3
1.3139,-0.31
1.3167,-0.3
1.3194,-0.29
1.3222,-0.28
1.325,-0.29
1.3278,-0.3
1.3306,-0.31
1.3333,-0.3
1.3361,-0.29
1.3389,-0.29
1.3417,-0.28
1.3444,-0.29
1.3472,-0.32
1.35,-0.305
1.3528,-0.3
1.3556,-0.295
1.3583,-0.305
1.3611,-0.31
1.3639,-0.31
1.3667,-0.305
1.3694,-0.31
1.3722,-0.29
1.375,-0.295
1.3778,-0.29
1.3806,-0.3
1.3833,-0.295
1.3861,-0.29
1.3889,-0.285
1.3917,-0.295
1.3944,-0.3
1.3972,-0.3
1.4,-0.29
1.4028,-0.285
1.4056,-0.28
1.4083,-0.285
1.4111,-0.295
1.4139,-0.295
1.4167,-0.295
1.4194,-0.285
1.4222,-0.28
1.425,-0.285
1.4278,-0.285
1.4306,-0.3
1.4333,-0.28
1.4361,-0.295
1.4389,-0.285
1.4417,-0.29
1.4444,-0.29
1.4472,-0.305
1.45,-0.305
1.4528,-0.295
1.4556,-0.295
1.4583,-0.3
1.4611,-0.3
1.4639,-0.31
1.4667,-0.305
1.4694,-0.29
1.4722,-0.295
1.475,-0.3
1.4778,-0.3
1.4806,-0.31
1.4833,-0.32
1.4861,-0.3
1.4889,-0.31
1.4917,-0.295
1.4944,-0.305
1.4972,-0.3
1.5,-0.295
1.5028,-0.27
1.5056,-0.26
1.5083,-0.26
1.5111,-0.255
1.5139,-0.265
1.5167,-0.25
1.5194,-0.23
1.5222,-0.225
1.525,-0.22
1.5278,-0.235
1.5306,-0.245
1.5333,-0.235
1.5361,-0.22
1.5389,-0.215
1.5417,-0.21
1.5444,-0.21
1.5472,-0.23
1.55,-0.215
1.5528,-0.21
1.5556,-0.225
1.5583,-0.225
1.5611,-0.24
1.5639,-0.245
1.5667,-0.225
1.5694,-0.23
1.5722,-0.215
1.575,-0.225
1.5778,-0.22
1.5806,-0.235
1.5833,-0.23
1.5861,-0.24
1.5889,-0.225
1.5917,-0.225
1.5944,-0.235
1.5972,-0.245
1.6,-0.235
1.6028,-0.23
1.6056,-0.235
1.6083,-0.235
1.6111,-0.25
1.6139,-0.27
1.6167,-0.25
1.6194,-0.24
1.6222,-0.245
1.625,-0.25
1.6278,-0.255
1.6306,-0.265
1.6333,-0.255
1.6361,-0.255
1.6389,-0.255
1.6417,-0.245
1.6444,-0.25
1.6472,-0.27
1.65,-0.265
1.6528,-0.275
1.6556,-0.255
1.6583,-0.265
1.6611,-0.265
1.6639,-0.28
1.6667,-0.285
1.6694,-0.28
1.6722,-0.275
1.675,-0.28
1.6778,-0.285
1.6806,-0.285
1.6833,-0.27
1.6861,-0.27
1.6889,-0.265
1.6917,-0.27
1.6944,-0.275
1.6972,-0.285
1.7,-0.285
1.7028,-0.285
1.7056,-0.29
1.7083,-0.29
1.7111,-0.29
1.7139,-0.305
1.7167,-0.295
1.7194,-0.285
1.7222,-0.275
1.725,-0.275
1.7278,-0.28
1.7306,-0.29
1.7333,-0.295
1.7361,-0.285
1.7389,-0.27
1.7417,-0.28
1.7444,-0.295
1.7472,-0.29
1.75,-0.295
1.7528,-0.29
1.7556,-0.285
1.7583,-0.285
1.7611,-0.28
1.7639,-0.3
1.7667,-0.285
1.7694,-0.275
1.7722,-0.27
1.775,-0.275
1.7778,-0.285
1.7806,-0.28
1.7833,-0.285
1.7861,-0.27
1.7889,-0.26
1.7917,-0.265
1.7944,-0.275
1.7972,-0.275
1.8,-0.255
1.8028,-0.23
1.8056,-0.225
1.8083,-0.22
1.8111,-0.225
1.8139,-0.235
1.8167,-0.22
1.8194,-0.21
1.8222,-0.195
1.825,-0.19
1.8278,-0.19
1.8306,-0.205
1.8333,-0.195
1.8361,-0.18
1.8389,-0.185
1.8417,-0.185
1.8444,-0.2
1.8472,-0.21
1.85,-0.2
1.8528,-0.185
1.8556,-0.2
1.8583,-0.21
1.8611,-0.21
1.8639,-0.205
1.8667,-0.19
1.8694,-0.185
1.8722,-0.215
1.875,-0.245
1.8778,-0.265
1.8806,-0.285
1.8833,-0.305
1.8861,-0.295
1.8889,-0.29
1.8917,-0.29
1.8944,-0.3
1.8972,-0.31
1.9,-0.3
1.9028,-0.3
1.9056,-0.295
1.9083,-0.3
1.9111,-0.31
1.9139,-0.32
1.9167,-0.31
1.9194,-0.3
1.9222,-0.305
1.925,-0.295
1.9278,-0.32
1.9306,-0.33
1.9333,-0.345
1.9361,-0.345
1.9389,-0.315
1.9417,-0.325
1.9444,-0.34
1.9472,-0.335
1.95,-0.335
1.9528,-0.335
1.9556,-0.32
1.9583,-0.32
1.9611,-0.34
1.9639,-0.395
1.9667,-0.425
1.9694,-0.435
1.9722,-0.46
1.975,-0.515
1.9778,-0.545
1.9806,-0.525
1.9833,-0.405
1.9861,-0.27
1.9889,-0.125
1.9917,0.07
1.9944,0.33
1.9972,0.575
2.0,0.765
2.0028,0.85
2.0056,0.76
2.0083,0.46
2.0111,0.085
2.0139,-0.22
2.0167,-0.39
2.0194,-0.465
2.0222,-0.445
2.025,-0.405
2.0278,-0.4
2.0306,-0.395
2.0333,-0.4
2.0361,-0.38
2.0389,-0.37
2.0417,-0.375
2.0444,-0.38
2.0472,-0.375
2.05,-0.36
2.0528,-0.36
2.0556,-0.345
2.0583,-0.37
2.0611,-0.37
2.0639,-0.365
2.0667,-0.365
2.0694,-0.355
2.0722,-0.345
2.075,-0.355
2.0778,-0.35
2.0806,-0.37
2.0833,-0.365
2.0861,-0.36
2.0889,-0.365
2.0917,-0.37
2.0944,-0.385
2.0972,-0.385
2.1,-0.385
2.1028,-0.38
2.1056,-0.375
2.1083,-0.365
2.1111,-0.375
2.1139,-0.38
2.1167,-0.375
2.1194,-0.38
2.1222,-0.385
2.125,-0.38
2.1278,-0.375
2.1306,-0.375
2.1333,-0.36
2.1361,-0.355
2.1389,-0.355
2.1417,-0.37
2.1444,-0.385
2.1472,-0.385
2.15,-0.385
2.1528,-0.37
2.1556,-0.355
2.1583,-0.36
2.1611,-0.36
2.1639,-0.375
2.1667,-0.365
2.1694,-0.36
2.1722,-0.355
2.175,-0.355
2.1778,-0.36
2.1806,-0.37
2.1833,-0.365
2.1861,-0.37
2.1889,-0.36
2.1917,-0.365
2.1944,-0.375
2.1972,-0.365
2.2,-0.375
2.2028,-0.37
2.2056,-0.37
2.2083,-0.375
2.2111,-0.385
2.2139,-0.39
2.2167,-0.38
2.2194,-0.37
2.2222,-0.37
2.225,-0.385
2.2278,-0.395
2.2306,-0.4
2.2333,-0.395
2.2361,-0.4
2.2389,-0.385
2.2417,-0.39
2.2444,-0.405
2.2472,-0.42
2.25,-0.425
2.2528,-0.43
2.2556,-0.42
2.2583,-0.425
2.2611,-0.43
2.2639,-0.445
2.2667,-0.425
2.2694,-0.4
2.2722,-0.405
2.275,-0.405
2.2778,-0.42
2.2806,-0.435
2.2833,-0.415
2.2861,-0.385
2.2889,-0.38
2.2917,-0.375
2.2944,-0.37
2.2972,-0.36
2.3,-0.335
2.3028,-0.32
2.3056,-0.31
2.3083,-0.305
2.3111,-0.31
2.3139,-0.315
2.3167,-0.305
2.3194,-0.295
2.3222,-0.295
2.325,-0.29
2.3278,-0.29
2.3306,-0.295
2.3333,-0.29
2.3361,-0.285
2.3389,-0.28
2.3417,-0.285
2.3444,-0.31
2.3472,-0.305
2.35,-0.295
2.3528,-0.295
2.3556,-0.295
2.3583,-0.29
2.3611,-0.28
2.3639,-0.295
2.3667,-0.28
2.3694,-0.28
2.3722,-0.27
2.375,-0.29
2.3778,-0.305
2.3806,-0.285
2.3833,-0.285
2.3861,-0.28
2.3889,-0.29
2.3917,-0.285
2.3944,-0.3
2.3972,-0.295
2.4,-0.295
2.4028,-0.295
2.4056,-0.295
2.4083,-0.3
2.4111,-0.32
2.4139,-0.315
2.4167,-0.31
2.4194,-0.3
2.4222,-0.285
2.425,-0.29
2.4278,-0.315
2.4306,-0.32
2.4333,-0.305
2.4361,-0.295
2.4389,-0.29
2.4417,-0.305
2.4444,-0.325
2.4472,-0.33
2.45,-0.325
2.4528,-0.305
2.4556,-0.31
2.4583,-0.31
2.4611,-0.32
2.4639,-0.325
2.4667,-0.335
2.4694,-0.32
2.4722,-0.315
2.475,-0.31
2.4778,-0.325
2.4806,-0.33
2.4833,-0.325
2.4861,-0.32
2.4889,-0.315
2.4917,-0.315
2.4944,-0.32
2.4972,-0.33
2.5,-0.325
2.5028,-0.315
2.5056,-0.315
2.5083,-0.31
2.5111,-0.33
2.5139,-0.325
2.5167,-0.32
2.5194,-0.315
2.5222,-0.315
2.525,-0.325
2.5278,-0.32
2.5306,-0.325
2.5333,-0.325
2.5361,-0.3
2.5389,-0.305
2.5417,-0.315
2.5444,-0.325
2.5472,-0.32
2.55,-0.31
2.5528,-0.305
2.5556,-0.295
2.5583,-0.3
2.5611,-0.315
2.5639,-0.315
2.5667,-0.315
2.5694,-0.305
2.5722,-0.305
2.575,-0.3
2.5778,-0.3
2.5806,-0.305
2.5833,-0.275
2.5861,-0.26
2.5889,-0.25
2.5917,-0.25
2.5944,-0.26
2.5972,-0.27
2.6,-0.255
2.6028,-0.23
2.6056,-0.22
2.6083,-0.21
2.6111,-0.225
2.6139,-0.24
2.6167,-0.225
2.6194,-0.215
2.6222,-0.215
2.625,-0.23
2.6278,-0.24
2.6306,-0.23
2.6333,-0.235
2.6361,-0.225
2.6389,-0.225
2.6417,-0.235
2.6444,-0.26
2.6472,-0.26
2.65,-0.245
2.6528,-0.22
2.6556,-0.22
2.6583,-0.24
2.6611,-0.28
2.6639,-0.295
2.6667,-0.305
2.6694,-0.31
2.6722,-0.32
2.675,-0.32
2.6778,-0.345
2.6806,-0.345
2.6833,-0.34
2.6861,-0.32
2.6889,-0.325
2.6917,-0.33
2.6944,-0.33
2.6972,-0.34
2.7,-0.345
2.7028,-0.34
2.7056,-0.335
2.7083,-0.345
2.7111,-0.34
2.7139,-0.35
2.7167,-0.345
2.7194,-0.335
2.7222,-0.33
2.725,-0.345
2.7278,-0.345
2.7306,-0.355
2.7333,-0.355
2.7361,-0.345
2.7389,-0.345
2.7417,-0.35
2.7444,-0.375
2.7472,-0.41
2.75,-0.45
2.7528,-0.47
2.7556,-0.48
2.7583,-0.52
2.7611,-0.555
2.7639,-0.53
2.7667,-0.41
2.7694,-0.265
2.7722,-0.09
2.775,0.12
2.7778,0.37
2.7806,0.625
2.7833,0.83
2.7861,0.91
2.7889,0.81
2.7917,0.505
2.7944,0.07
2.7972,-0.28
2.8,-0.45
2.8028,-0.47
2.8056,-0.435
2.8083,-0.39
2.8111,-0.375
2.8139,-0.38
2.8167,-0.375
2.8194,-0.375
2.8222,-0.37
2.825,-0.365
2.8278,-0.375
2.8306,-0.385
2.8333,-0.39
2.8361,-0.375
2.8389,-0.375
2.8417,-0.37
2.8444,-0.385
2.8472,-0.39
2.85,-0.375
2.8528,-0.38
2.8556,-0.365
2.8583,-0.375
2.8611,-0.385
2.8639,-0.395
2.8667,-0.385
2.8694,-0.365
2.8722,-0.35
2.875,-0.365
2.8778,-0.355
2.8806,-0.37
2.8833,-0.365
2.8861,-0.36
2.8889,-0.36
2.8917,-0.36
2.8944,-0.37
2.8972,-0.38
2.9,-0.375
2.9028,-0.375
2.9056,-0.375
2.9083,-0.36
2.9111,-0.375
2.9139,-0.385
2.9167,-0.375
2.9194,-0.365
2.9222,-0.37
2.925,-0.36
2.9278,-0.37
2.9306,-0.375
2.9333,-0.38
2.9361,-0.38
2.9389,-0.37
2.9417,-0.37
2.9444,-0.37
2.9472,-0.38
2.95,-0.38
2.9528,-0.375
2.9556,-0.37
2.9583,-0.37
2.9611,-0.375
2.9639,-0.385
2.9667,-0.375
2.9694,-0.37
2.9722,-0.36
2.975,-0.365
2.9778,-0.37
2.9806,-0.39
2.9833,-0.38
2.9861,-0.37
2.9889,-0.37
2.9917,-0.385
2.9944,-0.385
2.9972,-0.405
3.0,-0.39
3.0028,-0.385
3.0056,-0.385
3.0083,-0.385
3.0111,-0.4
3.0139,-0.41
3.0167,-0.41
3.0194,-0.4
3.0222,-0.41
3.025,-0.4
3.0278,-0.415
3.0306,-0.42
3.0333,-0.415
3.0361,-0.405
3.0389,-0.4
3.0417,-0.405
3.0444,-0.41
3.0472,-0.425
3.05,-0.405
3.0528,-0.4
3.0556,-0.385
3.0583,-0.38
3.0611,-0.385
3.0639,-0.37
3.0667,-0.35
3.0694,-0.335
3.0722,-0.32
3.075,-0.315
3.0778,-0.31
3.0806,-0.325
3.0833,-0.305
3.0861,-0.285
3.0889,-0.29
3.0917,-0.27
3.0944,-0.27
3.0972,-0.28
3.1,-0.265
3.1028,-0.255
3.1056,-0.245
3.1083,-0.255
3.1111,-0.265
3.1139,-0.27
3.1167,-0.265
3.1194,-0.25
3.1222,-0.25
3.125,-0.25
3.1278,-0.26
3.1306,-0.27
3.1333,-0.265
3.1361,-0.26
3.1389,-0.26
3.1417,-0.27
3.1444,-0.28
3.1472,-0.28
3.15,-0.275
3.1528,-0.265
3.1556,-0.26
3.1583,-0.265
3.1611,-0.275
3.1639,-0.27
3.1667,-0.265
3.1694,-0.26
3.1722,-0.265
3.175,-0.26
3.1778,-0.275
3.1806,-0.28
3.1833,-0.275
3.1861,-0.26
3.1889,-0.265
3.1917,-0.27
3.1944,-0.28
3.1972,-0.29
3.2,-0.285
3.2028,-0.28
3.2056,-0.275
3.2083,-0.28
3.2111,-0.285
3.2139,-0.305
3.2167,-0.3
3.2194,-0.295
3.2222,-0.28
3.225,-0.29
3.2278,-0.3
3.2306,-0.305
3.2333,-0.295
3.2361,-0.29
3.2389,-0.295
3.2417,-0.295
3.2444,-0.29
3.2472,-0.315
3.25,-0.3
3.2528,-0.29
3.2556,-0.29
3.2583,-0.295
3.2611,-0.3
3.2639,-0.31
3.2667,-0.3
3.2694,-0.295
3.2722,-0.295
3.275,-0.29
3.2778,-0.3
3.2806,-0.295
3.2833,-0.285
3.2861,-0.295
3.2889,-0.285
3.2917,-0.285
3.2944,-0.3
3.2972,-0.3
3.3,-0.295
3.3028,-0.285
3.3056,-0.285
3.3083,-0.285
3.3111,-0.285
3.3139,-0.3
3.3167,-0.29
3.3194,-0.285
3.3222,-0.275
3.325,-0.295
3.3278,-0.29
3.3306,-0.305
3.3333,-0.29
3.3361,-0.285
3.3389,-0.29
3.3417,-0.28
3.3444,-0.305
3.3472,-0.31
3.35,-0.275
3.3528,-0.25
3.3556,-0.235
3.3583,-0.225
3.3611,-0.225
3.3639,-0.235
3.3667,-0.225
3.3694,-0.215
3.3722,-0.195
3.375,-0.195
3.3778,-0.205
3.3806,-0.195
3.3833,-0.19
3.3861,-0.185
3.3889,-0.19
3.3917,-0.185
3.3944,-0.21
3.3972,-0.22
3.4,-0.21
3.4028,-0.215
3.4056,-0.21
3.4083,-0.215
3.4111,-0.22
3.4139,-0.23
3.4167,-0.21
3.4194,-0.18
3.4222,-0.155
3.425,-0.145
3.4278,-0.17
3.4306,-0.2
3.4333,-0.23
3.4361,-0.23
3.4389,-0.245
3.4417,-0.235
3.4444,-0.26
3.4472,-0.275
3.45,-0.28
3.4528,-0.28
3.4556,-0.27
3.4583,-0.285
3.4611,-0.29
3.4639,-0.315
3.4667,-0.305
3.4694,-0.305
3.4722,-0.31
3.475,-0.3
3.4778,-0.31
3.4806,-0.32
3.4833,-0.315
3.4861,-0.325
3.4889,-0.31
3.4917,-0.32
3.4944,-0.33
3.4972,-0.34
3.5,-0.325
3.5028,-0.325
3.5056,-0.32
3.5083,-0.325
3.5111,-0.33
3.5139,-0.34
3.5167,-0.34
3.5194,-0.37
3.5222,-0.41
3.525,-0.435
3.5278,-0.465
3.5306,-0.49
3.5333,-0.53
3.5361,-0.5
3.5389,-0.42
3.5417,-0.265
3.5444,-0.105
3.5472,0.105
3.55,0.375
3.5528,0.68
3.5556,0.9
3.5583,0.99
3.5611,0.9
3.5639,0.57
3.5667,0.11
3.5694,-0.26
3.5722,-0.435
3.575,-0.44
3.5778,-0.39
3.5806,-0.35
3.5833,-0.34
3.5861,-0.35
3.5889,-0.34
3.5917,-0.345
3.5944,-0.34
3.5972,-0.355
3.6,-0.36
3.6028,-0.35
3.6056,-0.35
3.6083,-0.345
3.6111,-0.365
3.6139,-0.37
3.6167,-0.365
3.6194,-0.37
3.6222,-0.36
3.625,-0.365
3.6278,-0.365
3.6306,-0.375
3.6333,-0.365
3.6361,-0.34
3.6389,-0.355
3.6417,-0.355
3.6444,-0.36
3.6472,-0.375
3.65,-0.36
3.6528,-0.355
3.6556,-0.34
3.6583,-0.35
3.6611,-0.36
3.6639,-0.365
3.6667,-0.365
3.6694,-0.355
3.6722,-0.34
3.675,-0.345
3.6778,-0.35
3.6806,-0.365
3.6833,-0.36
3.6861,-0.345
3.6889,-0.345
3.6917,-0.345
3.6944,-0.35
3.6972,-0.365
3.7,-0.35
3.7028,-0.355
3.7056,-0.34
3.7083,-0.355
3.7111,-0.355
3.7139,-0.365
3.7167,-0.36
3.7194,-0.355
3.7222,-0.345
3.725,-0.355
3.7278,-0.365
3.7306,-0.37
3.7333,-0.37
3.7361,-0.37
3.7389,-0.345
3.7417,-0.345
3.7444,-0.37
3.7472,-0.37
3.75,-0.36
3.7528,-0.34
3.7556,-0.335
3.7583,-0.345
3.7611,-0.34
3.7639,-0.355
3.7667,-0.345
3.7694,-0.355
3.7722,-0.35
3.775,-0.355
3.7778,-0.36
3.7806,-0.365
3.7833,-0.355
3.7861,-0.35
3.7889,-0.34
3.7917,-0.34
3.7944,-0.35
3.7972,-0.36
3.8,-0.35
3.8028,-0.35
3.8056,-0.355
3.8083,-0.365
3.8111,-0.36
3.8139,-0.37
3.8167,-0.365
3.8194,-0.355
3.8222,-0.355
3.825,-0.335
3.8278,-0.35
3.8306,-0.35
3.8333,-0.34
3.8361,-0.335
3.8389,-0.315
3.8417,-0.31
3.8444,-0.31
3.8472,-0.3
3.85,-0.29
3.8528,-0.28
3.8556,-0.265
3.8583,-0.265
3.8611,-0.265
3.8639,-0.27
3.8667,-0.255
3.8694,-0.25
3.8722,-0.245
3.875,-0.25
3.8778,-0.25
3.8806,-0.255
3.8833,-0.25
3.8861,-0.25
3.8889,-0.24
3.8917,-0.25
3.8944,-0.26
3.8972,-0.255
3.9,-0.265
3.9028,-0.25
3.9056,-0.23
3.9083,-0.235
3.9111,-0.245
3.9139,-0.26
3.9167,-0.265
3.9194,-0.25
3.9222,-0.245
3.925,-0.25
3.9278,-0.26
3.9306,-0.265
3.9333,-0.265
3.9361,-0.27
3.9389,-0.26
3.9417,-0.27
3.9444,-0.275
3.9472,-0.29
3.95,-0.275
3.9528,-0.265
3.9556,-0.26
3.9583,-0.255
3.9611,-0.27
3.9639,-0.285
3.9667,-0.29
3.9694,-0.27
3.9722,-0.27
3.975,-0.28
3.9778,-0.275
3.9806,-0.29
3.9833,-0.29
3.9861,-0.28
3.9889,-0.28
3.9917,-0.28
3.9944,-0.285
3.9972,-0.31
4.0,-0.3
4.0028,-0.295
4.0056,-0.28
4.0083,-0.285
4.0111,-0.305
4.0139,-0.315
4.0167,-0.305
4.0194,-0.305
4.0222,-0.295
4.025,-0.285
4.0278,-0.305
4.0306,-0.32
4.0333,-0.32
4.0361,-0.3
4.0389,-0.3
4.0417,-0.3
4.0444,-0.305
4.0472,-0.315
4.05,-0.31
4.0528,-0.295
4.0556,-0.275
4.0583,-0.29
4.0611,-0.295
4.0639,-0.31
4.0667,-0.3
4.0694,-0.295
4.0722,-0.29
4.075,-0.29
4.0778,-0.295
4.0806,-0.31
4.0833,-0.285
4.0861,-0.29
4.0889,-0.29
4.0917,-0.285
4.0944,-0.295
4.0972,-0.305
4.1,-0.31
4.1028,-0.3
4.1056,-0.28
4.1083,-0.285
4.1111,-0.295
4.1139,-0.3
4.1167,-0.29
4.1194,-0.3
4.1222,-0.275
4.125,-0.27
4.1278,-0.265
4.1306,-0.26
4.1333,-0.26
4.1361,-0.235
4.1389,-0.205
4.1417,-0.205
4.1444,-0.215
4.1472,-0.235
4.15,-0.215
4.1528,-0.195
4.1556,-0.185
4.1583,-0.175
4.1611,-0.18
4.1639,-0.18
4.1667,-0.19
4.1694,-0.175
4.1722,-0.175
4.175,-0.19
4.1778,-0.195
4.1806,-0.21
4.1833,-0.195
4.1861,-0.19
4.1889,-0.19
4.1917,-0.195
4.1944,-0.21
4.1972,-0.215
4.2,-0.195
4.2028,-0.17
4.2056,-0.175
4.2083,-0.205
4.2111,-0.23
4.2139,-0.245
4.2167,-0.245
4.2194,-0.245
4.2222,-0.26
4.225,-0.265
4.2278,-0.285
4.2306,-0.295
4.2333,-0.295
4.2361,-0.295
4.2389,-0.305
4.2417,-0.305
4.2444,-0.315
4.2472,-0.315
4.25,-0.32
4.2528,-0.315
4.2556,-0.305
4.2583,-0.305
4.2611,-0.315
4.2639,-0.32
4.2667,-0.315
4.2694,-0.315
4.2722,-0.295
4.275,-0.315
4.2778,-0.31
4.2806,-0.325
4.2833,-0.325
4.2861,-0.315
4.2889,-0.305
4.2917,-0.305
4.2944,-0.315
4.2972,-0.33
4.3,-0.33
4.3028,-0.34
4.3056,-0.365
4.3083,-0.425
4.3111,-0.45
4.3139,-0.47
4.3167,-0.51
4.3194,-0.535
4.3222,-0.49
4.325,-0.4
4.3278,-0.27
4.3306,-0.115
4.3333,0.095
4.3361,0.37
4.3389,0.645
4.3417,0.83
4.3444,0.875
4.3472,0.76
4.35,0.465
4.3528,0.075
4.3556,-0.25
4.3583,-0.415
4.3611,-0.44
4.3639,-0.41
4.3667,-0.365
4.3694,-0.34
4.3722,-0.34
4.375,-0.35
4.3778,-0.345
4.3806,-0.365
4.3833,-0.355
4.3861,-0.36
4.3889,-0.34
4.3917,-0.33
4.3944,-0.345
4.3972,-0.36
4.4,-0.36
4.4028,-0.345
4.4056,-0.345
4.4083,-0.36
4.4111,-0.355
4.4139,-0.37
4.4167,-0.355
4.4194,-0.35
4.4222,-0.335
4.425,-0.335
4.4278,-0.345
4.4306,-0.355
4.4333,-0.34
4.4361,-0.34
4.4389,-0.325
4.4417,-0.335
4.4444,-0.355
4.4472,-0.36
4.45,-0.36
4.4528,-0.345
4.4556,-0.345
4.4583,-0.335
4.4611,-0.345
4.4639,-0.36
4.4667,-0.345
4.4694,-0.335
4.4722,-0.335
4.475,-0.33
4.4778,-0.35
4.4806,-0.365
4.4833,-0.35
4.4861,-0.345
4.4889,-0.325
4.4917,-0.335
4.4944,-0.345
4.4972,-0.365
4.5,-0.355
4.5028,-0.355
4.5056,-0.35
4.5083,-0.345
4.5111,-0.345
4.5139,-0.345
4.5167,-0.335
4.5194,-0.33
4.5222,-0.32
4.525,-0.33
4.5278,-0.325
4.5306,-0.34
4.5333,-0.33
4.5361,-0.33
4.5389,-0.32
4.5417,-0.325
4.5444,-0.345
4.5472,-0.345
4.55,-0.345
4.5528,-0.345
4.5556,-0.325
4.5583,-0.34
4.5611,-0.335
4.5639,-0.345
4.5667,-0.335
4.5694,-0.335
4.5722,-0.34
4.575,-0.325
4.5778,-0.34
4.5806,-0.35
4.5833,-0.355
4.5861,-0.345
4.5889,-0.335
4.5917,-0.335
4.5944,-0.345
4.5972,-0.355
4.6,-0.355
4.6028,-0.35
4.6056,-0.335
4.6083,-0.345
4.6111,-0.35
4.6139,-0.37
4.6167,-0.36
4.6194,-0.35
4.6222,-0.335
4.625,-0.33
4.6278,-0.34
4.6306,-0.345
4.6333,-0.33
4.6361,-0.32
4.6389,-0.31
4.6417,-0.3
4.6444,-0.305
4.6472,-0.295
4.65,-0.285
4.6528,-0.275
4.6556,-0.275
4.6583,-0.26
4.6611,-0.265
4.6639,-0.28
4.6667,-0.27
4.6694,-0.26
4.6722,-0.25
4.675,-0.255
4.6778,-0.255
4.6806,-0.26
4.6833,-0.26
4.6861,-0.25
4.6889,-0.24
4.6917,-0.255
4.6944,-0.255
4.6972,-0.27
4.7,-0.26
4.7028,-0.255
4.7056,-0.255
4.7083,-0.245
4.7111,-0.25
4.7139,-0.265
4.7167,-0.265
4.7194,-0.245
4.7222,-0.255
4.725,-0.255
4.7278,-0.255
4.7306,-0.265
4.7333,-0.265
4.7361,-0.26
4.7389,-0.26
4.7417,-0.255
4.7444,-0.27
4.7472,-0.28
4.75,-0.285
4.7528,-0.27
4.7556,-0.255
4.7583,-0.26
4.7611,-0.275
4.7639,-0.295
4.7667,-0.295
4.7694,-0.28
4.7722,-0.285
4.775,-0.27
4.7778,-0.29
4.7806,-0.29
4.7833,-0.285
4.7861,-0.29
4.7889,-0.285
4.7917,-0.29
4.7944,-0.305
4.7972,-0.31
4.8,-0.29
4.8028,-0.29
4.8056,-0.295
4.8083,-0.3
4.8111,-0.315
4.8139,-0.32
4.8167,-0.315
4.8194,-0.305
4.8222,-0.295
4.825,-0.29
4.8278,-0.3
4.8306,-0.305
4.8333,-0.31
4.8361,-0.29
4.8389,-0.29
4.8417,-0.295
4.8444,-0.31
4.8472,-0.32
4.85,-0.32
4.8528,-0.315
4.8556,-0.31
4.8583,-0.295
4.8611,-0.295
4.8639,-0.31
4.8667,-0.31
4.8694,-0.3
4.8722,-0.295
4.875,-0.285
4.8778,-0.29
4.8806,-0.31
4.8833,-0.305
4.8861,-0.3
4.8889,-0.28
4.8917,-0.3
4.8944,-0.31
4.8972,-0.32
4.9,-0.315
4.9028,-0.305
4.9056,-0.3
4.9083,-0.31
4.9111,-0.3
4.9139,-0.305
4.9167,-0.29
4.9194,-0.285
4.9222,-0.26
4.925,-0.255
4.9278,-0.25
4.9306,-0.255
4.9333,-0.245
4.9361,-0.24
4.9389,-0.23
4.9417,-0.22
4.9444,-0.225
4.9472,-0.22
4.95,-0.21
4.9528,-0.2
4.9556,-0.19
4.9583,-0.195
4.9611,-0.205
4.9639,-0.23
4.9667,-0.21
4.9694,-0.2
4.9722,-0.205
4.975,-0.215
4.9778,-0.215
4.9806,-0.225
4.9833,-0.225
4.9861,-0.225
4.9889,-0.21
4.9917,-0.21
4.9944,-0.2
4.9972,-0.2
5.0,-0.22
5.0028,-0.22
5.0056,-0.23
5.0083,-0.24
5.0111,-0.255
5.0139,-0.27
5.0167,-0.28
5.0194,-0.28
5.0222,-0.285
5.025,-0.3
5.0278,-0.31
5.0306,-0.32
5.0333,-0.31
5.0361,-0.315
5.0389,-0.32
5.0417,-0.31
5.0444,-0.32
5.0472,-0.33
5.05,-0.33
5.0528,-0.325
5.0556,-0.315
5.0583,-0.32
5.0611,-0.32
5.0639,-0.335
5.0667,-0.345
5.0694,-0.335
5.0722,-0.32
5.075,-0.335
5.0778,-0.335
5.0806,-0.35
5.0833,-0.34
5.0861,-0.33
5.0889,-0.325
5.0917,-0.34
5.0944,-0.33
5.0972,-0.355
5.1,-0.345
5.1028,-0.345
5.1056,-0.365
5.1083,-0.39
5.1111,-0.425
5.1139,-0.445
5.1167,-0.485
5.1194,-0.53
5.1222,-0.545
5.125,-0.51
5.1278,-0.43
5.1306,-0.31
5.1333,-0.18
5.1361,-0.015
5.1389,0.21
5.1417,0.46
5.1444,0.685
5.1472,0.825
5.15,0.885
5.1528,0.785
5.1556,0.515
5.1583,0.17
5.1611,-0.155
5.1639,-0.35
5.1667,-0.435
5.1694,-0.455
5.1722,-0.425
5.175,-0.39
5.1778,-0.38
5.1806,-0.365
5.1833,-0.37
5.1861,-0.37
5.1889,-0.35
5.1917,-0.355
5.1944,-0.37
5.1972,-0.375
5.2,-0.385
5.2028,-0.365
5.2056,-0.365
5.2083,-0.365
5.2111,-0.375
5.2139,-0.365
5.2167,-0.37
5.2194,-0.36
5.2222,-0.36
5.225,-0.37
5.2278,-0.375
5.2306,-0.38
5.2333,-0.365
5.2361,-0.37
5.2389,-0.345
5.2417,-0.35
5.2444,-0.355
5.2472,-0.37
5.25,-0.37
5.2528,-0.365
5.2556,-0.36
5.2583,-0.36
5.2611,-0.355
5.2639,-0.36
5.2667,-0.365
5.2694,-0.355
5.2722,-0.365
5.275,-0.37
5.2778,-0.375
5.2806,-0.37
5.2833,-0.37
5.2861,-0.355
5.2889,-0.345
5.2917,-0.36
5.2944,-0.365
5.2972,-0.375
5.3,-0.37
5.3028,-0.37
5.3056,-0.37
5.3083,-0.375
5.3111,-0.375
5.3139,-0.38
5.3167,-0.375
5.3194,-0.37
5.3222,-0.36
5.325,-0.365
5.3278,-0.375
5.3306,-0.38
5.3333,-0.365
5.3361,-0.355
5.3389,-0.355
5.3417,-0.36
5.3444,-0.365
5.3472,-0.375
5.35,-0.365
5.3528,-0.365
5.3556,-0.35
5.3583,-0.345
5.3611,-0.35
5.3639,-0.37
5.3667,-0.37
5.3694,-0.36
5.3722,-0.345
5.375,-0.34
5.3778,-0.35
5.3806,-0.37
5.3833,-0.36
5.3861,-0.355
5.3889,-0.355
5.3917,-0.36
5.3944,-0.37
5.3972,-0.39
5.4,-0.385
5.4028,-0.38
5.4056,-0.375
5.4083,-0.385
5.4111,-0.41
5.4139,-0.415
5.4167,-0.405
5.4194,-0.4
5.4222,-0.4
5.425,-0.395
5.4278,-0.4
5.4306,-0.42
5.4333,-0.42
5.4361,-0.415
5.4389,-0.42
5.4417,-0.42
5.4444,-0.43
5.4472,-0.435
5.45,-0.415
5.4528,-0.405
5.4556,-0.39
5.4583,-0.375
5.4611,-0.385
5.4639,-0.375
5.4667,-0.365
5.4694,-0.345
5.4722,-0.335
5.475,-0.325
5.4778,-0.325
5.4806,-0.32
5.4833,-0.305
5.4861,-0.29
5.4889,-0.28
5.4917,-0.285
5.4944,-0.285
5.4972,-0.28
5.5,-0.285
5.5028,-0.27
5.5056,-0.26
5.5083,-0.265
5.5111,-0.27
5.5139,-0.28
5.5167,-0.28
5.5194,-0.265
5.5222,-0.265
5.525,-0.265
5.5278,-0.255
5.5306,-0.275
5.5333,-0.27
5.5361,-0.265
5.5389,-0.255
5.5417,-0.265
5.5444,-0.27
5.5472,-0.28
5.55,-0.285
5.5528,-0.27
5.5556,-0.26
5.5583,-0.265
5.5611,-0.275
5.5639,-0.285
5.5667,-0.275
5.5694,-0.27
5.5722,-0.27
5.575,-0.265
5.5778,-0.275
5.5806,-0.295
5.5833,-0.29
5.5861,-0.28
5.5889,-0.27
5.5917,-0.275
5.5944,-0.28
5.5972,-0.3
5.6,-0.29
5.6028,-0.28
5.6056,-0.285
5.6083,-0.285
5.6111,-0.285
5.6139,-0.295
5.6167,-0.3
5.6194,-0.295
5.6222,-0.29
5.625,-0.29
5.6278,-0.3
5.6306,-0.305
5.6333,-0.305
5.6361,-0.295
5.6389,-0.305
5.6417,-0.295
5.6444,-0.305
5.6472,-0.31
5.65,-0.32
5.6528,-0.3
5.6556,-0.295
5.6583,-0.3
5.6611,-0.305
5.6639,-0.31
5.6667,-0.31
5.6694,-0.3
5.6722,-0.3
5.675,-0.295
5.6778,-0.3
5.6806,-0.31
5.6833,-0.305
5.6861,-0.3
5.6889,-0.3
5.6917,-0.295
5.6944,-0.305
5.6972,-0.315
5.7,-0.31
5.7028,-0.305
5.7056,-0.3
5.7083,-0.285
5.7111,-0.295
5.7139,-0.315
5.7167,-0.3
5.7194,-0.305
5.7222,-0.295
5.725,-0.295
5.7278,-0.305
5.7306,-0.31
5.7333,-0.3
5.7361,-0.295
5.7389,-0.28
5.7417,-0.29
5.7444,-0.29
5.7472,-0.305
5.75,-0.295
5.7528,-0.3
5.7556,-0.285
5.7583,-0.275
5.7611,-0.275
5.7639,-0.27
5.7667,-0.265
5.7694,-0.235
5.7722,-0.225
5.775,-0.23
5.7778,-0.235
5.7806,-0.245
5.7833,-0.24
5.7861,-0.23
5.7889,-0.205
5.7917,-0.215
5.7944,-0.2
5.7972,-0.2
5.8,-0.185
5.8028,-0.19
5.8056,-0.185
5.8083,-0.195
5.8111,-0.2
5.8139,-0.215
5.8167,-0.22
5.8194,-0.215
5.8222,-0.195
5.825,-0.195
5.8278,-0.215
5.8306,-0.22
5.8333,-0.225
5.8361,-0.195
5.8389,-0.17
5.8417,-0.175
5.8444,-0.2
5.8472,-0.235
5.85,-0.25
5.8528,-0.25
5.8556,-0.26
5.8583,-0.27
5.8611,-0.295
5.8639,-0.305
5.8667,-0.3
5.8694,-0.29
5.8722,-0.285
5.875,-0.29
5.8778,-0.31
5.8806,-0.33
5.8833,-0.32
5.8861,-0.32
5.8889,-0.315
5.8917,-0.31
5.8944,-0.33
5.8972,-0.325
5.9,-0.315
5.9028,-0.32
5.9056,-0.305
5.9083,-0.315
5.9111,-0.325
5.9139,-0.345
5.9167,-0.335
5.9194,-0.33
5.9222,-0.31
5.925,-0.32
5.9278,-0.335
5.9306,-0.335
5.9333,-0.34
5.9361,-0.33
5.9389,-0.32
5.9417,-0.32
5.9444,-0.335
5.9472,-0.37
5.95,-0.405
5.9528,-0.44
5.9556,-0.435
5.9583,-0.47
5.9611,-0.52
5.9639,-0.545
5.9667,-0.5
5.9694,-0.385
5.9722,-0.235
5.975,-0.09
5.9778,0.085
5.9806,0.315
5.9833,0.585
5.9861,0.79
5.9889,0.905
5.9917,0.925
5.9944,0.77
5.9972,0.44
6.0,0.045
6.0028,-0.265
6.0056,-0.41
6.0083,-0.47
6.0111,-0.445
6.0139,-0.415
6.0167,-0.375
6.0194,-0.355
6.0222,-0.355
6.025,-0.355
6.0278,-0.36
6.0306,-0.365
6.0333,-0.365
6.0361,-0.36
6.0389,-0.35
6.0417,-0.345
6.0444,-0.36
6.0472,-0.38
6.05,-0.38
6.0528,-0.375
6.0556,-0.36
6.0583,-0.37
6.0611,-0.37
6.0639,-0.385
6.0667,-0.37
6.0694,-0.365
6.0722,-0.37
6.075,-0.355
6.0778,-0.37
6.0806,-0.38
6.0833,-0.37
6.0861,-0.36
6.0889,-0.35
6.0917,-0.35
6.0944,-0.365
6.0972,-0.37
6.1,-0.37
6.1028,-0.355
6.1056,-0.36
6.1083,-0.355
6.1111,-0.37
6.1139,-0.375
6.1167,-0.365
6.1194,-0.36
6.1222,-0.36
6.125,-0.35
6.1278,-0.365
6.1306,-0.375
6.1333,-0.365
6.1361,-0.355
6.1389,-0.36
6.1417,-0.355
6.1444,-0.365
6.1472,-0.37
6.15,-0.365
6.1528,-0.355
6.1556,-0.345
6.1583,-0.34
6.1611,-0.355
6.1639,-0.36
6.1667,-0.375
6.1694,-0.365
6.1722,-0.345
6.175,-0.36
6.1778,-0.365
6.1806,-0.365
6.1833,-0.365
6.1861,-0.36
6.1889,-0.355
6.1917,-0.355
6.1944,-0.345
6.1972,-0.365
6.2,-0.35
6.2028,-0.355
6.2056,-0.345
6.2083,-0.34
6.2111,-0.35
6.2139,-0.36
6.2167,-0.36
6.2194,-0.35
6.2222,-0.345
6.225,-0.35
6.2278,-0.355
6.2306,-0.365
6.2333,-0.37
6.2361,-0.365
6.2389,-0.36
6.2417,-0.36
6.2444,-0.38
6.2472,-0.39
6.25,-0.405
6.2528,-0.385
6.2556,-0.375
6.2583,-0.375
6.2611,-0.385
6.2639,-0.39
6.2667,-0.39
6.2694,-0.385
6.2722,-0.37
6.275,-0.38
6.2778,-0.385
6.2806,-0.385
6.2833,-0.38
6.2861,-0.37
6.2889,-0.365
6.2917,-0.365
6.2944,-0.365
6.2972,-0.35
6.3,-0.345
6.3028,-0.33
6.3056,-0.31
6.3083,-0.3
6.3111,-0.3
6.3139,-0.305
6.3167,-0.29
6.3194,-0.275
6.3222,-0.26
6.325,-0.255
6.3278,-0.26
6.3306,-0.28
6.3333,-0.26
6.3361,-0.245
6.3389,-0.235
6.3417,-0.23
6.3444,-0.235
6.3472,-0.245
6.35,-0.24
6.3528,-0.225
6.3556,-0.23
6.3583,-0.225
6.3611,-0.23
6.3639,-0.24
6.3667,-0.24
6.3694,-0.23
6.3722,-0.225
6.375,-0.23
6.3778,-0.24
6.3806,-0.245
6.3833,-0.235
6.3861,-0.23
6.3889,-0.225
6.3917,-0.23
6.3944,-0.235
6.3972,-0.255
6.4,-0.26
6.4028,-0.245
6.4056,-0.24
6.4083,-0.235
6.4111,-0.24
6.4139,-0.25
6.4167,-0.24
6.4194,-0.235
6.4222,-0.23
6.425,-0.235
6.4278,-0.255
6.4306,-0.26
6.4333,-0.26
6.4361,-0.25
6.4389,-0.24
6.4417,-0.245
6.4444,-0.25
6.4472,-0.265
6.45,-0.265
6.4528,-0.25
6.4556,-0.24
6.4583,-0.26
6.4611,-0.265
6.4639,-0.28
6.4667,-0.27
6.4694,-0.27
6.4722,-0.255
6.475,-0.265
6.4778,-0.265
6.4806,-0.29
6.4833,-0.28
6.4861,-0.27
6.4889,-0.265
6.4917,-0.265
6.4944,-0.27
6.4972,-0.275
6.5,-0.27
6.5028,-0.265
6.5056,-0.275
6.5083,-0.28
6.5111,-0.285
6.5139,-0.285
6.5167,-0.295
6.5194,-0.28
6.5222,-0.275
6.525,-0.26
6.5278,-0.275
6.5306,-0.29
6.5333,-0.29
6.5361,-0.28
6.5389,-0.27
6.5417,-0.265
6.5444,-0.275
6.5472,-0.29
6.55,-0.285
6.5528,-0.275
6.5556,-0.27
6.5583,-0.28
6.5611,-0.275
6.5639,-0.275
6.5667,-0.275
6.5694,-0.27
6.5722,-0.255
6.575,-0.255
6.5778,-0.255
6.5806,-0.275
6.5833,-0.285
6.5861,-0.265
6.5889,-0.25
6.5917,-0.26
6.5944,-0.26
6.5972,-0.265
6.6,-0.235
6.6028,-0.22
6.6056,-0.2
6.6083,-0.205
6.6111,-0.2
6.6139,-0.215
6.6167,-0.2
6.6194,-0.2
6.6222,-0.185
6.625,-0.17
6.6278,-0.165
6.6306,-0.155
6.6333,-0.165
6.6361,-0.155
6.6389,-0.15
6.6417,-0.16
6.6444,-0.16
6.6472,-0.175
6.65,-0.18
6.6528,-0.18
6.6556,-0.175
6.6583,-0.175
6.6611,-0.18
6.6639,-0.195
6.6667,-0.19
6.6694,-0.19
6.6722,-0.18
6.675,-0.165
6.6778,-0.145
6.6806,-0.16
6.6833,-0.175
6.6861,-0.19
6.6889,-0.215
6.6917,-0.23
6.6944,-0.245
6.6972,-0.265
6.7,-0.275
6.7028,-0.28
6.7056,-0.27
6.7083,-0.28
6.7111,-0.295
6.7139,-0.29
6.7167,-0.295
6.7194,-0.295
6.7222,-0.29
6.725,-0.29
6.7278,-0.295
6.7306,-0.31
6.7333,-0.305
6.7361,-0.295
6.7389,-0.29
6.7417,-0.3
6.7444,-0.305
6.7472,-0.31
6.75,-0.305
6.7528,-0.29
6.7556,-0.285
6.7583,-0.3
6.7611,-0.31
6.7639,-0.32
6.7667,-0.325
6.7694,-0.34
6.7722,-0.365
6.775,-0.405
6.7778,-0.44
6.7806,-0.46
6.7833,-0.495
6.7861,-0.52
6.7889,-0.485
6.7917,-0.405
6.7944,-0.285
6.7972,-0.15
6.8,0.01
6.8028,0.205
6.8056,0.49
6.8083,0.745
6.8111,0.925
6.8139,0.99
6.8167,0.95
6.8194,0.735
6.8222,0.365
6.825,-0.035
6.8278,-0.32
6.8306,-0.435
6.8333,-0.455
6.8361,-0.44
6.8389,-0.415
6.8417,-0.4
6.8444,-0.375
6.8472,-0.345
6.85,-0.34
6.8528,-0.325
6.8556,-0.325
6.8583,-0.35
6.8611,-0.345
6.8639,-0.345
6.8667,-0.335
6.8694,-0.33
6.8722,-0.325
6.875,-0.33
6.8778,-0.34
6.8806,-0.35
6.8833,-0.35
6.8861,-0.335
6.8889,-0.335
6.8917,-0.335
6.8944,-0.35
6.8972,-0.36
6.9,-0.345
6.9028,-0.345
6.9056,-0.35
6.9083,-0.335
6.9111,-0.335
6.9139,-0.35
6.9167,-0.335
6.9194,-0.33
6.9222,-0.32
6.925,-0.325
6.9278,-0.335
6.9306,-0.335
6.9333,-0.335
6.9361,-0.335
6.9389,-0.33
6.9417,-0.335
6.9444,-0.33
6.9472,-0.345
6.95,-0.34
6.9528,-0.33
6.9556,-0.32
6.9583,-0.33
6.9611,-0.325
6.9639,-0.345
6.9667,-0.34
6.9694,-0.33
6.9722,-0.325
6.975,-0.325
6.9778,-0.325
6.9806,-0.34
6.9833,-0.33
6.9861,-0.32
6.9889,-0.32
6.9917,-0.325
6.9944,-0.335
6.9972,-0.34
7.0,-0.33
7.0028,-0.32
7.0056,-0.31
7.0083,-0.315
7.0111,-0.32
7.0139,-0.33
7.0167,-0.32
7.0194,-0.32
7.0222,-0.32
7.025,-0.31
7.0278,-0.325
7.0306,-0.32
7.0333,-0.33
7.0361,-0.315
7.0389,-0.31
7.0417,-0.31
7.0444,-0.33
7.0472,-0.345
7.05,-0.345
7.0528,-0.33
7.0556,-0.33
7.0583,-0.325
7.0611,-0.33
7.0639,-0.335
7.0667,-0.325
7.0694,-0.33
7.0722,-0.315
7.075,-0.325
7.0778,-0.325
7.0806,-0.35
7.0833,-0.345
7.0861,-0.335
7.0889,-0.315
7.0917,-0.33
7.0944,-0.325
7.0972,-0.345
7.1,-0.345
7.1028,-0.335
7.1056,-0.33
7.1083,-0.33
7.1111,-0.335
7.1139,-0.34
7.1167,-0.345
7.1194,-0.315
7.1222,-0.295
7.125,-0.295
7.1278,-0.29
7.1306,-0.29
7.1333,-0.275
7.1361,-0.265
7.1389,-0.265
7.1417,-0.245
7.1444,-0.25
7.1472,-0.26
7.15,-0.25
7.1528,-0.24
7.1556,-0.225
7.1583,-0.23
7.1611,-0.23
7.1639,-0.24
7.1667,-0.235
7.1694,-0.225
7.1722,-0.22
7.175,-0.22
7.1778,-0.225
7.1806,-0.245
7.1833,-0.24
7.1861,-0.23
7.1889,-0.23
7.1917,-0.22
7.1944,-0.23
7.1972,-0.24
7.2,-0.235
7.2028,-0.225
7.2056,-0.23
7.2083,-0.22
7.2111,-0.235
7.2139,-0.245
7.2167,-0.24
7.2194,-0.235
7.2222,-0.235
7.225,-0.24
7.2278,-0.25
7.2306,-0.25
7.2333,-0.25
7.2361,-0.245
7.2389,-0.245
7.2417,-0.245
7.2444,-0.255
7.2472,-0.265
7.25,-0.265
7.2528,-0.245
7.2556,-0.24
7.2583,-0.25
7.2611,-0.255
7.2639,-0.27
7.2667,-0.265
7.2694,-0.265
7.2722,-0.255
7.275,-0.27
7.2778,-0.27
7.2806,-0.285
7.2833,-0.275
7.2861,-0.265
7.2889,-0.26
7.2917,-0.265
7.2944,-0.275
7.2972,-0.28
7.3,-0.29
7.3028,-0.28
7.3056,-0.27
7.3083,-0.28
7.3111,-0.28
7.3139,-0.29
7.3167,-0.295
7.3194,-0.27
7.3222,-0.265
7.325,-0.275
7.3278,-0.27
7.3306,-0.28
7.3333,-0.28
7.3361,-0.275
7.3389,-0.275
7.3417,-0.29
7.3444,-0.29
7.3472,-0.305
7.35,-0.29
7.3528,-0.28
7.3556,-0.27
7.3583,-0.27
7.3611,-0.28
7.3639,-0.275
7.3667,-0.28
7.3694,-0.275
7.3722,-0.26
7.375,-0.265
7.3778,-0.285
7.3806,-0.28
7.3833,-0.28
7.3861,-0.26
7.3889,-0.26
7.3917,-0.265
7.3944,-0.265
7.3972,-0.265
7.4,-0.28
7.4028,-0.265
7.4056,-0.26
7.4083,-0.27
7.4111,-0.27
7.4139,-0.265
7.4167,-0.235
7.4194,-0.215
7.4222,-0.195
7.425,-0.2
7.4278,-0.205
7.4306,-0.21
7.4333,-0.19
7.4361,-0.175
7.4389,-0.17
7.4417,-0.165
7.4444,-0.17
7.4472,-0.17
7.45,-0.155
7.4528,-0.155
7.4556,-0.155
7.4583,-0.175
7.4611,-0.175
7.4639,-0.18
7.4667,-0.185
7.4694,-0.17
7.4722,-0.175
7.475,-0.165
7.4778,-0.175
7.4806,-0.195
7.4833,-0.205
7.4861,-0.19
7.4889,-0.15
7.4917,-0.14
7.4944,-0.16
7.4972,-0.195
7.5,-0.22
7.5028,-0.225
7.5056,-0.24
7.5083,-0.26
7.5111,-0.275
7.5139,-0.285
7.5167,-0.285
7.5194,-0.28
7.5222,-0.275
7.525,-0.27
7.5278,-0.275
7.5306,-0.285
7.5333,-0.29
7.5361,-0.285
7.5389,-0.29
7.5417,-0.29
7.5444,-0.31
7.5472,-0.31
7.55,-0.305
7.5528,-0.295
7.5556,-0.285
7.5583,-0.28
7.5611,-0.295
7.5639,-0.31
7.5667,-0.32
7.5694,-0.305
7.5722,-0.29
7.575,-0.295
7.5778,-0.315
7.5806,-0.32
7.5833,-0.335
7.5861,-0.365
7.5889,-0.37
7.5917,-0.41
7.5944,-0.435
7.5972,-0.46
7.6,-0.505
7.6028,-0.515
7.6056,-0.46
7.6083,-0.355
7.6111,-0.215
7.6139,-0.045
7.6167,0.2
7.6194,0.49
7.6222,0.73
7.625,0.875
7.6278,0.88
7.6306,0.7
7.6333,0.335
7.6361,-0.045
7.6389,-0.3
7.6417,-0.4
7.6444,-0.42
7.6472,-0.395
7.65,-0.36
7.6528,-0.335
7.6556,-0.325
7.6583,-0.325
7.6611,-0.315
7.6639,-0.33
7.6667,-0.335
7.6694,-0.33
7.6722,-0.33
7.675,-0.325
7.6778,-0.335
7.6806,-0.35
7.6833,-0.34
7.6861,-0.34
7.6889,-0.33
7.6917,-0.325
7.6944,-0.345
7.6972,-0.35
7.7,-0.345
7.7028,-0.335
7.7056,-0.325
7.7083,-0.335
7.7111,-0.345
7.7139,-0.36
7.7167,-0.345
7.7194,-0.345
7.7222,-0.33
7.725,-0.335
7.7278,-0.34
7.7306,-0.355
7.7333,-0.34
7.7361,-0.345
7.7389,-0.33
7.7417,-0.33
7.7444,-0.34
7.7472,-0.35
7.75,-0.355
7.7528,-0.35
7.7556,-0.335
7.7583,-0.345
7.7611,-0.35
7.7639,-0.36
7.7667,-0.355
7.7694,-0.34
7.7722,-0.345
7.775,-0.345
7.7778,-0.345
7.7806,-0.36
7.7833,-0.35
7.7861,-0.345
7.7889,-0.33
7.7917,-0.33
7.7944,-0.345
7.7972,-0.345
7.8,-0.345
7.8028,-0.345
7.8056,-0.325
7.8083,-0.33
7.8111,-0.34
7.8139,-0.36
7.8167,-0.35
7.8194,-0.345
7.8222,-0.33
7.825,-0.33
7.8278,-0.335
7.8306,-0.345
7.8333,-0.35
7.8361,-0.34
7.8389,-0.335
7.8417,-0.345
7.8444,-0.36
7.8472,-0.37
7.85,-0.36
7.8528,-0.36
7.8556,-0.33
7.8583,-0.345
7.8611,-0.365
7.8639,-0.37
7.8667,-0.36
7.8694,-0.37
7.8722,-0.365
7.875,-0.365
7.8778,-0.38
7.8806,-0.38
7.8833,-0.38
7.8861,-0.365
7.8889,-0.365
7.8917,-0.365
7.8944,-0.365
7.8972,-0.375
7.9,-0.385
7.9028,-0.385
7.9056,-0.365
7.9083,-0.365
7.9111,-0.37
7.9139,-0.37
7.9167,-0.36
7.9194,-0.34
7.9222,-0.32
7.925,-0.31
7.9278,-0.305
7.9306,-0.31
7.9333,-0.295
7.9361,-0.3
7.9389,-0.295
7.9417,-0.275
7.9444,-0.275
7.9472,-0.285
7.95,-0.29
7.9528,-0.27
7.9556,-0.26
7.9583,-0.26
7.9611,-0.275
7.9639,-0.28
7.9667,-0.285
7.9694,-0.265
7.9722,-0.275
7.975,-0.27
7.9778,-0.27
7.9806,-0.285
7.9833,-0.29
7.9861,-0.275
7.9889,-0.26
7.9917,-0.265
7.9944,-0.265
7.9972,-0.285
8.0,-0.28
8.0028,-0.275
8.0056,-0.275
8.0083,-0.275
8.0111,-0.285
8.0139,-0.305
8.0167,-0.295
8.0194,-0.28
8.0222,-0.285
8.025,-0.275
8.0278,-0.285
8.0306,-0.305
8.0333,-0.3
8.0361,-0.3
8.0389,-0.29
8.0417,-0.29
8.0444,-0.29
8.0472,-0.31
8.05,-0.315
8.0528,-0.295
8.0556,-0.29
8.0583,-0.29
8.0611,-0.305
8.0639,-0.32
8.0667,-0.315
8.0694,-0.305
8.0722,-0.305
8.075,-0.315
8.0778,-0.32
8.0806,-0.33
8.0833,-0.32
8.0861,-0.32
8.0889,-0.31
8.0917,-0.32
8.0944,-0.32
8.0972,-0.34
8.1,-0.34
8.1028,-0.335
8.1056,-0.325
8.1083,-0.315
8.1111,-0.33
8.1139,-0.345
8.1167,-0.35
8.1194,-0.34
8.1222,-0.325
8.125,-0.32
8.1278,-0.335
8.1306,-0.34
8.1333,-0.33
8.1361,-0.325
8.1389,-0.315
8.1417,-0.32
8.1444,-0.32
8.1472,-0.34
8.15,-0.34
8.1528,-0.33
8.1556,-0.34
8.1583,-0.335
8.1611,-0.35
8.1639,-0.36
8.1667,-0.345
8.1694,-0.34
8.1722,-0.33
8.175,-0.325
8.1778,-0.33
8.1806,-0.34
8.1833,-0.345
8.1861,-0.335
8.1889,-0.325
8.1917,-0.32
8.1944,-0.34
8.1972,-0.325
8.2,-0.305
8.2028,-0.29
8.2056,-0.27
8.2083,-0.275
8.2111,-0.28
8.2139,-0.285
8.2167,-0.28
8.2194,-0.255
8.2222,-0.235
8.225,-0.245
8.2278,-0.235
8.2306,-0.245
8.2333,-0.24
8.2361,-0.24
8.2389,-0.24
8.2417,-0.245
8.2444,-0.25
8.2472,-0.26
8.25,-0.25
8.2528,-0.25
8.2556,-0.25
8.2583,-0.27
8.2611,-0.27
8.2639,-0.265
8.2667,-0.24
8.2694,-0.235
8.2722,-0.24
8.275,-0.265
8.2778,-0.3
8.2806,-0.325
8.2833,-0.33
8.2861,-0.345
8.2889,-0.335
8.2917,-0.335
8.2944,-0.365
8.2972,-0.38
8.3,-0.36
8.3028,-0.355
8.3056,-0.345
8.3083,-0.355
8.3111,-0.36
8.3139,-0.375
8.3167,-0.36
8.3194,-0.36
8.3222,-0.35
8.325,-0.355
8.3278,-0.365
8.3306,-0.375
8.3333,-0.37
8.3361,-0.36
8.3389,-0.35
8.3417,-0.36
8.3444,-0.385
8.3472,-0.4
8.35,-0.38
8.3528,-0.365
8.3556,-0.355
8.3583,-0.35
8.3611,-0.38
8.3639,-0.415
8.3667,-0.45
8.3694,-0.475
8.3722,-0.475
8.375,-0.505
8.3778,-0.56
8.3806,-0.58
8.3833,-0.51
8.3861,-0.38
8.3889,-0.235
8.3917,-0.06
8.3944,0.165
8.3972,0.42
8.4,0.675
8.4028,0.835
8.4056,0.855
8.4083,0.68
8.4111,0.315
8.4139,-0.07
8.4167,-0.335
8.4194,-0.465
8.4222,-0.495
8.425,-0.475
8.4278,-0.435
8.4306,-0.41
8.4333,-0.405
8.4361,-0.405
8.4389,-0.4
8.4417,-0.415
8.4444,-0.405
8.4472,-0.415
8.45,-0.405
8.4528,-0.4
8.4556,-0.395
8.4583,-0.395
8.4611,-0.415
8.4639,-0.425
8.4667,-0.425
8.4694,-0.425
8.4722,-0.41
8.475,-0.405
8.4778,-0.42
8.4806,-0.42
8.4833,-0.42
8.4861,-0.415
8.4889,-0.4
8.4917,-0.415
8.4944,-0.42
8.4972,-0.415
8.5,-0.42
8.5028,-0.415
8.5056,-0.405
8.5083,-0.415
8.5111,-0.425
8.5139,-0.435
8.5167,-0.425
8.5194,-0.43
8.5222,-0.415
8.525,-0.42
8.5278,-0.43
8.5306,-0.43
8.5333,-0.425
8.5361,-0.425
8.5389,-0.415
8.5417,-0.42
8.5444,-0.43
8.5472,-0.435
8.55,-0.425
8.5528,-0.415
8.5556,-0.41
8.5583,-0.41
8.5611,-0.415
8.5639,-0.425
8.5667,-0.42
8.5694,-0.42
8.5722,-0.42
8.575,-0.415
8.5778,-0.42
8.5806,-0.42
8.5833,-0.415
8.5861,-0.41
8.5889,-0.41
8.5917,-0.415
8.5944,-0.41
8.5972,-0.42
8.6,-0.42
8.6028,-0.405
8.6056,-0.4
8.6083,-0.395
8.6111,-0.41
8.6139,-0.415
8.6167,-0.43
8.6194,-0.415
8.6222,-0.425
8.625,-0.43
8.6278,-0.445
8.6306,-0.455
8.6333,-0.45
8.6361,-0.435
8.6389,-0.435
8.6417,-0.445
8.6444,-0.455
8.6472,-0.47
8.65,-0.47
8.6528,-0.465
8.6556,-0.465
8.6583,-0.465
8.6611,-0.465
8.6639,-0.48
8.6667,-0.475
8.6694,-0.47
8.6722,-0.46
8.675,-0.46
8.6778,-0.465
8.6806,-0.48
8.6833,-0.485
8.6861,-0.46
8.6889,-0.45
8.6917,-0.445
8.6944,-0.44
8.6972,-0.445
8.7,-0.435
8.7028,-0.435
8.7056,-0.41
8.7083,-0.4
8.7111,-0.385
8.7139,-0.39
8.7167,-0.375
8.7194,-0.36
8.7222,-0.355
8.725,-0.335
8.7278,-0.325
8.7306,-0.335
8.7333,-0.33
8.7361,-0.32
8.7389,-0.315
8.7417,-0.305
8.7444,-0.315
8.7472,-0.33
8.75,-0.32
8.7528,-0.315
8.7556,-0.31
8.7583,-0.295
8.7611,-0.315
8.7639,-0.325
8.7667,-0.305
8.7694,-0.315
8.7722,-0.305
8.775,-0.31
8.7778,-0.295
8.7806,-0.32
8.7833,-0.32
8.7861,-0.31
8.7889,-0.295
8.7917,-0.295
8.7944,-0.305
8.7972,-0.325
8.8,-0.32
8.8028,-0.31
8.8056,-0.305
8.8083,-0.32
8.8111,-0.315
8.8139,-0.335
8.8167,-0.325
8.8194,-0.335
8.8222,-0.33
8.825,-0.32
8.8278,-0.32
8.8306,-0.335
8.8333,-0.335
8.8361,-0.35
8.8389,-0.345
8.8417,-0.33
8.8444,-0.335
8.8472,-0.345
8.85,-0.335
8.8528,-0.335
8.8556,-0.335
8.8583,-0.335
8.8611,-0.33
8.8639,-0.355
8.8667,-0.355
8.8694,-0.34
8.8722,-0.335
8.875,-0.34
8.8778,-0.35
8.8806,-0.355
8.8833,-0.355
8.8861,-0.35
8.8889,-0.34
8.8917,-0.34
8.8944,-0.35
8.8972,-0.36
8.9,-0.35
8.9028,-0.345
8.9056,-0.34
8.9083,-0.35
8.9111,-0.36
8.9139,-0.365
8.9167,-0.355
8.9194,-0.345
8.9222,-0.33
8.925,-0.33
8.9278,-0.34
8.9306,-0.36
8.9333,-0.355
8.9361,-0.34
8.9389,-0.335
8.9417,-0.34
8.9444,-0.345
8.9472,-0.35
8.95,-0.36
8.9528,-0.345
8.9556,-0.335
8.9583,-0.325
8.9611,-0.33
8.9639,-0.35
8.9667,-0.35
8.9694,-0.34
8.9722,-0.34
8.975,-0.335
8.9778,-0.34
8.9806,-0.355
8.9833,-0.345
8.9861,-0.335
8.9889,-0.335
8.9917,-0.315
8.9944,-0.315
8.9972,-0.31
9.0,-0.295
9.0028,-0.28
9.0056,-0.275
9.0083,-0.27
9.0111,-0.275
9.0139,-0.27
9.0167,-0.27
9.0194,-0.245
9.0222,-0.225
9.025,-0.225
9.0278,-0.23
9.0306,-0.24
9.0333,-0.245
9.0361,-0.235
9.0389,-0.24
9.0417,-0.24
9.0444,-0.25
9.0472,-0.26
9.05,-0.265
9.0528,-0.255
9.0556,-0.255
9.0583,-0.265
9.0611,-0.27
9.0639,-0.265
9.0667,-0.25
9.0694,-0.225
9.0722,-0.2
9.075,-0.22
9.0778,-0.255
9.0806,-0.285
9.0833,-0.305
9.0861,-0.3
9.0889,-0.31
9.0917,-0.33
9.0944,-0.345
9.0972,-0.35
9.1,-0.365
9.1028,-0.355
9.1056,-0.35
9.1083,-0.35
9.1111,-0.36
9.1139,-0.37
9.1167,-0.375
9.1194,-0.355
9.1222,-0.35
9.125,-0.35
9.1278,-0.365
9.1306,-0.37
9.1333,-0.365
9.1361,-0.36
9.1389,-0.35
9.1417,-0.355
9.1444,-0.365
9.1472,-0.38
9.15,-0.365
9.1528,-0.365
9.1556,-0.365
9.1583,-0.375
9.1611,-0.425
9.1639,-0.475
9.1667,-0.495
9.1694,-0.53
9.1722,-0.56
9.175,-0.575
9.1778,-0.515
9.1806,-0.4
9.1833,-0.235
9.1861,-0.065
9.1889,0.135
9.1917,0.395
9.1944,0.66
9.1972,0.845
9.2,0.96
9.2028,1.065
9.2056,1.12
9.2083,1.075
9.2111,0.855
9.2139,0.45
9.2167,0.005
9.2194,-0.345
9.2222,-0.49
9.225,-0.49
9.2278,-0.435
9.2306,-0.39
9.2333,-0.385
9.2361,-0.4
9.2389,-0.4
9.2417,-0.385
9.2444,-0.39
9.2472,-0.41
9.25,-0.4
9.2528,-0.4
9.2556,-0.395
9.2583,-0.39
9.2611,-0.4
9.2639,-0.41
9.2667,-0.405
9.2694,-0.405
9.2722,-0.4
9.275,-0.405
9.2778,-0.41
9.2806,-0.425
9.2833,-0.42
9.2861,-0.415
9.2889,-0.4
9.2917,-0.395
9.2944,-0.4
9.2972,-0.415
9.3,-0.405
9.3028,-0.4
9.3056,-0.38
9.3083,-0.4
9.3111,-0.39
9.3139,-0.41
9.3167,-0.405
9.3194,-0.405
9.3222,-0.395
9.325,-0.395
9.3278,-0.395
9.3306,-0.42
9.3333,-0.415
9.3361,-0.405
9.3389,-0.385
9.3417,-0.385
9.3444,-0.395
9.3472,-0.4
9.35,-0.415
9.3528,-0.405
9.3556,-0.39
9.3583,-0.39
9.3611,-0.405
9.3639,-0.42
9.3667,-0.415
9.3694,-0.405
9.3722,-0.39
9.375,-0.405
9.3778,-0.4
9.3806,-0.41
9.3833,-0.405
9.3861,-0.4
9.3889,-0.39
9.3917,-0.39
9.3944,-0.4
9.3972,-0.4
9.4,-0.41
9.4028,-0.405
9.4056,-0.4
9.4083,-0.4
9.4111,-0.405
9.4139,-0.415
9.4167,-0.41
9.4194,-0.4
9.4222,-0.395
9.425,-0.395
9.4278,-0.41
9.4306,-0.42
9.4333,-0.415
9.4361,-0.415
9.4389,-0.41
9.4417,-0.41
9.4444,-0.415
9.4472,-0.425
9.45,-0.42
9.4528,-0.42
9.4556,-0.41
9.4583,-0.41
9.4611,-0.41
9.4639,-0.425
9.4667,-0.42
9.4694,-0.42
9.4722,-0.41
9.475,-0.405
9.4778,-0.41
9.4806,-0.41
9.4833,-0.405
9.4861,-0.4
9.4889,-0.385
9.4917,-0.38
9.4944,-0.37
9.4972,-0.36
9.5,-0.35
9.5028,-0.34
9.5056,-0.32
9.5083,-0.31
9.5111,-0.32
9.5139,-0.315
9.5167,-0.32
9.5194,-0.3
9.5222,-0.3
9.525,-0.295
9.5278,-0.3
9.5306,-0.315
9.5333,-0.305
9.5361,-0.285
9.5389,-0.29
9.5417,-0.29
9.5444,-0.3
9.5472,-0.315
9.55,-0.31
9.5528,-0.295
9.5556,-0.29
9.5583,-0.29
9.5611,-0.295
9.5639,-0.315
9.5667,-0.3
9.5694,-0.295
9.5722,-0.3
9.575,-0.305
9.5778,-0.305
9.5806,-0.315
9.5833,-0.315
9.5861,-0.315
9.5889,-0.315
9.5917,-0.305
9.5944,-0.32
9.5972,-0.32
9.6,-0.33
9.6028,-0.32
9.6056,-0.305
9.6083,-0.315
9.6111,-0.32
9.6139,-0.335
9.6167,-0.34
9.6194,-0.335
9.6222,-0.315
9.625,-0.32
9.6278,-0.32
9.6306,-0.35
9.6333,-0.35
9.6361,-0.34
9.6389,-0.34
9.6417,-0.335
9.6444,-0.335
9.6472,-0.345
9.65,-0.345
9.6528,-0.335
9.6556,-0.325
9.6583,-0.335
9.6611,-0.35
9.6639,-0.35
9.6667,-0.355
9.6694,-0.34
9.6722,-0.33
9.675,-0.335
9.6778,-0.345
9.6806,-0.355
9.6833,-0.35
9.6861,-0.345
9.6889,-0.335
9.6917,-0.34
9.6944,-0.34
9.6972,-0.35
9.7,-0.35
9.7028,-0.345
9.7056,-0.34
9.7083,-0.34
9.7111,-0.355
9.7139,-0.36
9.7167,-0.355
9.7194,-0.345
9.7222,-0.335
9.725,-0.35
9.7278,-0.35
9.7306,-0.355
9.7333,-0.36
9.7361,-0.35
9.7389,-0.34
9.7417,-0.345
9.7444,-0.345
9.7472,-0.355
9.75,-0.345
9.7528,-0.33
9.7556,-0.325
9.7583,-0.33
9.7611,-0.335
9.7639,-0.34
9.7667,-0.345
9.7694,-0.33
9.7722,-0.32
9.775,-0.315
9.7778,-0.325
9.7806,-0.31
9.7833,-0.305
9.7861,-0.27
9.7889,-0.28
9.7917,-0.255
9.7944,-0.27
9.7972,-0.275
9.8,-0.27
9.8028,-0.25
9.8056,-0.24
9.8083,-0.23
9.8111,-0.225
9.8139,-0.245
9.8167,-0.235
9.8194,-0.24
9.8222,-0.225
9.825,-0.23
9.8278,-0.245
9.8306,-0.26
9.8333,-0.26
9.8361,-0.26
9.8389,-0.245
9.8417,-0.255
9.8444,-0.265
9.8472,-0.275
9.85,-0.25
9.8528,-0.22
9.8556,-0.2
9.8583,-0.23
9.8611,-0.25
9.8639,-0.285
9.8667,-0.28
9.8694,-0.285
9.8722,-0.28
9.875,-0.29
9.8778,-0.32
9.8806,-0.34
9.8833,-0.33
9.8861,-0.345
9.8889,-0.335
9.8917,-0.34
9.8944,-0.36
9.8972,-0.37
9.9,-0.355
9.9028,-0.35
9.9056,-0.35
9.9083,-0.35
9.9111,-0.37
9.9139,-0.37
9.9167,-0.38
9.9194,-0.36
9.9222,-0.355
9.925,-0.36
9.9278,-0.37
9.9306,-0.38
9.9333,-0.375
9.9361,-0.38
9.9389,-0.37
9.9417,-0.365
9.9444,-0.38
9.9472,-0.385
9.95,-0.4
9.9528,-0.425
9.9556,-0.455
9.9583,-0.48
9.9611,-0.505
9.9639,-0.54
9.9667,-0.585
9.9694,-0.59
9.9722,-0.5
9.975,-0.36
9.9778,-0.23
9.9806,-0.08
9.9833,0.145
9.9861,0.445
9.9889,0.69
9.9917,0.855
9.9944,0.895
9.9972,0.735
10.0,0.405
10.0028,-0.015
10.0056,-0.35
10.0083,-0.5
10.0111,-0.515
10.0139,-0.47
10.0167,-0.425
10.0194,-0.405
10.0222,-0.39
10.025,-0.395
10.0278,-0.395
10.0306,-0.405
10.0333,-0.4
10.0361,-0.4
10.0389,-0.4
10.0417,-0.405
10.0444,-0.405
10.0472,-0.415
10.05,-0.4
10.0528,-0.41
10.0556,-0.395
10.0583,-0.4
10.0611,-0.405
10.0639,-0.42
10.0667,-0.415
10.0694,-0.405
10.0722,-0.395
10.075,-0.4
10.0778,-0.41
10.0806,-0.42
10.0833,-0.42
10.0861,-0.395
10.0889,-0.395
10.0917,-0.39
10.0944,-0.41
10.0972,-0.415
10.1,-0.405
10.1028,-0.4
10.1056,-0.395
10.1083,-0.39
10.1111,-0.4
10.1139,-0.415
10.1167,-0.405
10.1194,-0.395
10.1222,-0.4
10.125,-0.395
10.1278,-0.4
10.1306,-0.415
10.1333,-0.41
10.1361,-0.405
10.1389,-0.39
10.1417,-0.4
10.1444,-0.4
10.1472,-0.405
10.15,-0.41
10.1528,-0.395
10.1556,-0.395
10.1583,-0.39
10.1611,-0.39
10.1639,-0.4
10.1667,-0.405
10.1694,-0.385
10.1722,-0.395
10.175,-0.385
10.1778,-0.4
10.1806,-0.405
10.1833,-0.4
10.1861,-0.39
10.1889,-0.39
10.1917,-0.385
10.1944,-0.395
10.1972,-0.405
10.2,-0.395
10.2028,-0.395
10.2056,-0.38
10.2083,-0.385
10.2111,-0.38
10.2139,-0.395
10.2167,-0.405
10.2194,-0.39
10.2222,-0.385
10.225,-0.385
10.2278,-0.4
10.2306,-0.405
10.2333,-0.4
10.2361,-0.395
10.2389,-0.38
10.2417,-0.38
10.2444,-0.395
10.2472,-0.4
10.25,-0.4
10.2528,-0.405
10.2556,-0.405
10.2583,-0.41
10.2611,-0.415
10.2639,-0.42
10.2667,-0.41
10.2694,-0.39
10.2722,-0.385
10.275,-0.365
10.2778,-0.37
10.2806,-0.375
10.2833,-0.36
10.2861,-0.365
10.2889,-0.36
10.2917,-0.33
10.2944,-0.35
10.2972,-0.34
10.3,-0.32
10.3028,-0.295
10.3056,-0.285
10.3083,-0.285
10.3111,-0.305
10.3139,-0.31
10.3167,-0.3
10.3194,-0.305
10.3222,-0.28
10.325,-0.28
10.3278,-0.28
10.3306,-0.295
10.3333,-0.29
10.3361,-0.285
10.3389,-0.285
10.3417,-0.29
10.3444,-0.29
10.3472,-0.31
10.35,-0.31
10.3528,-0.295
10.3556,-0.295
10.3583,-0.3
10.3611,-0.3
10.3639,-0.31
10.3667,-0.3
10.3694,-0.295
10.3722,-0.295
10.375,-0.295
10.3778,-0.29
10.3806,-0.32
10.3833,-0.305
10.3861,-0.305
10.3889,-0.31
10.3917,-0.305
10.3944,-0.32
10.3972,-0.325
10.4,-0.32
10.4028,-0.315
10.4056,-0.305
10.4083,-0.305
10.4111,-0.305
10.4139,-0.315
10.4167,-0.33
10.4194,-0.315
10.4222,-0.31
10.425,-0.31
10.4278,-0.35
10.4306,-0.345
10.4333,-0.35
10.4361,-0.34
10.4389,-0.335
10.4417,-0.335
10.4444,-0.345
10.4472,-0.355
10.45,-0.35
10.4528,-0.335
10.4556,-0.335
10.4583,-0.33
10.4611,-0.34
10.4639,-0.34
10.4667,-0.34
10.4694,-0.32
10.4722,-0.33
10.475,-0.335
10.4778,-0.335
10.4806,-0.35
10.4833,-0.345
10.4861,-0.35
10.4889,-0.345
10.4917,-0.34
10.4944,-0.355
10.4972,-0.365
10.5,-0.355
10.5028,-0.35
10.5056,-0.34
10.5083,-0.34
10.5111,-0.345
10.5139,-0.345
10.5167,-0.35
10.5194,-0.34
10.5222,-0.34
10.525,-0.335
10.5278,-0.34
10.5306,-0.35
10.5333,-0.355
10.5361,-0.345
10.5389,-0.35
10.5417,-0.335
10.5444,-0.35
10.5472,-0.35
10.55,-0.35
10.5528,-0.34
10.5556,-0.34
10.5583,-0.335
10.5611,-0.34
10.5639,-0.345
10.5667,-0.34
10.5694,-0.32
10.5722,-0.305
10.575,-0.29
10.5778,-0.3
10.5806,-0.3
10.5833,-0.29
10.5861,-0.29
10.5889,-0.275
10.5917,-0.28
10.5944,-0.27
10.5972,-0.27
10.6,-0.25
10.6028,-0.23
10.6056,-0.225
10.6083,-0.215
10.6111,-0.23
10.6139,-0.235
10.6167,-0.245
10.6194,-0.235
10.6222,-0.245
10.625,-0.24
10.6278,-0.25
10.6306,-0.255
10.6333,-0.255
10.6361,-0.255
10.6389,-0.255
10.6417,-0.265
10.6444,-0.28
10.6472,-0.28
10.65,-0.275
10.6528,-0.245
10.6556,-0.23
10.6583,-0.225
10.6611,-0.23
10.6639,-0.265
10.6667,-0.275
10.6694,-0.28
10.6722,-0.295
10.675,-0.315
10.6778,-0.335
10.6806,-0.365
10.6833,-0.365
10.6861,-0.37
10.6889,-0.36
10.6917,-0.355
10.6944,-0.36
10.6972,-0.37
10.7,-0.36
10.7028,-0.35
10.7056,-0.345
10.7083,-0.355
10.7111,-0.365
10.7139,-0.37
10.7167,-0.37
10.7194,-0.355
10.7222,-0.35
10.725,-0.35
10.7278,-0.365
10.7306,-0.375
10.7333,-0.365
10.7361,-0.36
10.7389,-0.355
10.7417,-0.355
10.7444,-0.37
10.7472,-0.4
10.75,-0.425
10.7528,-0.45
10.7556,-0.48
10.7583,-0.495
10.7611,-0.53
10.7639,-0.585
10.7667,-0.585
10.7694,-0.525
10.7722,-0.405
10.775,-0.285
10.7778,-0.15
10.7806,0.025
10.7833,0.295
10.7861,0.56
10.7889,0.755
10.7917,0.835
10.7944,0.775
10.7972,0.575
10.8,0.24
10.8028,-0.095
10.8056,-0.345
10.8083,-0.46
10.8111,-0.495
10.8139,-0.485
10.8167,-0.44
10.8194,-0.41
10.8222,-0.395
10.825,-0.4
10.8278,-0.395
10.8306,-0.4
10.8333,-0.39
10.8361,-0.38
10.8389,-0.385
10.8417,-0.385
10.8444,-0.4
10.8472,-0.4
10.85,-0.4
10.8528,-0.395
10.8556,-0.405
10.8583,-0.395
10.8611,-0.42
10.8639,-0.41
10.8667,-0.415
10.8694,-0.41
10.8722,-0.405
10.875,-0.41
10.8778,-0.41
10.8806,-0.415
10.8833,-0.4
10.8861,-0.395
10.8889,-0.385
10.8917,-0.385
10.8944,-0.395
10.8972,-0.405
10.9,-0.415
10.9028,-0.405
10.9056,-0.395
10.9083,-0.39
10.9111,-0.405
10.9139,-0.415
10.9167,-0.415
10.9194,-0.405
10.9222,-0.395
10.925,-0.4
10.9278,-0.415
10.9306,-0.42
10.9333,-0.425
10.9361,-0.42
10.9389,-0.4
10.9417,-0.4
10.9444,-0.405
10.9472,-0.415
10.95,-0.425
10.9528,-0.415
10.9556,-0.385
10.9583,-0.385
10.9611,-0.395
10.9639,-0.405
10.9667,-0.4
10.9694,-0.405
10.9722,-0.4
10.975,-0.39
10.9778,-0.4
10.9806,-0.41
10.9833,-0.41
10.9861,-0.4
10.9889,-0.39
10.9917,-0.375
10.9944,-0.395
10.9972,-0.395
11.0,-0.4
11.0028,-0.4
11.0056,-0.4
11.0083,-0.405
11.0111,-0.4
11.0139,-0.4
11.0167,-0.4
11.0194,-0.4
11.0222,-0.395
11.025,-0.4
11.0278,-0.41
11.0306,-0.425
11.0333,-0.435
11.0361,-0.42
11.0389,-0.41
11.0417,-0.415
11.0444,-0.43
11.0472,-0.435
11.05,-0.43
11.0528,-0.425
11.0556,-0.43
11.0583,-0.425
11.0611,-0.445
11.0639,-0.445
11.0667,-0.44
11.0694,-0.445
11.0722,-0.42
11.075,-0.435
11.0778,-0.44
11.0806,-0.45
11.0833,-0.44
11.0861,-0.415
11.0889,-0.41
11.0917,-0.41
11.0944,-0.395
11.0972,-0.405
11.1,-0.375
11.1028,-0.36
11.1056,-0.345
11.1083,-0.335
11.1111,-0.33
11.1139,-0.34
11.1167,-0.335
11.1194,-0.31
11.1222,-0.31
11.125,-0.305
11.1278,-0.315
11.1306,-0.335
11.1333,-0.335
11.1361,-0.325
11.1389,-0.315
11.1417,-0.315
11.1444,-0.31
11.1472,-0.32
11.15,-0.315
11.1528,-0.305
11.1556,-0.295
11.1583,-0.295
11.1611,-0.31
11.1639,-0.33
11.1667,-0.305
11.1694,-0.32
11.1722,-0.31
11.175,-0.32
11.1778,-0.32
11.1806,-0.33
11.1833,-0.315
11.1861,-0.32
11.1889,-0.31
11.1917,-0.325
11.1944,-0.32
11.1972,-0.335
11.2,-0.335
11.2028,-0.32
11.2056,-0.315
11.2083,-0.315
11.2111,-0.32
11.2139,-0.325
11.2167,-0.345
11.2194,-0.335
11.2222,-0.335
11.225,-0.32
11.2278,-0.32
11.2306,-0.325
11.2333,-0.325
11.2361,-0.32
11.2389,-0.33
11.2417,-0.33
11.2444,-0.345
11.2472,-0.345
11.25,-0.34
11.2528,-0.335
11.2556,-0.325
11.2583,-0.33
11.2611,-0.335
11.2639,-0.35
11.2667,-0.34
11.2694,-0.35
11.2722,-0.35
11.275,-0.35
11.2778,-0.37
11.2806,-0.375
11.2833,-0.375
11.2861,-0.365
11.2889,-0.345
11.2917,-0.34
11.2944,-0.345
11.2972,-0.355
11.3,-0.355
11.3028,-0.35
11.3056,-0.33
11.3083,-0.33
11.3111,-0.345
11.3139,-0.365
11.3167,-0.37
11.3194,-0.355
11.3222,-0.345
11.325,-0.34
11.3278,-0.35
11.3306,-0.355
11.3333,-0.36
11.3361,-0.355
11.3389,-0.345
11.3417,-0.345
11.3444,-0.355
11.3472,-0.36
11.35,-0.355
11.3528,-0.345
11.3556,-0.345
11.3583,-0.345
11.3611,-0.34
11.3639,-0.36
11.3667,-0.36
11.3694,-0.345
11.3722,-0.325
11.375,-0.33
11.3778,-0.335
11.3806,-0.35
11.3833,-0.34
11.3861,-0.325
11.3889,-0.31
11.3917,-0.3
11.3944,-0.3
11.3972,-0.3
11.4,-0.3
11.4028,-0.29
11.4056,-0.275
11.4083,-0.26
11.4111,-0.265
11.4139,-0.26
11.4167,-0.25
11.4194,-0.245
11.4222,-0.24
11.425,-0.23
11.4278,-0.235
11.4306,-0.25
11.4333,-0.235
11.4361,-0.24
11.4389,-0.24
11.4417,-0.245
11.4444,-0.245
11.4472,-0.255
11.45,-0.255
11.4528,-0.25
11.4556,-0.26
11.4583,-0.265
11.4611,-0.27
11.4639,-0.26
11.4667,-0.24
11.4694,-0.23
11.4722,-0.24
11.475,-0.255
11.4778,-0.275
11.4806,-0.3
11.4833,-0.305
11.4861,-0.31
11.4889,-0.315
11.4917,-0.335
11.4944,-0.345
11.4972,-0.355
11.5,-0.365
11.5028,-0.35
11.5056,-0.36
11.5083,-0.35
11.5111,-0.365
11.5139,-0.375
11.5167,-0.37
11.5194,-0.355
11.5222,-0.365
11.525,-0.365
11.5278,-0.365
11.5306,-0.375
11.5333,-0.37
11.5361,-0.36
11.5389,-0.35
11.5417,-0.36
11.5444,-0.37
11.5472,-0.385
11.55,-0.365
11.5528,-0.36
11.5556,-0.35
11.5583,-0.35
11.5611,-0.375
11.5639,-0.4
11.5667,-0.425
11.5694,-0.45
11.5722,-0.48
11.575,-0.49
11.5778,-0.525
11.5806,-0.56
11.5833,-0.555
11.5861,-0.485
11.5889,-0.37
11.5917,-0.25
11.5944,-0.115
11.5972,0.055
11.6,0.3
11.6028,0.56
11.6056,0.76
11.6083,0.91
11.6111,0.96
11.6139,0.865
11.6167,0.64
11.6194,0.335
11.6222,0.04
11.625,-0.185
11.6278,-0.33
11.6306,-0.43
11.6333,-0.51
11.6361,-0.515
11.6389,-0.495
11.6417,-0.465
11.6444,-0.44
11.6472,-0.41
11.65,-0.405
11.6528,-0.4
11.6556,-0.39
11.6583,-0.39
11.6611,-0.385
11.6639,-0.385
11.6667,-0.39
11.6694,-0.39
11.6722,-0.37
11.675,-0.38
11.6778,-0.385
11.6806,-0.39
11.6833,-0.39
11.6861,-0.38
11.6889,-0.385
11.6917,-0.38
11.6944,-0.39
11.6972,-0.395
11.7,-0.395
11.7028,-0.39
11.7056,-0.385
11.7083,-0.38
11.7111,-0.38
11.7139,-0.4
11.7167,-0.39
11.7194,-0.375
11.7222,-0.385
11.725,-0.385
11.7278,-0.39
11.7306,-0.395
11.7333,-0.39
11.7361,-0.38
11.7389,-0.38
11.7417,-0.375
11.7444,-0.38
11.7472,-0.395
11.75,-0.38
11.7528,-0.375
11.7556,-0.37
11.7583,-0.375
11.7611,-0.38
11.7639,-0.395
11.7667,-0.385
11.7694,-0.385
11.7722,-0.375
11.775,-0.38
11.7778,-0.38
11.7806,-0.395
11.7833,-0.39
11.7861,-0.39
11.7889,-0.38
11.7917,-0.38
11.7944,-0.385
11.7972,-0.39
11.8,-0.375
11.8028,-0.37
11.8056,-0.37
11.8083,-0.365
11.8111,-0.38
11.8139,-0.395
11.8167,-0.385
11.8194,-0.385
11.8222,-0.385
11.825,-0.375
11.8278,-0.38
11.8306,-0.39
11.8333,-0.375
11.8361,-0.375
11.8389,-0.375
11.8417,-0.375
11.8444,-0.375
11.8472,-0.41
11.85,-0.4
11.8528,-0.39
11.8556,-0.385
11.8583,-0.39
11.8611,-0.395
11.8639,-0.415
11.8667,-0.415
11.8694,-0.415
11.8722,-0.41
11.875,-0.41
11.8778,-0.425
11.8806,-0.425
11.8833,-0.43
11.8861,-0.425
11.8889,-0.425
11.8917,-0.425
11.8944,-0.425
11.8972,-0.435
11.9,-0.43
11.9028,-0.43
11.9056,-0.4
11.9083,-0.395
11.9111,-0.415
11.9139,-0.41
11.9167,-0.395
11.9194,-0.38
11.9222,-0.365
11.925,-0.35
11.9278,-0.35
11.9306,-0.355
11.9333,-0.345
11.9361,-0.315
11.9389,-0.3
11.9417,-0.3
11.9444,-0.305
11.9472,-0.31
11.95,-0.305
11.9528,-0.3
11.9556,-0.28
11.9583,-0.28
11.9611,-0.295
11.9639,-0.29
11.9667,-0.29
11.9694,-0.29
11.9722,-0.27
11.975,-0.265
11.9778,-0.275
11.9806,-0.285
11.9833,-0.28
11.9861,-0.285
11.9889,-0.275
11.9917,-0.27
11.9944,-0.275
11.9972,-0.28
12.0,-0.28
12.0028,-0.265
12.0056,-0.26
12.0083,-0.265
12.0111,-0.275
12.0139,-0.285
12.0167,-0.29
12.0194,-0.28
12.0222,-0.27
12.025,-0.265
12.0278,-0.28
12.0306,-0.28
12.0333,-0.285
12.0361,-0.28
12.0389,-0.27
12.0417,-0.28
12.0444,-0.29
12.0472,-0.295
12.05,-0.29
12.0528,-0.285
12.0556,-0.275
12.0583,-0.285
12.0611,-0.285
12.0639,-0.31
12.0667,-0.31
12.0694,-0.3
12.0722,-0.295
12.075,-0.305
12.0778,-0.32
12.0806,-0.33
12.0833,-0.33
12.0861,-0.31
12.0889,-0.305
12.0917,-0.295
12.0944,-0.315
12.0972,-0.315
12.1,-0.32
12.1028,-0.31
12.1056,-0.3
12.1083,-0.305
12.1111,-0.3
12.1139,-0.325
12.1167,-0.32
12.1194,-0.315
12.1222,-0.32
12.125,-0.305
12.1278,-0.315
12.1306,-0.325
12.1333,-0.325
12.1361,-0.31
12.1389,-0.305
12.1417,-0.305
12.1444,-0.325
12.1472,-0.335
12.15,-0.32
12.1528,-0.315
12.1556,-0.3
12.1583,-0.305
12.1611,-0.32
12.1639,-0.325
12.1667,-0.325
12.1694,-0.31
12.1722,-0.315
12.175,-0.31
12.1778,-0.33
12.1806,-0.335
12.1833,-0.335
12.1861,-0.315
12.1889,-0.3
12.1917,-0.3
12.1944,-0.305
12.1972,-0.3
12.2,-0.31
12.2028,-0.305
12.2056,-0.295
12.2083,-0.3
12.2111,-0.3
12.2139,-0.32
12.2167,-0.31
12.2194,-0.305
12.2222,-0.29
12.225,-0.305
12.2278,-0.305
12.2306,-0.31
12.2333,-0.305
12.2361,-0.295
12.2389,-0.28
12.2417,-0.27
12.2444,-0.265
12.2472,-0.255
12.25,-0.25
12.2528,-0.24
12.2556,-0.235
12.2583,-0.23
12.2611,-0.23
12.2639,-0.23
12.2667,-0.215
12.2694,-0.21
12.2722,-0.185
12.275,-0.185
12.2778,-0.195
12.2806,-0.2
12.2833,-0.21
12.2861,-0.21
12.2889,-0.205
12.2917,-0.205
12.2944,-0.225
12.2972,-0.23
12.3,-0.215
12.3028,-0.22
12.3056,-0.21
12.3083,-0.21
12.3111,-0.21
12.3139,-0.2
12.3167,-0.185
12.3194,-0.185
12.3222,-0.205
12.325,-0.24
12.3278,-0.25
12.3306,-0.275
12.3333,-0.285
12.3361,-0.28
12.3389,-0.29
12.3417,-0.29
12.3444,-0.305
12.3472,-0.32
12.35,-0.32
12.3528,-0.31
12.3556,-0.315
12.3583,-0.315
12.3611,-0.33
12.3639,-0.335
12.3667,-0.34
12.3694,-0.34
12.3722,-0.33
12.375,-0.335
12.3778,-0.34
12.3806,-0.35
12.3833,-0.345
12.3861,-0.345
12.3889,-0.33
12.3917,-0.33
12.3944,-0.34
12.3972,-0.345
12.4,-0.35
12.4028,-0.34
12.4056,-0.335
12.4083,-0.345
12.4111,-0.38
12.4139,-0.425
12.4167,-0.455
12.4194,-0.475
12.4222,-0.475
12.425,-0.505
12.4278,-0.55
12.4306,-0.61
12.4333,-0.615
12.4361,-0.605
12.4389,-0.56
12.4417,-0.515
12.4444,-0.455
12.4472,-0.365
12.45,-0.25
12.4528,-0.11
12.4556,0.055
12.4583,0.29
12.4611,0.555
12.4639,0.775
12.4667,0.91
12.4694,0.955
12.4722,0.845
12.475,0.545
12.4778,0.135
12.4806,-0.23
12.4833,-0.43
12.4861,-0.475
12.4889,-0.43
12.4917,-0.38
12.4944,-0.375
12.4972,-0.37
12.5,-0.375
12.5028,-0.37
12.5056,-0.36
12.5083,-0.365
12.5111,-0.375
12.5139,-0.375
12.5167,-0.385
12.5194,-0.37
12.5222,-0.36
12.525,-0.375
12.5278,-0.375
12.5306,-0.375
12.5333,-0.385
12.5361,-0.37
12.5389,-0.37
12.5417,-0.375
12.5444,-0.37
12.5472,-0.385
12.55,-0.38
12.5528,-0.375
12.5556,-0.36
12.5583,-0.355
12.5611,-0.385
12.5639,-0.385
12.5667,-0.38
12.5694,-0.37
12.5722,-0.375
12.575,-0.38
12.5778,-0.375
12.5806,-0.375
12.5833,-0.375
12.5861,-0.38
12.5889,-0.365
12.5917,-0.36
12.5944,-0.375
12.5972,-0.38
12.6,-0.37
12.6028,-0.375
12.6056,-0.36
12.6083,-0.36
12.6111,-0.355
12.6139,-0.37
12.6167,-0.375
12.6194,-0.355
12.6222,-0.355
12.625,-0.345
12.6278,-0.36
12.6306,-0.37
12.6333,-0.375
12.6361,-0.37
12.6389,-0.38
12.6417,-0.36
12.6444,-0.37
12.6472,-0.38
12.65,-0.375
12.6528,-0.365
12.6556,-0.355
12.6583,-0.35
12.6611,-0.36
12.6639,-0.37
12.6667,-0.37
12.6694,-0.365
12.6722,-0.345
12.675,-0.355
12.6778,-0.36
12.6806,-0.37
12.6833,-0.355
12.6861,-0.36
12.6889,-0.35
12.6917,-0.36
12.6944,-0.37
12.6972,-0.37
12.7,-0.365
12.7028,-0.36
12.7056,-0.36
12.7083,-0.37
12.7111,-0.365
12.7139,-0.385
12.7167,-0.37
12.7194,-0.365
12.7222,-0.365
12.725,-0.355
12.7278,-0.37
12.7306,-0.365
12.7333,-0.375
12.7361,-0.375
12.7389,-0.37
12.7417,-0.37
12.7444,-0.37
12.7472,-0.38
12.75,-0.385
12.7528,-0.37
12.7556,-0.36
12.7583,-0.365
12.7611,-0.37
12.7639,-0.375
12.7667,-0.36
12.7694,-0.36
12.7722,-0.34
12.775,-0.335
12.7778,-0.33
12.7806,-0.345
12.7833,-0.33
12.7861,-0.31
12.7889,-0.305
12.7917,-0.29
12.7944,-0.295
12.7972,-0.305
12.8,-0.295
12.8028,-0.28
12.8056,-0.265
12.8083,-0.26
12.8111,-0.265
12.8139,-0.275
12.8167,-0.27
12.8194,-0.255
12.8222,-0.24
12.825,-0.245
12.8278,-0.265
12.8306,-0.285
12.8333,-0.27
12.8361,-0.26
12.8389,-0.255
12.8417,-0.255
12.8444,-0.265
12.8472,-0.28
12.85,-0.285
12.8528,-0.28
12.8556,-0.255
12.8583,-0.255
12.8611,-0.27
12.8639,-0.275
12.8667,-0.265
12.8694,-0.27
12.8722,-0.275
12.875,-0.275
12.8778,-0.28
12.8806,-0.28
12.8833,-0.285
12.8861,-0.28
12.8889,-0.27
12.8917,-0.265
12.8944,-0.28
12.8972,-0.295
12.9,-0.295
12.9028,-0.28
12.9056,-0.285
12.9083,-0.29
12.9111,-0.305
12.9139,-0.32
12.9167,-0.305
12.9194,-0.3
12.9222,-0.29
12.925,-0.3
12.9278,-0.305
12.9306,-0.305
12.9333,-0.3
12.9361,-0.3
12.9389,-0.29
12.9417,-0.31
12.9444,-0.315
12.9472,-0.315
12.95,-0.315
12.9528,-0.31
12.9556,-0.305
12.9583,-0.31
12.9611,-0.32
12.9639,-0.32
12.9667,-0.325
12.9694,-0.32
12.9722,-0.31
12.975,-0.31
12.9778,-0.315
12.9806,-0.315
12.9833,-0.33
12.9861,-0.325
12.9889,-0.315
12.9917,-0.305
12.9944,-0.315
12.9972,-0.325
13.0,-0.33
13.0028,-0.32
13.0056,-0.305
13.0083,-0.31
13.0111,-0.315
13.0139,-0.33
13.0167,-0.325
13.0194,-0.32
13.0222,-0.315
13.025,-0.31
13.0278,-0.315
13.0306,-0.325
13.0333,-0.33
13.0361,-0.315
13.0389,-0.305
13.0417,-0.32
13.0444,-0.33
13.0472,-0.32
13.05,-0.32
13.0528,-0.34
13.0556,-0.32
13.0583,-0.315
13.0611,-0.32
13.0639,-0.325
13.0667,-0.315
13.0694,-0.315
13.0722,-0.3
13.075,-0.28
13.0778,-0.275
13.0806,-0.275
13.0833,-0.28
13.0861,-0.245
13.0889,-0.235
13.0917,-0.24
13.0944,-0.25
13.0972,-0.24
13.1,-0.235
13.1028,-0.215
13.1056,-0.205
13.1083,-0.195
13.1111,-0.2
13.1139,-0.21
13.1167,-0.21
13.1194,-0.215
13.1222,-0.205
13.125,-0.205
13.1278,-0.225
13.1306,-0.24
13.1333,-0.245
13.1361,-0.245
13.1389,-0.23
13.1417,-0.225
13.1444,-0.22
13.1472,-0.235
13.15,-0.25
13.1528,-0.25
13.1556,-0.235
13.1583,-0.21
13.1611,-0.19
13.1639,-0.195
13.1667,-0.22
13.1694,-0.24
13.1722,-0.245
13.175,-0.265
13.1778,-0.29
13.1806,-0.32
13.1833,-0.33
13.1861,-0.315
13.1889,-0.315
13.1917,-0.325
13.1944,-0.34
13.1972,-0.345
13.2,-0.34
13.2028,-0.34
13.2056,-0.32
13.2083,-0.33
13.2111,-0.335
13.2139,-0.335
13.2167,-0.345
13.2194,-0.34
13.2222,-0.33
13.225,-0.33
13.2278,-0.345
13.2306,-0.35
13.2333,-0.36
13.2361,-0.34
13.2389,-0.34
13.2417,-0.335
13.2444,-0.345
13.2472,-0.355
13.25,-0.365
13.2528,-0.38
13.2556,-0.405
13.2583,-0.44
13.2611,-0.47
13.2639,-0.49
13.2667,-0.535
13.2694,-0.565
13.2722,-0.55
13.275,-0.47
13.2778,-0.35
13.2806,-0.225
13.2833,-0.07
13.2861,0.175
13.2889,0.455
13.2917,0.68
13.2944,0.83
13.2972,0.86
13.3,0.735
13.3028,0.46
13.3056,0.12
13.3083,-0.205
13.3111,-0.425
13.3139,-0.49
13.3167,-0.47
13.3194,-0.43
13.3222,-0.38
13.325,-0.38
13.3278,-0.385
13.3306,-0.39
13.3333,-0.405
13.3361,-0.375
13.3389,-0.375
13.3417,-0.375
13.3444,-0.38
13.3472,-0.385
13.35,-0.395
13.3528,-0.395
13.3556,-0.385
13.3583,-0.385
13.3611,-0.39
13.3639,-0.4
13.3667,-0.395
13.3694,-0.39
13.3722,-0.385
13.375,-0.38
13.3778,-0.395
13.3806,-0.405
13.3833,-0.405
13.3861,-0.395
13.3889,-0.385
13.3917,-0.39
13.3944,-0.39
13.3972,-0.39
13.4,-0.39
13.4028,-0.39
13.4056,-0.385
13.4083,-0.39
13.4111,-0.395
13.4139,-0.395
13.4167,-0.4
13.4194,-0.385
13.4222,-0.375
13.425,-0.38
13.4278,-0.385
13.4306,-0.395
13.4333,-0.395
13.4361,-0.4
13.4389,-0.385
13.4417,-0.395
13.4444,-0.395
13.4472,-0.4
13.45,-0.4
13.4528,-0.395
13.4556,-0.385
13.4583,-0.39
13.4611,-0.39
13.4639,-0.39
13.4667,-0.4
13.4694,-0.39
13.4722,-0.385
13.475,-0.385
13.4778,-0.395
13.4806,-0.4
13.4833,-0.4
13.4861,-0.39
13.4889,-0.39
13.4917,-0.385
13.4944,-0.39
13.4972,-0.395
13.5,-0.385
13.5028,-0.37
13.5056,-0.375
13.5083,-0.375
13.5111,-0.39
13.5139,-0.395
13.5167,-0.385
13.5194,-0.385
13.5222,-0.375
13.525,-0.375
13.5278,-0.385
13.5306,-0.405
13.5333,-0.41
13.5361,-0.4
13.5389,-0.375
13.5417,-0.39
13.5444,-0.39
13.5472,-0.4
13.55,-0.41
13.5528,-0.42
13.5556,-0.405
13.5583,-0.41
13.5611,-0.405
13.5639,-0.425
13.5667,-0.415
13.5694,-0.4
13.5722,-0.405
13.575,-0.415
13.5778,-0.415
13.5806,-0.425
13.5833,-0.425
13.5861,-0.425
13.5889,-0.405
13.5917,-0.41
13.5944,-0.425
13.5972,-0.42
13.6,-0.42
13.6028,-0.395
13.6056,-0.39
13.6083,-0.38
13.6111,-0.375
13.6139,-0.375
13.6167,-0.375
13.6194,-0.355
13.6222,-0.34
13.625,-0.34
13.6278,-0.34
13.6306,-0.35
13.6333,-0.345
13.6361,-0.335
13.6389,-0.31
13.6417,-0.32
13.6444,-0.32
13.6472,-0.325
13.65,-0.32
13.6528,-0.315
13.6556,-0.315
13.6583,-0.31
13.6611,-0.32
13.6639,-0.33
13.6667,-0.33
13.6694,-0.32
13.6722,-0.315
13.675,-0.32
13.6778,-0.34
13.6806,-0.35
13.6833,-0.345
13.6861,-0.33
13.6889,-0.325
13.6917,-0.325
13.6944,-0.335
13.6972,-0.345
13.7,-0.345
13.7028,-0.34
13.7056,-0.325
13.7083,-0.33
13.7111,-0.34
13.7139,-0.34
13.7167,-0.355
13.7194,-0.345
13.7222,-0.355
13.725,-0.355
13.7278,-0.365
13.7306,-0.37
13.7333,-0.36
13.7361,-0.35
13.7389,-0.345
13.7417,-0.37
13.7444,-0.375
13.7472,-0.38
13.75,-0.375
13.7528,-0.36
13.7556,-0.35
13.7583,-0.365
13.7611,-0.355
13.7639,-0.365
13.7667,-0.375
13.7694,-0.365
13.7722,-0.355
13.775,-0.365
13.7778,-0.37
13.7806,-0.385
13.7833,-0.385
13.7861,-0.37
13.7889,-0.375
13.7917,-0.38
13.7944,-0.39
13.7972,-0.395
13.8,-0.39
13.8028,-0.37
13.8056,-0.36
13.8083,-0.355
13.8111,-0.385
13.8139,-0.38
13.8167,-0.38
13.8194,-0.37
13.8222,-0.36
13.825,-0.365
13.8278,-0.37
13.8306,-0.38
13.8333,-0.4
13.8361,-0.395
13.8389,-0.395
13.8417,-0.395
13.8444,-0.385
13.8472,-0.375
13.85,-0.365
13.8528,-0.36
13.8556,-0.355
13.8583,-0.355
13.8611,-0.365
13.8639,-0.375
13.8667,-0.38
13.8694,-0.365
13.8722,-0.35
13.875,-0.36
13.8778,-0.34
13.8806,-0.34
13.8833,-0.335
13.8861,-0.32
13.8889,-0.295
13.8917,-0.295
13.8944,-0.295
13.8972,-0.3
13.9,-0.29
13.9028,-0.285
13.9056,-0.27
13.9083,-0.27
13.9111,-0.255
13.9139,-0.26
13.9167,-0.275
13.9194,-0.265
13.9222,-0.265
13.925,-0.27
13.9278,-0.285
13.9306,-0.28
13.9333,-0.295
13.9361,-0.29
13.9389,-0.29
13.9417,-0.305
13.9444,-0.3
13.9472,-0.29
13.95,-0.27
13.9528,-0.26
13.9556,-0.22
13.9583,-0.235
13.9611,-0.25
13.9639,-0.29
13.9667,-0.315
13.9694,-0.325
13.9722,-0.335
13.975,-0.37
13.9778,-0.385
13.9806,-0.395
13.9833,-0.405
13.9861,-0.405
13.9889,-0.4
13.9917,-0.4
13.9944,-0.39
13.9972,-0.405
14.0,-0.415
14.0028,-0.39
14.0056,-0.395
14.0083,-0.405
14.0111,-0.41
14.0139,-0.42
14.0167,-0.415
14.0194,-0.405
14.0222,-0.395
14.025,-0.415
14.0278,-0.415
14.0306,-0.43
14.0333,-0.43
14.0361,-0.42
14.0389,-0.41
14.0417,-0.425
14.0444,-0.455
14.0472,-0.485
14.05,-0.505
14.0528,-0.5
14.0556,-0.53
14.0583,-0.59
14.0611,-0.605
14.0639,-0.535
14.0667,-0.425
14.0694,-0.265
14.0722,-0.085
14.075,0.125
14.0778,0.39
14.0806,0.615
14.0833,0.77
14.0861,0.82
14.0889,0.66
14.0917,0.285
14.0944,-0.125
14.0972,-0.41
14.1,-0.54
14.1028,-0.55
14.1056,-0.51
14.1083,-0.465
14.1111,-0.455
14.1139,-0.445
14.1167,-0.445
14.1194,-0.435
14.1222,-0.42
14.125,-0.42
14.1278,-0.425
14.1306,-0.44
14.1333,-0.45
14.1361,-0.45
14.1389,-0.435
14.1417,-0.44
14.1444,-0.44
14.1472,-0.45
14.15,-0.46
14.1528,-0.45
14.1556,-0.435
14.1583,-0.44
14.1611,-0.435
14.1639,-0.455
14.1667,-0.47
14.1694,-0.45
14.1722,-0.445
14.175,-0.44
14.1778,-0.44
14.1806,-0.445
14.1833,-0.45
14.1861,-0.45
14.1889,-0.44
14.1917,-0.44
14.1944,-0.44
14.1972,-0.44
14.2,-0.455
14.2028,-0.445
14.2056,-0.44
14.2083,-0.435
14.2111,-0.445
14.2139,-0.455
14.2167,-0.465
14.2194,-0.455
14.2222,-0.44
14.225,-0.45
14.2278,-0.45
14.2306,-0.455
14.2333,-0.445
14.2361,-0.44
14.2389,-0.435
14.2417,-0.445
14.2444,-0.44
14.2472,-0.445
14.25,-0.45
14.2528,-0.445
14.2556,-0.435
14.2583,-0.44
14.2611,-0.445
14.2639,-0.46
14.2667,-0.45
14.2694,-0.44
14.2722,-0.43
14.275,-0.43
14.2778,-0.44
14.2806,-0.45
14.2833,-0.45
14.2861,-0.435
14.2889,-0.44
14.2917,-0.44
14.2944,-0.445
14.2972,-0.46
14.3,-0.465
14.3028,-0.46
14.3056,-0.435
14.3083,-0.44
14.3111,-0.445
14.3139,-0.46
14.3167,-0.46
14.3194,-0.46
14.3222,-0.45
14.325,-0.46
14.3278,-0.47
14.3306,-0.47
14.3333,-0.48
14.3361,-0.465
14.3389,-0.455
14.3417,-0.475
14.3444,-0.48
14.3472,-0.475
14.35,-0.495
14.3528,-0.495
14.3556,-0.475
14.3583,-0.485
14.3611,-0.49
14.3639,-0.495
14.3667,-0.505
14.3694,-0.485
14.3722,-0.485
14.375,-0.475
14.3778,-0.47
14.3806,-0.46
14.3833,-0.46
14.3861,-0.445
14.3889,-0.415
14.3917,-0.41
14.3944,-0.405
14.3972,-0.395
14.4,-0.4
14.4028,-0.38
14.4056,-0.365
14.4083,-0.35
14.4111,-0.345
14.4139,-0.355
14.4167,-0.335
14.4194,-0.335
14.4222,-0.32
14.425,-0.325
14.4278,-0.32
14.4306,-0.34
14.4333,-0.33
14.4361,-0.315
14.4389,-0.31
14.4417,-0.325
14.4444,-0.325
14.4472,-0.325
14.45,-0.335
14.4528,-0.33
14.4556,-0.315
14.4583,-0.33
14.4611,-0.335
14.4639,-0.345
14.4667,-0.345
14.4694,-0.33
14.4722,-0.325
14.475,-0.335
14.4778,-0.335
14.4806,-0.345
14.4833,-0.34
14.4861,-0.34
14.4889,-0.325
14.4917,-0.335
14.4944,-0.34
14.4972,-0.355
14.5,-0.365
14.5028,-0.36
14.5056,-0.35
14.5083,-0.35
14.5111,-0.35
14.5139,-0.36
14.5167,-0.365
14.5194,-0.355
14.5222,-0.35
14.525,-0.35
14.5278,-0.355
14.5306,-0.365
14.5333,-0.36
14.5361,-0.345
14.5389,-0.335
14.5417,-0.35
14.5444,-0.36
14.5472,-0.36
14.55,-0.375
14.5528,-0.365
14.5556,-0.355
14.5583,-0.36
14.5611,-0.365
14.5639,-0.365
14.5667,-0.365
14.5694,-0.375
14.5722,-0.35
14.575,-0.355
14.5778,-0.37
14.5806,-0.38
14.5833,-0.375
14.5861,-0.36
14.5889,-0.35
14.5917,-0.36
14.5944,-0.365
14.5972,-0.365
14.6,-0.375
14.6028,-0.365
14.6056,-0.355
14.6083,-0.355
14.6111,-0.365
14.6139,-0.375
14.6167,-0.37
14.6194,-0.37
14.6222,-0.36
14.625,-0.36
14.6278,-0.355
14.6306,-0.37
14.6333,-0.37
14.6361,-0.365
14.6389,-0.355
14.6417,-0.35
14.6444,-0.355
14.6472,-0.36
14.65,-0.37
14.6528,-0.36
14.6556,-0.34
14.6583,-0.35
14.6611,-0.34
14.6639,-0.335
14.6667,-0.315
14.6694,-0.305
14.6722,-0.285
14.675,-0.28
14.6778,-0.285
14.6806,-0.295
14.6833,-0.285
14.6861,-0.265
14.6889,-0.255
14.6917,-0.245
14.6944,-0.25
14.6972,-0.25
14.7,-0.255
14.7028,-0.255
14.7056,-0.25
14.7083,-0.255
14.7111,-0.26
14.7139,-0.275
14.7167,-0.29
14.7194,-0.26
14.7222,-0.245
14.725,-0.245
14.7278,-0.26
14.7306,-0.28
14.7333,-0.295
14.7361,-0.27
14.7389,-0.235
14.7417,-0.22
14.7444,-0.235
14.7472,-0.27
14.75,-0.305
14.7528,-0.305
14.7556,-0.31
14.7583,-0.325
14.7611,-0.35
14.7639,-0.375
14.7667,-0.38
14.7694,-0.365
14.7722,-0.365
14.775,-0.365
14.7778,-0.37
14.7806,-0.385
14.7833,-0.385
14.7861,-0.37
14.7889,-0.365
14.7917,-0.365
14.7944,-0.38
14.7972,-0.39
14.8,-0.385
14.8028,-0.385
14.8056,-0.385
14.8083,-0.38
14.8111,-0.39
14.8139,-0.39
14.8167,-0.395
14.8194,-0.405
14.8222,-0.39
14.825,-0.4
14.8278,-0.45
14.8306,-0.485
14.8333,-0.515
14.8361,-0.53
14.8389,-0.57
14.8417,-0.59
14.8444,-0.56
14.8472,-0.465
14.85,-0.305
14.8528,-0.125
14.8556,0.105
14.8583,0.385
14.8611,0.675
14.8639,0.865
14.8667,0.955
14.8694,0.885
14.8722,0.62
14.875,0.18
14.8778,-0.22
14.8806,-0.47
14.8833,-0.555
14.8861,-0.54
14.8889,-0.5
14.8917,-0.46
14.8944,-0.43
14.8972,-0.41
14.9,-0.42
14.9028,-0.42
14.9056,-0.405
14.9083,-0.405
14.9111,-0.42
14.9139,-0.425
14.9167,-0.425
14.9194,-0.425
14.9222,-0.41
14.925,-0.41
14.9278,-0.425
14.9306,-0.425
14.9333,-0.44
14.9361,-0.43
14.9389,-0.415
14.9417,-0.415
14.9444,-0.415
14.9472,-0.435
14.95,-0.425
14.9528,-0.425
14.9556,-0.41
14.9583,-0.415
14.9611,-0.415
14.9639,-0.425
14.9667,-0.425
14.9694,-0.415
14.9722,-0.405
14.975,-0.41
14.9778,-0.42
14.9806,-0.415
14.9833,-0.43
14.9861,-0.415
14.9889,-0.405
14.9917,-0.4
14.9944,-0.41
14.9972,-0.415
15.0,-0.42
15.0028,-0.405
15.0056,-0.395
15.0083,-0.395
15.0111,-0.405
15.0139,-0.41
15.0167,-0.415
15.0194,-0.4
15.0222,-0.4
15.025,-0.39
15.0278,-0.41
15.0306,-0.41
15.0333,-0.415
15.0361,-0.4
15.0389,-0.39
15.0417,-0.4
15.0444,-0.4
15.0472,-0.415
15.05,-0.415
15.0528,-0.405
15.0556,-0.4
15.0583,-0.405
15.0611,-0.405
15.0639,-0.41
15.0667,-0.42
15.0694,-0.405
15.0722,-0.395
15.075,-0.395
15.0778,-0.385
15.0806,-0.4
15.0833,-0.42
15.0861,-0.4
15.0889,-0.4
15.0917,-0.4
15.0944,-0.41
15.0972,-0.41
15.1,-0.425
15.1028,-0.415
15.1056,-0.41
15.1083,-0.405
15.1111,-0.425
15.1139,-0.43
15.1167,-0.44
15.1194,-0.435
15.1222,-0.42
15.125,-0.435
15.1278,-0.44
15.1306,-0.455
15.1333,-0.445
15.1361,-0.44
15.1389,-0.425
15.1417,-0.42
15.1444,-0.43
15.1472,-0.425
15.15,-0.41
15.1528,-0.4
15.1556,-0.38
15.1583,-0.38
15.1611,-0.375
15.1639,-0.36
15.1667,-0.36
15.1694,-0.34
15.1722,-0.325
15.175,-0.315
15.1778,-0.33
15.1806,-0.325
15.1833,-0.335
15.1861,-0.305
15.1889,-0.295
15.1917,-0.295
15.1944,-0.305
15.1972,-0.31
15.2,-0.315
15.2028,-0.3
15.2056,-0.29
15.2083,-0.29
15.2111,-0.3
15.2139,-0.305
15.2167,-0.31
15.2194,-0.305
15.2222,-0.295
15.225,-0.29
15.2278,-0.31
15.2306,-0.31
15.2333,-0.31
15.2361,-0.31
15.2389,-0.305
15.2417,-0.31
15.2444,-0.295
15.2472,-0.305
15.25,-0.32
15.2528,-0.31
15.2556,-0.305
15.2583,-0.3
15.2611,-0.32
15.2639,-0.325
15.2667,-0.325
15.2694,-0.315
15.2722,-0.31
15.275,-0.29
15.2778,-0.31
15.2806,-0.315
15.2833,-0.315
15.2861,-0.315
15.2889,-0.305
15.2917,-0.305
15.2944,-0.315
15.2972,-0.345
15.3,-0.335
15.3028,-0.325
15.3056,-0.31
15.3083,-0.31
15.3111,-0.315
15.3139,-0.335
15.3167,-0.33
15.3194,-0.32
15.3222,-0.32
15.325,-0.32
15.3278,-0.335
15.3306,-0.33
15.3333,-0.34
15.3361,-0.34
15.3389,-0.32
15.3417,-0.325
15.3444,-0.33
15.3472,-0.33
15.35,-0.335
15.3528,-0.335
15.3556,-0.325
15.3583,-0.32
15.3611,-0.335
15.3639,-0.335
15.3667,-0.345
15.3694,-0.33
15.3722,-0.32
15.375,-0.32
15.3778,-0.33
15.3806,-0.34
15.3833,-0.345
15.3861,-0.33
15.3889,-0.33
15.3917,-0.32
15.3944,-0.325
15.3972,-0.33
15.4,-0.34
15.4028,-0.325
15.4056,-0.315
15.4083,-0.33
15.4111,-0.33
15.4139,-0.33
15.4167,-0.335
15.4194,-0.325
15.4222,-0.315
15.425,-0.315
15.4278,-0.32
15.4306,-0.33
15.4333,-0.335
15.4361,-0.32
15.4389,-0.315
15.4417,-0.305
15.4444,-0.31
15.4472,-0.305
15.45,-0.305
15.4528,-0.28
15.4556,-0.255
15.4583,-0.245
15.4611,-0.245
15.4639,-0.25
15.4667,-0.255
15.4694,-0.235
15.4722,-0.21
15.475,-0.215
15.4778,-0.21
15.4806,-0.215
15.4833,-0.215
15.4861,-0.205
15.4889,-0.19
15.4917,-0.185
15.4944,-0.19
15.4972,-0.2
15.5,-0.21
15.5028,-0.215
15.5056,-0.2
15.5083,-0.2
15.5111,-0.225
15.5139,-0.22
15.5167,-0.23
15.5194,-0.22
15.5222,-0.23
15.525,-0.22
15.5278,-0.21
15.5306,-0.195
15.5333,-0.195
15.5361,-0.205
15.5389,-0.23
15.5417,-0.255
15.5444,-0.275
15.5472,-0.3
15.55,-0.315
15.5528,-0.31
15.5556,-0.32
15.5583,-0.325
15.5611,-0.325
15.5639,-0.335
15.5667,-0.33
15.5694,-0.325
15.5722,-0.315
15.575,-0.33
15.5778,-0.345
15.5806,-0.345
15.5833,-0.35
15.5861,-0.33
15.5889,-0.335
15.5917,-0.34
15.5944,-0.345
15.5972,-0.35
15.6,-0.35
15.6028,-0.345
15.6056,-0.34
15.6083,-0.345
15.6111,-0.35
15.6139,-0.365
15.6167,-0.39
15.6194,-0.42
15.6222,-0.445
15.625,-0.46
15.6278,-0.485
15.6306,-0.54
15.6333,-0.57
15.6361,-0.515
15.6389,-0.385
15.6417,-0.25
15.6444,-0.095
15.6472,0.09
15.65,0.36
15.6528,0.63
15.6556,0.825
15.6583,0.945
15.6611,0.96
15.6639,0.785
15.6667,0.445
15.6694,0.055
15.6722,-0.245
15.675,-0.435
15.6778,-0.525
15.6806,-0.515
15.6833,-0.49
15.6861,-0.44
15.6889,-0.39
15.6917,-0.37
15.6944,-0.38
15.6972,-0.385
15.7,-0.39
15.7028,-0.365
15.7056,-0.36
15.7083,-0.36
15.7111,-0.37
15.7139,-0.38
15.7167,-0.385
15.7194,-0.375
15.7222,-0.36
15.725,-0.36
15.7278,-0.365
15.7306,-0.375
15.7333,-0.395
15.7361,-0.37
15.7389,-0.355
15.7417,-0.38
15.7444,-0.365
15.7472,-0.385
15.75,-0.37
15.7528,-0.355
15.7556,-0.36
15.7583,-0.355
15.7611,-0.365
15.7639,-0.365
15.7667,-0.37
15.7694,-0.37
15.7722,-0.36
15.775,-0.355
15.7778,-0.355
15.7806,-0.36
15.7833,-0.38
15.7861,-0.365
15.7889,-0.355
15.7917,-0.355
15.7944,-0.355
15.7972,-0.365
15.8,-0.365
15.8028,-0.365
15.8056,-0.35
15.8083,-0.345
15.8111,-0.36
15.8139,-0.355
15.8167,-0.37
15.8194,-0.36
15.8222,-0.355
15.825,-0.355
15.8278,-0.36
15.8306,-0.36
15.8333,-0.365
15.8361,-0.355
15.8389,-0.35
15.8417,-0.35
15.8444,-0.36
15.8472,-0.36
15.85,-0.37
15.8528,-0.355
15.8556,-0.34
15.8583,-0.35
15.8611,-0.355
15.8639,-0.355
15.8667,-0.36
15.8694,-0.345
15.8722,-0.35
15.875,-0.355
15.8778,-0.36
15.8806,-0.36
15.8833,-0.36
15.8861,-0.365
15.8889,-0.35
15.8917,-0.355
15.8944,-0.36
15.8972,-0.37
15.9,-0.37
15.9028,-0.37
15.9056,-0.355
15.9083,-0.355
15.9111,-0.355
15.9139,-0.365
15.9167,-0.37
15.9194,-0.365
15.9222,-0.355
15.925,-0.365
15.9278,-0.365
15.9306,-0.36
15.9333,-0.375
15.9361,-0.365
15.9389,-0.35
15.9417,-0.35
15.9444,-0.365
15.9472,-0.365
15.95,-0.365
15.9528,-0.355
15.9556,-0.34
15.9583,-0.32
15.9611,-0.33
15.9639,-0.325
15.9667,-0.32
15.9694,-0.3
15.9722,-0.29
15.975,-0.28
15.9778,-0.28
15.9806,-0.275
15.9833,-0.285
15.9861,-0.265
15.9889,-0.255
15.9917,-0.26
15.9944,-0.245
15.9972,-0.25
16.0,-0.26
16.0028,-0.25
16.0056,-0.235
16.0083,-0.24
16.0111,-0.245
16.0139,-0.255
16.0167,-0.26
16.0194,-0.245
16.0222,-0.24
16.025,-0.245
16.0278,-0.26
16.0306,-0.265
16.0333,-0.27
16.0361,-0.255
16.0389,-0.25
16.0417,-0.255
16.0444,-0.255
16.0472,-0.26
16.05,-0.27
16.0528,-0.265
16.0556,-0.255
16.0583,-0.26
16.0611,-0.27
16.0639,-0.27
16.0667,-0.265
16.0694,-0.265
16.0722,-0.255
16.075,-0.25
16.0778,-0.265
16.0806,-0.275
16.0833,-0.29
16.0861,-0.275
16.0889,-0.27
16.0917,-0.26
16.0944,-0.28
16.0972,-0.29
16.1,-0.29
16.1028,-0.285
16.1056,-0.285
16.1083,-0.275
16.1111,-0.295
16.1139,-0.295
16.1167,-0.3
16.1194,-0.29
16.1222,-0.285
16.125,-0.29
16.1278,-0.3
16.1306,-0.32
16.1333,-0.32
16.1361,-0.295
16.1389,-0.285
16.1417,-0.29
16.1444,-0.3
16.1472,-0.315
16.15,-0.32
16.1528,-0.31
16.1556,-0.315
16.1583,-0.3
16.1611,-0.305
16.1639,-0.315
16.1667,-0.31
16.1694,-0.295
16.1722,-0.3
16.175,-0.3
16.1778,-0.305
16.1806,-0.315
16.1833,-0.32
16.1861,-0.295
16.1889,-0.29
16.1917,-0.29
16.1944,-0.3
16.1972,-0.305
16.2,-0.305
16.2028,-0.295
16.2056,-0.285
16.2083,-0.3
16.2111,-0.3
16.2139,-0.31
16.2167,-0.31
16.2194,-0.295
16.2222,-0.295
16.225,-0.295
16.2278,-0.3
16.2306,-0.3
16.2333,-0.305
16.2361,-0.295
16.2389,-0.285
16.2417,-0.285
16.2444,-0.285
16.2472,-0.305
16.25,-0.31
16.2528,-0.305
16.2556,-0.295
16.2583,-0.29
16.2611,-0.295
16.2639,-0.3
16.2667,-0.3
16.2694,-0.295
16.2722,-0.275
16.275,-0.26
16.2778,-0.25
16.2806,-0.25
16.2833,-0.235
16.2861,-0.22
16.2889,-0.215
16.2917,-0.225
16.2944,-0.215
16.2972,-0.2
16.3,-0.19
16.3028,-0.175
16.3056,-0.14
16.3083,-0.145
16.3111,-0.14
16.3139,-0.155
16.3167,-0.165
16.3194,-0.15
16.3222,-0.145
16.325,-0.155
16.3278,-0.155
16.3306,-0.175
16.3333,-0.185
16.3361,-0.175
16.3389,-0.17
16.3417,-0.18
16.3444,-0.175
16.3472,-0.15
16.35,-0.15
16.3528,-0.16
16.3556,-0.18
16.3583,-0.2
16.3611,-0.215
16.3639,-0.235
16.3667,-0.26
16.3694,-0.265
16.3722,-0.26
16.375,-0.26
16.3778,-0.27
16.3806,-0.29
16.3833,-0.28
16.3861,-0.27
16.3889,-0.265
16.3917,-0.265
16.3944,-0.28
16.3972,-0.285
16.4,-0.29
16.4028,-0.28
16.4056,-0.275
16.4083,-0.28
16.4111,-0.295
16.4139,-0.31
16.4167,-0.315
16.4194,-0.305
16.4222,-0.31
16.425,-0.305
16.4278,-0.295
16.4306,-0.29
16.4333,-0.305
16.4361,-0.3
16.4389,-0.285
16.4417,-0.295
16.4444,-0.295
16.4472,-0.31
16.45,-0.345
16.4528,-0.375
16.4556,-0.405
16.4583,-0.43
16.4611,-0.48
16.4639,-0.53
16.4667,-0.525
16.4694,-0.435
16.4722,-0.3
16.475,-0.16
16.4778,0.015
16.4806,0.27
16.4833,0.565
16.4861,0.785
16.4889,0.895
16.4917,0.855
16.4944,0.62
16.4972,0.235
16.5,-0.15
16.5028,-0.38
16.5056,-0.415
16.5083,-0.4
16.5111,-0.35
16.5139,-0.335
16.5167,-0.335
16.5194,-0.335
16.5222,-0.325
16.525,-0.32
16.5278,-0.32
16.5306,-0.325
16.5333,-0.34
16.5361,-0.315
16.5389,-0.315
16.5417,-0.315
16.5444,-0.33
16.5472,-0.34
16.55,-0.33
16.5528,-0.32
16.5556,-0.32
16.5583,-0.325
16.5611,-0.335
16.5639,-0.34
16.5667,-0.355
16.5694,-0.335
16.5722,-0.32
16.575,-0.32
16.5778,-0.325
16.5806,-0.34
16.5833,-0.345
16.5861,-0.335
16.5889,-0.33
16.5917,-0.33
16.5944,-0.325
16.5972,-0.33
16.6,-0.335
16.6028,-0.325
16.6056,-0.315
16.6083,-0.32
16.6111,-0.32
16.6139,-0.33
16.6167,-0.35
16.6194,-0.34
16.6222,-0.325
16.625,-0.31
16.6278,-0.315
16.6306,-0.33
16.6333,-0.33
16.6361,-0.32
16.6389,-0.315
16.6417,-0.315
16.6444,-0.335
16.6472,-0.335
16.65,-0.33
16.6528,-0.335
16.6556,-0.32
16.6583,-0.325
16.6611,-0.335
16.6639,-0.345
16.6667,-0.345
16.6694,-0.335
16.6722,-0.33
16.675,-0.335
16.6778,-0.34
16.6806,-0.345
16.6833,-0.355
16.6861,-0.345
16.6889,-0.335
16.6917,-0.33
16.6944,-0.325
16.6972,-0.32
16.7,-0.32
16.7028,-0.32
16.7056,-0.31
16.7083,-0.305
16.7111,-0.32
16.7139,-0.335
16.7167,-0.34
16.7194,-0.335
16.7222,-0.335
16.725,-0.33
16.7278,-0.355
16.7306,-0.345
16.7333,-0.355
16.7361,-0.345
16.7389,-0.345
16.7417,-0.36
16.7444,-0.37
16.7472,-0.37
16.75,-0.38
16.7528,-0.375
16.7556,-0.37
16.7583,-0.36
16.7611,-0.365
16.7639,-0.355
16.7667,-0.355
16.7694,-0.35
16.7722,-0.345
16.775,-0.325
16.7778,-0.335
16.7806,-0.335
16.7833,-0.335
16.7861,-0.335
16.7889,-0.31
16.7917,-0.3
16.7944,-0.305
16.7972,-0.305
16.8,-0.3
16.8028,-0.285
16.8056,-0.27
16.8083,-0.275
16.8111,-0.285
16.8139,-0.275
16.8167,-0.28
16.8194,-0.27
16.8222,-0.255
16.825,-0.265
16.8278,-0.255
16.8306,-0.255
16.8333,-0.26
16.8361,-0.25
16.8389,-0.235
16.8417,-0.24
16.8444,-0.245
16.8472,-0.255
16.85,-0.26
16.8528,-0.265
16.8556,-0.26
16.8583,-0.255
16.8611,-0.26
16.8639,-0.27
16.8667,-0.27
16.8694,-0.265
16.8722,-0.25
16.875,-0.26
16.8778,-0.26
16.8806,-0.27
16.8833,-0.275
16.8861,-0.275
16.8889,-0.265
16.8917,-0.27
16.8944,-0.275
16.8972,-0.275
16.9,-0.265
16.9028,-0.26
16.9056,-0.255
16.9083,-0.265
16.9111,-0.29
16.9139,-0.295
16.9167,-0.295
16.9194,-0.295
16.9222,-0.275
16.925,-0.29
16.9278,-0.3
16.9306,-0.3
16.9333,-0.3
16.9361,-0.295
16.9389,-0.29
16.9417,-0.3
16.9444,-0.3
16.9472,-0.31
16.95,-0.305
16.9528,-0.31
16.9556,-0.29
16.9583,-0.295
16.9611,-0.295
16.9639,-0.295
16.9667,-0.305
16.9694,-0.3
16.9722,-0.29
16.975,-0.3
16.9778,-0.32
16.9806,-0.32
16.9833,-0.32
16.9861,-0.325
16.9889,-0.295
16.9917,-0.305
16.9944,-0.305
16.9972,-0.325
17.0,-0.325
17.0028,-0.315
17.0056,-0.305
17.0083,-0.315
17.0111,-0.32
17.0139,-0.325
17.0167,-0.335
17.0194,-0.33
17.0222,-0.32
17.025,-0.315
17.0278,-0.315
17.0306,-0.32
17.0333,-0.34
17.0361,-0.31
17.0389,-0.31
17.0417,-0.305
17.0444,-0.315
17.0472,-0.33
17.05,-0.33
17.0528,-0.31
17.0556,-0.315
17.0583,-0.305
17.0611,-0.305
17.0639,-0.32
17.0667,-0.35
17.0694,-0.32
17.0722,-0.305
17.075,-0.315
17.0778,-0.32
17.0806,-0.3
17.0833,-0.325
17.0861,-0.305
17.0889,-0.3
17.0917,-0.295
17.0944,-0.285
17.0972,-0.285
17.1,-0.28
17.1028,-0.285
17.1056,-0.25
17.1083,-0.25
17.1111,-0.26
17.1139,-0.24
17.1167,-0.245
17.1194,-0.22
17.1222,-0.21
17.125,-0.2
17.1278,-0.22
17.1306,-0.21
17.1333,-0.22
17.1361,-0.205
17.1389,-0.19
17.1417,-0.195
17.1444,-0.2
17.1472,-0.215
17.15,-0.23
17.1528,-0.23
17.1556,-0.215
17.1583,-0.23
17.1611,-0.245
17.1639,-0.245
17.1667,-0.265
17.1694,-0.26
17.1722,-0.23
17.175,-0.22
17.1778,-0.215
17.1806,-0.235
17.1833,-0.26
17.1861,-0.265
17.1889,-0.27
17.1917,-0.285
17.1944,-0.31
17.1972,-0.335
17.2,-0.335
17.2028,-0.325
17.2056,-0.33
17.2083,-0.335
17.2111,-0.355
17.2139,-0.355
17.2167,-0.375
17.2194,-0.36
17.2222,-0.345
17.225,-0.36
17.2278,-0.365
17.2306,-0.365
17.2333,-0.38
17.2361,-0.36
17.2389,-0.36
17.2417,-0.36
17.2444,-0.37
17.2472,-0.38
17.25,-0.38
17.2528,-0.36
17.2556,-0.35
17.2583,-0.34
17.2611,-0.365
17.2639,-0.385
17.2667,-0.395
17.2694,-0.41
17.2722,-0.43
17.275,-0.44
17.2778,-0.47
17.2806,-0.53
17.2833,-0.58
17.2861,-0.595
17.2889,-0.53
17.2917,-0.42
17.2944,-0.295
17.2972,-0.165
17.3,0.015
17.3028,0.295
17.3056,0.56
17.3083,0.775
17.3111,0.915
17.3139,0.94
17.3167,0.815
17.3194,0.595
17.3222,0.33
17.325,0.075
17.3278,-0.125
17.3306,-0.255
17.3333,-0.34
17.3361,-0.39
17.3389,-0.455
17.3417,-0.505
17.3444,-0.545
17.3472,-0.56
17.35,-0.52
17.3528,-0.445
17.3556,-0.42
17.3583,-0.42
17.3611,-0.425
17.3639,-0.425
17.3667,-0.415
17.3694,-0.41
17.3722,-0.41
17.375,-0.41
17.3778,-0.41
17.3806,-0.415
17.3833,-0.415
17.3861,-0.405
17.3889,-0.415
17.3917,-0.425
17.3944,-0.43
17.3972,-0.44
17.4,-0.43
17.4028,-0.405
17.4056,-0.405
17.4083,-0.41
17.4111,-0.42
17.4139,-0.42
17.4167,-0.43
17.4194,-0.425
17.4222,-0.405
17.425,-0.4
17.4278,-0.41
17.4306,-0.435
17.4333,-0.43
17.4361,-0.435
17.4389,-0.415
17.4417,-0.43
17.4444,-0.415
17.4472,-0.415
17.45,-0.425
17.4528,-0.425
17.4556,-0.41
17.4583,-0.41
17.4611,-0.42
17.4639,-0.435
17.4667,-0.425
17.4694,-0.425
17.4722,-0.42
17.475,-0.43
17.4778,-0.43
17.4806,-0.44
17.4833,-0.44
17.4861,-0.425
17.4889,-0.42
17.4917,-0.42
17.4944,-0.425
17.4972,-0.435
17.5,-0.435
17.5028,-0.425
17.5056,-0.415
17.5083,-0.42
17.5111,-0.42
17.5139,-0.42
17.5167,-0.425
17.5194,-0.43
17.5222,-0.42
17.525,-0.415
17.5278,-0.42
17.5306,-0.42
17.5333,-0.42
17.5361,-0.425
17.5389,-0.42
17.5417,-0.42
17.5444,-0.42
17.5472,-0.44
17.55,-0.445
17.5528,-0.44
17.5556,-0.44
17.5583,-0.435
17.5611,-0.455
17.5639,-0.465
17.5667,-0.46
17.5694,-0.47
17.5722,-0.465
17.575,-0.46
17.5778,-0.475
17.5806,-0.485
17.5833,-0.485
17.5861,-0.5
17.5889,-0.48
17.5917,-0.47
17.5944,-0.49
17.5972,-0.49
17.6,-0.485
17.6028,-0.48
17.6056,-0.45
17.6083,-0.455
17.6111,-0.455
17.6139,-0.445
17.6167,-0.435
17.6194,-0.415
17.6222,-0.4
17.625,-0.385
17.6278,-0.385
17.6306,-0.37
17.6333,-0.37
17.6361,-0.36
17.6389,-0.35
17.6417,-0.34
17.6444,-0.335
17.6472,-0.34
17.65,-0.345
17.6528,-0.335
17.6556,-0.32
17.6583,-0.315
17.6611,-0.325
17.6639,-0.335
17.6667,-0.33
17.6694,-0.325
17.6722,-0.31
17.675,-0.315
17.6778,-0.32
17.6806,-0.32
17.6833,-0.325
17.6861,-0.325
17.6889,-0.315
17.6917,-0.315
17.6944,-0.32
17.6972,-0.325
17.7,-0.345
17.7028,-0.325
17.7056,-0.32
17.7083,-0.32
17.7111,-0.335
17.7139,-0.345
17.7167,-0.345
17.7194,-0.35
17.7222,-0.335
17.725,-0.33
17.7278,-0.335
17.7306,-0.35
17.7333,-0.345
17.7361,-0.34
17.7389,-0.335
17.7417,-0.33
17.7444,-0.345
17.7472,-0.35
17.75,-0.35
17.7528,-0.34
17.7556,-0.33
17.7583,-0.34
17.7611,-0.345
17.7639,-0.36
17.7667,-0.365
17.7694,-0.345
17.7722,-0.34
17.775,-0.34
17.7778,-0.355
17.7806,-0.365
17.7833,-0.36
17.7861,-0.35
17.7889,-0.345
17.7917,-0.345
17.7944,-0.355
17.7972,-0.37
17.8,-0.37
17.8028,-0.355
17.8056,-0.355
17.8083,-0.345
17.8111,-0.35
17.8139,-0.37
17.8167,-0.36
17.8194,-0.365
17.8222,-0.36
17.825,-0.355
17.8278,-0.355
17.8306,-0.36
17.8333,-0.365
17.8361,-0.365
17.8389,-0.355
17.8417,-0.35
17.8444,-0.36
17.8472,-0.37
17.85,-0.365
17.8528,-0.36
17.8556,-0.345
17.8583,-0.35
17.8611,-0.355
17.8639,-0.37
17.8667,-0.37
17.8694,-0.355
17.8722,-0.36
17.875,-0.355
17.8778,-0.355
17.8806,-0.365
17.8833,-0.365
17.8861,-0.355
17.8889,-0.345
17.8917,-0.35
17.8944,-0.355
17.8972,-0.36
17.9,-0.36
17.9028,-0.345
17.9056,-0.35
17.9083,-0.34
17.9111,-0.345
17.9139,-0.35
17.9167,-0.35
17.9194,-0.34
17.9222,-0.34
17.925,-0.335
17.9278,-0.34
17.9306,-0.33
17.9333,-0.315
17.9361,-0.3
17.9389,-0.295
17.9417,-0.29
17.9444,-0.285
17.9472,-0.29
17.95,-0.285
17.9528,-0.275
17.9556,-0.26
17.9583,-0.25
17.9611,-0.25
17.9639,-0.25
17.9667,-0.26
17.9694,-0.25
17.9722,-0.24
17.975,-0.25
17.9778,-0.26
17.9806,-0.28
17.9833,-0.28
17.9861,-0.27
17.9889,-0.25
17.9917,-0.265
17.9944,-0.27
17.9972,-0.28
18.0,-0.275
18.0028,-0.245
18.0056,-0.24
18.0083,-0.245
18.0111,-0.285
18.0139,-0.305
18.0167,-0.325
18.0194,-0.33
18.0222,-0.345
18.025,-0.355
18.0278,-0.37
18.0306,-0.385
18.0333,-0.375
18.0361,-0.38
18.0389,-0.365
18.0417,-0.375
18.0444,-0.38
18.0472,-0.38
18.05,-0.4
18.0528,-0.38
18.0556,-0.385
18.0583,-0.375
18.0611,-0.385
18.0639,-0.4
18.0667,-0.405
18.0694,-0.395
18.0722,-0.385
18.075,-0.39
18.0778,-0.4
18.0806,-0.41
18.0833,-0.41
18.0861,-0.405
18.0889,-0.4
18.0917,-0.42
18.0944,-0.44
18.0972,-0.49
18.1,-0.53
18.1028,-0.54
18.1056,-0.555
18.1083,-0.6
18.1111,-0.645
18.1139,-0.655
18.1167,-0.615
18.1194,-0.54
18.1222,-0.435
18.125,-0.33
18.1278,-0.215
18.1306,-0.09
18.1333,0.11
18.1361,0.355
18.1389,0.615
18.1417,0.805
18.1444,0.915
18.1472,0.925
18.15,0.79
18.1528,0.465
18.1556,0.065
18.1583,-0.3
18.1611,-0.495
18.1639,-0.54
18.1667,-0.505
18.1694,-0.44
18.1722,-0.415
18.175,-0.41
18.1778,-0.435
18.1806,-0.435
18.1833,-0.44
18.1861,-0.425
18.1889,-0.425
18.1917,-0.425
18.1944,-0.43
18.1972,-0.435
18.2,-0.445
18.2028,-0.44
18.2056,-0.435
18.2083,-0.43
18.2111,-0.43
18.2139,-0.43
18.2167,-0.445
18.2194,-0.44
18.2222,-0.435
18.225,-0.435
18.2278,-0.435
18.2306,-0.44
18.2333,-0.445
18.2361,-0.44
18.2389,-0.405
18.2417,-0.425
18.2444,-0.42
18.2472,-0.44
18.25,-0.44
18.2528,-0.425
18.2556,-0.44
18.2583,-0.435
18.2611,-0.425
18.2639,-0.44
18.2667,-0.45
18.2694,-0.425
18.2722,-0.42
18.275,-0.42
18.2778,-0.425
18.2806,-0.43
18.2833,-0.435
18.2861,-0.42
18.2889,-0.41
18.2917,-0.42
18.2944,-0.425
18.2972,-0.43
18.3,-0.435
18.3028,-0.435
18.3056,-0.425
18.3083,-0.43
18.3111,-0.435
18.3139,-0.44
18.3167,-0.435
18.3194,-0.435
18.3222,-0.425
18.325,-0.425
18.3278,-0.435
18.3306,-0.42
18.3333,-0.435
18.3361,-0.435
18.3389,-0.42
18.3417,-0.425
18.3444,-0.425
18.3472,-0.43
18.35,-0.43
18.3528,-0.425
18.3556,-0.42
18.3583,-0.42
18.3611,-0.43
18.3639,-0.43
18.3667,-0.435
18.3694,-0.435
18.3722,-0.435
18.375,-0.43
18.3778,-0.44
18.3806,-0.45
18.3833,-0.465
18.3861,-0.46
18.3889,-0.445
18.3917,-0.45
18.3944,-0.455
18.3972,-0.46
18.4,-0.455
18.4028,-0.46
18.4056,-0.46
18.4083,-0.445
18.4111,-0.455
18.4139,-0.465
18.4167,-0.47
18.4194,-0.455
18.4222,-0.44
18.425,-0.435
18.4278,-0.455
18.4306,-0.445
18.4333,-0.435
18.4361,-0.43
18.4389,-0.41
18.4417,-0.415
18.4444,-0.41
18.4472,-0.405
18.45,-0.405
18.4528,-0.385
18.4556,-0.375
18.4583,-0.375
18.4611,-0.375
18.4639,-0.365
18.4667,-0.365
18.4694,-0.355
18.4722,-0.345
18.475,-0.335
18.4778,-0.35
18.4806,-0.345
18.4833,-0.355
18.4861,-0.345
18.4889,-0.34
18.4917,-0.32
18.4944,-0.325
18.4972,-0.34
18.5,-0.34
18.5028,-0.335
18.5056,-0.32
18.5083,-0.32
18.5111,-0.325
18.5139,-0.345
18.5167,-0.345
18.5194,-0.33
18.5222,-0.33
18.525,-0.335
18.5278,-0.33
18.5306,-0.345
18.5333,-0.34
18.5361,-0.345
18.5389,-0.335
18.5417,-0.335
18.5444,-0.345
18.5472,-0.35
18.55,-0.35
18.5528,-0.345
18.5556,-0.34
18.5583,-0.34
18.5611,-0.345
18.5639,-0.36
18.5667,-0.37
18.5694,-0.365
18.5722,-0.35
18.575,-0.365
18.5778,-0.36
18.5806,-0.365
18.5833,-0.365
18.5861,-0.37
18.5889,-0.355
18.5917,-0.36
18.5944,-0.365
18.5972,-0.375
18.6,-0.38
18.6028,-0.365
18.6056,-0.365
18.6083,-0.365
18.6111,-0.37
18.6139,-0.38
18.6167,-0.385
18.6194,-0.375
18.6222,-0.38
18.625,-0.375
18.6278,-0.37
18.6306,-0.385
18.6333,-0.385
18.6361,-0.38
18.6389,-0.375
18.6417,-0.365
18.6444,-0.37
18.6472,-0.39
18.65,-0.39
18.6528,-0.375
18.6556,-0.37
18.6583,-0.375
18.6611,-0.37
18.6639,-0.38
18.6667,-0.4
18.6694,-0.38
18.6722,-0.38
18.675,-0.38
18.6778,-0.38
18.6806,-0.375
18.6833,-0.38
18.6861,-0.375
18.6889,-0.37
18.6917,-0.36
18.6944,-0.375
18.6972,-0.385
18.7,-0.385
18.7028,-0.375
18.7056,-0.36
18.7083,-0.37
18.7111,-0.37
18.7139,-0.375
18.7167,-0.38
18.7194,-0.375
18.7222,-0.38
18.725,-0.36
18.7278,-0.375
18.7306,-0.365
18.7333,-0.375
18.7361,-0.365
18.7389,-0.355
18.7417,-0.355
18.7444,-0.36
18.7472,-0.365
18.75,-0.355
18.7528,-0.325
18.7556,-0.31
18.7583,-0.3
18.7611,-0.295
18.7639,-0.3
18.7667,-0.315
18.7694,-0.29
18.7722,-0.28
18.775,-0.275
18.7778,-0.275
18.7806,-0.275
18.7833,-0.275
18.7861,-0.265
18.7889,-0.26
18.7917,-0.25
18.7944,-0.27
18.7972,-0.275
18.8,-0.28
18.8028,-0.28
18.8056,-0.28
18.8083,-0.28
18.8111,-0.29
18.8139,-0.29
18.8167,-0.275
18.8194,-0.275
18.8222,-0.275
18.825,-0.275
18.8278,-0.29
18.8306,-0.305
18.8333,-0.29
18.8361,-0.27
18.8389,-0.24
18.8417,-0.245
18.8444,-0.28
18.8472,-0.305
18.85,-0.32
18.8528,-0.325
18.8556,-0.335
18.8583,-0.36
18.8611,-0.37
18.8639,-0.385
18.8667,-0.395
18.8694,-0.385
18.8722,-0.38
18.875,-0.37
18.8778,-0.38
18.8806,-0.395
18.8833,-0.4
18.8861,-0.4
18.8889,-0.39
18.8917,-0.395
18.8944,-0.405
18.8972,-0.405
18.9,-0.4
18.9028,-0.39
18.9056,-0.385
18.9083,-0.39
18.9111,-0.39
18.9139,-0.41
18.9167,-0.41
18.9194,-0.395
18.9222,-0.39
18.925,-0.4
18.9278,-0.42
18.9306,-0.45
18.9333,-0.485
18.9361,-0.52
18.9389,-0.53
18.9417,-0.55
18.9444,-0.6
18.9472,-0.635
18.95,-0.615
18.9528,-0.535
18.9556,-0.405
18.9583,-0.275
18.9611,-0.115
18.9639,0.085
18.9667,0.355
18.9694,0.63
18.9722,0.805
18.975,0.89
18.9778,0.85
18.9806,0.6
18.9833,0.23
18.9861,-0.16
18.9889,-0.415
18.9917,-0.535
18.9944,-0.555
18.9972,-0.54
19.0,-0.485
19.0028,-0.44
19.0056,-0.435
19.0083,-0.44
19.0111,-0.45
19.0139,-0.44
19.0167,-0.45
19.0194,-0.445
19.0222,-0.445
19.025,-0.45
19.0278,-0.45
19.0306,-0.455
19.0333,-0.455
19.0361,-0.45
19.0389,-0.445
19.0417,-0.435
19.0444,-0.435
19.0472,-0.455
19.05,-0.445
19.0528,-0.43
19.0556,-0.425
19.0583,-0.42
19.0611,-0.43
19.0639,-0.445
19.0667,-0.445
19.0694,-0.445
19.0722,-0.43
19.075,-0.435
19.0778,-0.44
19.0806,-0.445
19.0833,-0.445
19.0861,-0.435
19.0889,-0.435
19.0917,-0.445
19.0944,-0.45
19.0972,-0.44
19.1,-0.45
19.1028,-0.435
19.1056,-0.435
19.1083,-0.445
19.1111,-0.435
19.1139,-0.435
19.1167,-0.44
19.1194,-0.44
19.1222,-0.425
19.125,-0.42
19.1278,-0.43
19.1306,-0.435
19.1333,-0.45
19.1361,-0.445
19.1389,-0.44
19.1417,-0.44
19.1444,-0.435
19.1472,-0.435
19.15,-0.445
19.1528,-0.44
19.1556,-0.44
19.1583,-0.43
19.1611,-0.425
19.1639,-0.435
19.1667,-0.44
19.1694,-0.43
19.1722,-0.425
19.175,-0.425
19.1778,-0.425
19.1806,-0.45
19.1833,-0.445
19.1861,-0.425
19.1889,-0.425
19.1917,-0.425
19.1944,-0.435
19.1972,-0.44
19.2,-0.445
19.2028,-0.43
19.2056,-0.43
19.2083,-0.42
19.2111,-0.43
19.2139,-0.44
19.2167,-0.45
19.2194,-0.445
19.2222,-0.44
19.225,-0.44
19.2278,-0.44
19.2306,-0.455
19.2333,-0.46
19.2361,-0.44
19.2389,-0.435
19.2417,-0.435
19.2444,-0.445
19.2472,-0.455
19.25,-0.46
19.2528,-0.445
19.2556,-0.43
19.2583,-0.43
19.2611,-0.42
19.2639,-0.425
19.2667,-0.425
19.2694,-0.41
19.2722,-0.39
19.275,-0.385
19.2778,-0.395
19.2806,-0.39
19.2833,-0.385
19.2861,-0.37
19.2889,-0.355
19.2917,-0.35
19.2944,-0.345
19.2972,-0.345
19.3,-0.355
19.3028,-0.34
19.3056,-0.335
19.3083,-0.33
19.3111,-0.335
19.3139,-0.335
19.3167,-0.345
19.3194,-0.34
19.3222,-0.33
19.325,-0.315
19.3278,-0.33
19.3306,-0.34
19.3333,-0.34
19.3361,-0.325
19.3389,-0.315
19.3417,-0.33
19.3444,-0.325
19.3472,-0.35
19.35,-0.345
19.3528,-0.33
19.3556,-0.315
19.3583,-0.325
19.3611,-0.33
19.3639,-0.34
19.3667,-0.345
19.3694,-0.34
19.3722,-0.33
19.375,-0.325
19.3778,-0.335
19.3806,-0.35
19.3833,-0.36
19.3861,-0.345
19.3889,-0.335
19.3917,-0.33
19.3944,-0.345
19.3972,-0.36
19.4,-0.36
19.4028,-0.35
19.4056,-0.35
19.4083,-0.35
19.4111,-0.345
19.4139,-0.365
19.4167,-0.37
19.4194,-0.37
19.4222,-0.355
19.425,-0.355
19.4278,-0.365
19.4306,-0.38
19.4333,-0.38
19.4361,-0.37
19.4389,-0.37
19.4417,-0.37
19.4444,-0.37
19.4472,-0.385
19.45,-0.385
19.4528,-0.38
19.4556,-0.37
19.4583,-0.365
19.4611,-0.375
19.4639,-0.38
19.4667,-0.375
19.4694,-0.38
19.4722,-0.37
19.475,-0.365
19.4778,-0.375
19.4806,-0.385
19.4833,-0.385
19.4861,-0.39
19.4889,-0.375
19.4917,-0.365
19.4944,-0.375
19.4972,-0.38
19.5,-0.385
19.5028,-0.37
19.5056,-0.36
19.5083,-0.37
19.5111,-0.37
19.5139,-0.375
19.5167,-0.38
19.5194,-0.375
19.5222,-0.37
19.525,-0.37
19.5278,-0.37
19.5306,-0.37
19.5333,-0.375
19.5361,-0.37
19.5389,-0.36
19.5417,-0.36
19.5444,-0.36
19.5472,-0.38
19.55,-0.37
19.5528,-0.365
19.5556,-0.35
19.5583,-0.35
19.5611,-0.36
19.5639,-0.36
19.5667,-0.36
19.5694,-0.355
19.5722,-0.34
19.575,-0.335
19.5778,-0.33
19.5806,-0.325
19.5833,-0.31
19.5861,-0.3
19.5889,-0.29
19.5917,-0.285
19.5944,-0.29
19.5972,-0.295
19.6,-0.295
19.6028,-0.27
19.6056,-0.255
19.6083,-0.245
19.6111,-0.245
19.6139,-0.25
19.6167,-0.27
19.6194,-0.255
19.6222,-0.25
19.625,-0.255
19.6278,-0.27
19.6306,-0.27
19.6333,-0.275
19.6361,-0.27
19.6389,-0.27
19.6417,-0.275
19.6444,-0.28
19.6472,-0.275
19.65,-0.245
19.6528,-0.23
19.6556,-0.24
19.6583,-0.265
19.6611,-0.305
19.6639,-0.31
19.6667,-0.325
19.6694,-0.325
19.6722,-0.335
19.675,-0.345
19.6778,-0.365
19.6806,-0.365
19.6833,-0.37
19.6861,-0.37
19.6889,-0.375
19.6917,-0.37
19.6944,-0.38
19.6972,-0.38
19.7,-0.38
19.7028,-0.38
19.7056,-0.365
19.7083,-0.38
19.7111,-0.39
19.7139,-0.39
19.7167,-0.4
19.7194,-0.39
19.7222,-0.38
19.725,-0.38
19.7278,-0.38
19.7306,-0.41
19.7333,-0.395
19.7361,-0.395
19.7389,-0.405
19.7417,-0.395
19.7444,-0.4
19.7472,-0.425
19.75,-0.425
19.7528,-0.43
19.7556,-0.46
19.7583,-0.49
19.7611,-0.53
19.7639,-0.545
19.7667,-0.59
19.7694,-0.63
19.7722,-0.615
19.775,-0.545
19.7778,-0.43
19.7806,-0.305
19.7833,-0.155
19.7861,0.08
19.7889,0.345
19.7917,0.58
19.7944,0.725
19.7972,0.76
19.8,0.665
19.8028,0.395
19.8056,0.03
19.8083,-0.285
19.8111,-0.495
19.8139,-0.56
19.8167,-0.525
19.8194,-0.47
19.8222,-0.44
19.825,-0.42
19.8278,-0.44
19.8306,-0.445
19.8333,-0.445
19.8361,-0.435
19.8389,-0.43
19.8417,-0.425
19.8444,-0.435
19.8472,-0.435
19.85,-0.435
19.8528,-0.42
19.8556,-0.425
19.8583,-0.415
19.8611,-0.42
19.8639,-0.43
19.8667,-0.44
19.8694,-0.44
19.8722,-0.44
19.875,-0.445
19.8778,-0.43
19.8806,-0.44
19.8833,-0.43
19.8861,-0.415
19.8889,-0.415
19.8917,-0.42
19.8944,-0.435
19.8972,-0.435
19.9,-0.445
19.9028,-0.44
19.9056,-0.435
19.9083,-0.425
19.9111,-0.43
19.9139,-0.445
19.9167,-0.44
19.9194,-0.425
19.9222,-0.425
19.925,-0.41
19.9278,-0.415
19.9306,-0.42
19.9333,-0.445
19.9361,-0.425
19.9389,-0.41
19.9417,-0.415
19.9444,-0.42
19.9472,-0.425
19.95,-0.425
19.9528,-0.42
19.9556,-0.415
19.9583,-0.41
19.9611,-0.425
19.9639,-0.425
19.9667,-0.425
19.9694,-0.42
19.9722,-0.41
19.975,-0.4
19.9778,-0.42
19.9806,-0.42
19.9833,-0.44
19.9861,-0.425
19.9889,-0.425
19.9917,-0.405
19.9944,-0.405
19.9972,-0.415
20.0,-0.415
20.0028,-0.395
20.0056,-0.41
20.0083,-0.415
20.0111,-0.425
20.0139,-0.42
20.0167,-0.425
20.0194,-0.405
20.0222,-0.405
20.025,-0.4
20.0278,-0.41
20.0306,-0.415
20.0333,-0.415
20.0361,-0.42
20.0389,-0.4
20.0417,-0.415
20.0444,-0.425
20.0472,-0.435
20.05,-0.435
20.0528,-0.435
20.0556,-0.43
20.0583,-0.425
20.0611,-0.435
20.0639,-0.445
20.0667,-0.45
20.0694,-0.44
20.0722,-0.435
20.075,-0.435
20.0778,-0.45
20.0806,-0.45
20.0833,-0.45
20.0861,-0.435
20.0889,-0.425
20.0917,-0.41
20.0944,-0.415
20.0972,-0.41
20.1,-0.405
20.1028,-0.375
20.1056,-0.37
20.1083,-0.365
20.1111,-0.365
20.1139,-0.365
20.1167,-0.36
20.1194,-0.35
20.1222,-0.335
20.125,-0.345
20.1278,-0.33
20.1306,-0.34
20.1333,-0.35
20.1361,-0.345
20.1389,-0.34
20.1417,-0.345
20.1444,-0.355
20.1472,-0.355
20.15,-0.355
20.1528,-0.355
20.1556,-0.345
20.1583,-0.345
20.1611,-0.345
20.1639,-0.365
20.1667,-0.365
20.1694,-0.34
20.1722,-0.33
20.175,-0.335
20.1778,-0.355
20.1806,-0.36
20.1833,-0.36
20.1861,-0.35
20.1889,-0.355
20.1917,-0.345
20.1944,-0.35
20.1972,-0.355
20.2,-0.37
20.2028,-0.365
20.2056,-0.355
20.2083,-0.35
20.2111,-0.36
20.2139,-0.37
20.2167,-0.385
20.2194,-0.375
20.2222,-0.36
20.225,-0.355
20.2278,-0.355
20.2306,-0.365
20.2333,-0.385
20.2361,-0.38
20.2389,-0.37
20.2417,-0.365
20.2444,-0.36
20.2472,-0.37
20.25,-0.38
20.2528,-0.38
20.2556,-0.365
20.2583,-0.37
20.2611,-0.375
20.2639,-0.39
20.2667,-0.395
20.2694,-0.395
20.2722,-0.39
20.275,-0.39
20.2778,-0.39
20.2806,-0.4
20.2833,-0.4
20.2861,-0.39
20.2889,-0.38
20.2917,-0.37
20.2944,-0.38
20.2972,-0.39
20.3,-0.395
20.3028,-0.385
20.3056,-0.38
20.3083,-0.385
20.3111,-0.395
20.3139,-0.395
20.3167,-0.4
20.3194,-0.38
20.3222,-0.385
20.325,-0.37
20.3278,-0.38
20.3306,-0.385
20.3333,-0.385
20.3361,-0.39
20.3389,-0.38
20.3417,-0.375
20.3444,-0.375
20.3472,-0.39
20.35,-0.39
20.3528,-0.385
20.3556,-0.37
20.3583,-0.375
20.3611,-0.38
20.3639,-0.385
20.3667,-0.37
20.3694,-0.36
20.3722,-0.345
20.375,-0.34
20.3778,-0.35
20.3806,-0.35
20.3833,-0.345
20.3861,-0.335
20.3889,-0.33
20.3917,-0.32
20.3944,-0.32
20.3972,-0.315
20.4,-0.32
20.4028,-0.315
20.4056,-0.295
20.4083,-0.29
20.4111,-0.29
20.4139,-0.285
20.4167,-0.285
20.4194,-0.265
20.4222,-0.27
20.425,-0.285
20.4278,-0.295
20.4306,-0.3
20.4333,-0.31
20.4361,-0.295
20.4389,-0.285
20.4417,-0.3
20.4444,-0.305
20.4472,-0.31
20.45,-0.3
20.4528,-0.28
20.4556,-0.275
20.4583,-0.29
20.4611,-0.34
20.4639,-0.36
20.4667,-0.365
20.4694,-0.385
20.4722,-0.39
20.475,-0.395
20.4778,-0.4
20.4806,-0.425
20.4833,-0.425
20.4861,-0.415
20.4889,-0.405
20.4917,-0.4
20.4944,-0.405
20.4972,-0.395
20.5,-0.41
20.5028,-0.41
20.5056,-0.405
20.5083,-0.405
20.5111,-0.425
20.5139,-0.42
20.5167,-0.425
20.5194,-0.415
20.5222,-0.405
20.525,-0.405
20.5278,-0.415
20.5306,-0.425
20.5333,-0.425
20.5361,-0.43
20.5389,-0.425
20.5417,-0.445
20.5444,-0.49
20.5472,-0.525
20.55,-0.535
20.5528,-0.575
20.5556,-0.615
20.5583,-0.655
20.5611,-0.67
20.5639,-0.65
20.5667,-0.615
20.5694,-0.565
20.5722,-0.5
20.575,-0.43
20.5778,-0.355
20.5806,-0.29
20.5833,-0.17
20.5861,0.045
20.5889,0.305
20.5917,0.575
20.5944,0.735
20.5972,0.78
20.6,0.64
20.6028,0.32
20.6056,-0.045
20.6083,-0.32
20.6111,-0.485
20.6139,-0.54
20.6167,-0.535
20.6194,-0.49
20.6222,-0.465
20.625,-0.45
20.6278,-0.445
20.6306,-0.44
20.6333,-0.44
20.6361,-0.425
20.6389,-0.43
20.6417,-0.45
20.6444,-0.45
20.6472,-0.465
20.65,-0.455
20.6528,-0.46
20.6556,-0.455
20.6583,-0.46
20.6611,-0.46
20.6639,-0.47
20.6667,-0.465
20.6694,-0.455
20.6722,-0.435
20.675,-0.435
20.6778,-0.445
20.6806,-0.445
20.6833,-0.455
20.6861,-0.46
20.6889,-0.445
20.6917,-0.44
20.6944,-0.44
20.6972,-0.455
20.7,-0.46
20.7028,-0.45
20.7056,-0.445
20.7083,-0.46
20.7111,-0.47
20.7139,-0.46
20.7167,-0.47
20.7194,-0.46
20.7222,-0.45
20.725,-0.445
20.7278,-0.445
20.7306,-0.45
20.7333,-0.465
20.7361,-0.455
20.7389,-0.445
20.7417,-0.435
20.7444,-0.45
20.7472,-0.45
20.75,-0.46
20.7528,-0.435
20.7556,-0.44
20.7583,-0.44
20.7611,-0.435
20.7639,-0.45
20.7667,-0.46
20.7694,-0.445
20.7722,-0.435
20.775,-0.435
20.7778,-0.445
20.7806,-0.455
20.7833,-0.46
20.7861,-0.46
20.7889,-0.45
20.7917,-0.455
20.7944,-0.46
20.7972,-0.465
20.8,-0.465
20.8028,-0.455
20.8056,-0.45
20.8083,-0.46
20.8111,-0.455
20.8139,-0.475
20.8167,-0.475
20.8194,-0.465
20.8222,-0.465
20.825,-0.465
20.8278,-0.475
20.8306,-0.485
20.8333,-0.495
20.8361,-0.49
20.8389,-0.485
20.8417,-0.49
20.8444,-0.49
20.8472,-0.5
20.85,-0.5
20.8528,-0.505
20.8556,-0.49
20.8583,-0.485
20.8611,-0.495
20.8639,-0.515
20.8667,-0.515
20.8694,-0.495
20.8722,-0.48
20.875,-0.475
20.8778,-0.47
20.8806,-0.455
20.8833,-0.45
20.8861,-0.42
20.8889,-0.41
20.8917,-0.4
20.8944,-0.395
20.8972,-0.395
20.9,-0.38
20.9028,-0.38
20.9056,-0.365
20.9083,-0.36
20.9111,-0.375
20.9139,-0.375
20.9167,-0.37
20.9194,-0.36
20.9222,-0.355
20.925,-0.355
20.9278,-0.345
20.9306,-0.355
20.9333,-0.355
20.9361,-0.35
20.9389,-0.335
20.9417,-0.34
20.9444,-0.345
20.9472,-0.36
20.95,-0.36
20.9528,-0.345
20.9556,-0.335
20.9583,-0.345
20.9611,-0.35
20.9639,-0.37
20.9667,-0.36
20.9694,-0.355
20.9722,-0.345
20.975,-0.355
20.9778,-0.355
20.9806,-0.365
20.9833,-0.36
20.9861,-0.355
20.9889,-0.36
20.9917,-0.35
20.9944,-0.355
20.9972,-0.37
21.0,-0.38
21.0028,-0.375
21.0056,-0.365
21.0083,-0.365
21.0111,-0.37
21.0139,-0.37
21.0167,-0.385
21.0194,-0.38
21.0222,-0.37
21.025,-0.365
21.0278,-0.365
21.0306,-0.375
21.0333,-0.4
21.0361,-0.38
21.0389,-0.375
21.0417,-0.375
21.0444,-0.38
21.0472,-0.385
21.05,-0.39
21.0528,-0.38
21.0556,-0.375
21.0583,-0.37
21.0611,-0.38
21.0639,-0.385
21.0667,-0.395
21.0694,-0.38
21.0722,-0.375
21.075,-0.375
21.0778,-0.38
21.0806,-0.39
21.0833,-0.4
21.0861,-0.39
21.0889,-0.38
21.0917,-0.38
21.0944,-0.395
21.0972,-0.385
21.1,-0.39
21.1028,-0.375
21.1056,-0.38
21.1083,-0.375
21.1111,-0.375
21.1139,-0.385
21.1167,-0.385
21.1194,-0.38
21.1222,-0.37
21.125,-0.375
21.1278,-0.375
21.1306,-0.385
21.1333,-0.385
21.1361,-0.375
21.1389,-0.375
21.1417,-0.37
21.1444,-0.38
21.1472,-0.39
21.15,-0.39
21.1528,-0.38
21.1556,-0.36
21.1583,-0.35
21.1611,-0.35
21.1639,-0.355
21.1667,-0.345
21.1694,-0.325
21.1722,-0.31
21.175,-0.305
21.1778,-0.315
21.1806,-0.31
21.1833,-0.3
21.1861,-0.28
21.1889,-0.26
21.1917,-0.26
21.1944,-0.26
21.1972,-0.26
21.2,-0.265
21.2028,-0.265
21.2056,-0.26
21.2083,-0.255
21.2111,-0.275
21.2139,-0.28
21.2167,-0.285
21.2194,-0.28
21.2222,-0.29
21.225,-0.29
21.2278,-0.285
21.2306,-0.275
21.2333,-0.255
21.2361,-0.23
21.2389,-0.225
21.2417,-0.25
21.2444,-0.28
21.2472,-0.305
21.25,-0.33
21.2528,-0.325
21.2556,-0.33
21.2583,-0.34
21.2611,-0.36
21.2639,-0.385
21.2667,-0.395
21.2694,-0.385
21.2722,-0.385
21.275,-0.395
21.2778,-0.385
21.2806,-0.4
21.2833,-0.395
21.2861,-0.395
21.2889,-0.39
21.2917,-0.4
21.2944,-0.41
21.2972,-0.42
21.3,-0.41
21.3028,-0.405
21.3056,-0.405
21.3083,-0.405
21.3111,-0.42
21.3139,-0.425
21.3167,-0.43
21.3194,-0.42
21.3222,-0.41
21.325,-0.405
21.3278,-0.425
21.3306,-0.445
21.3333,-0.485
21.3361,-0.525
21.3389,-0.535
21.3417,-0.57
21.3444,-0.61
21.3472,-0.63
21.35,-0.58
21.3528,-0.465
21.3556,-0.305
21.3583,-0.15
21.3611,0.06
21.3639,0.31
21.3667,0.595
21.3694,0.81
21.3722,0.895
21.375,0.795
21.3778,0.51
21.3806,0.1
21.3833,-0.285
21.3861,-0.5
21.3889,-0.55
21.3917,-0.505
21.3944,-0.47
21.3972,-0.44
21.4,-0.445
21.4028,-0.425
21.4056,-0.43
21.4083,-0.43
21.4111,-0.43
21.4139,-0.44
21.4167,-0.435
21.4194,-0.43
21.4222,-0.435
21.425,-0.42
21.4278,-0.415
21.4306,-0.425
21.4333,-0.44
21.4361,-0.44
21.4389,-0.435
21.4417,-0.42
21.4444,-0.43
21.4472,-0.44
21.45,-0.45
21.4528,-0.435
21.4556,-0.44
21.4583,-0.43
21.4611,-0.45
21.4639,-0.455
21.4667,-0.445
21.4694,-0.44
21.4722,-0.43
21.475,-0.43
21.4778,-0.43
21.4806,-0.435
21.4833,-0.435
21.4861,-0.435
21.4889,-0.41
21.4917,-0.42
21.4944,-0.43
21.4972,-0.44
21.5,-0.445
21.5028,-0.43
21.5056,-0.43
21.5083,-0.42
21.5111,-0.425
21.5139,-0.43
21.5167,-0.435
21.5194,-0.43
21.5222,-0.425
21.525,-0.42
21.5278,-0.415
21.5306,-0.435
21.5333,-0.445
21.5361,-0.43
21.5389,-0.42
21.5417,-0.425
21.5444,-0.42
21.5472,-0.43
21.55,-0.435
21.5528,-0.425
21.5556,-0.415
21.5583,-0.415
21.5611,-0.425
21.5639,-0.435
21.5667,-0.43
21.5694,-0.42
21.5722,-0.415
21.575,-0.41
21.5778,-0.42
21.5806,-0.42
21.5833,-0.44
21.5861,-0.415
21.5889,-0.43
21.5917,-0.425
21.5944,-0.425
21.5972,-0.44
21.6,-0.43
21.6028,-0.435
21.6056,-0.425
21.6083,-0.425
21.6111,-0.44
21.6139,-0.45
21.6167,-0.45
21.6194,-0.44
21.6222,-0.435
21.625,-0.43
21.6278,-0.435
21.6306,-0.445
21.6333,-0.445
21.6361,-0.43
21.6389,-0.425
21.6417,-0.43
21.6444,-0.43
21.6472,-0.43
21.65,-0.435
21.6528,-0.425
21.6556,-0.42
21.6583,-0.42
21.6611,-0.425
21.6639,-0.42
21.6667,-0.405
21.6694,-0.395
21.6722,-0.38
21.675,-0.38
21.6778,-0.36
21.6806,-0.365
21.6833,-0.36
21.6861,-0.33
21.6889,-0.315
21.6917,-0.32
21.6944,-0.315
21.6972,-0.33
21.7,-0.32
21.7028,-0.305
21.7056,-0.305
21.7083,-0.305
21.7111,-0.305
21.7139,-0.305
21.7167,-0.305
21.7194,-0.295
21.7222,-0.295
21.725,-0.285
21.7278,-0.285
21.7306,-0.3
21.7333,-0.305
21.7361,-0.3
21.7389,-0.295
21.7417,-0.3
21.7444,-0.305
21.7472,-0.305
21.75,-0.305
21.7528,-0.305
21.7556,-0.3
21.7583,-0.295
21.7611,-0.31
21.7639,-0.32
21.7667,-0.315
21.7694,-0.305
21.7722,-0.31
21.775,-0.31
21.7778,-0.305
21.7806,-0.32
21.7833,-0.33
21.7861,-0.32
21.7889,-0.31
21.7917,-0.31
21.7944,-0.31
21.7972,-0.32
21.8,-0.325
21.8028,-0.315
21.8056,-0.315
21.8083,-0.31
21.8111,-0.315
21.8139,-0.33
21.8167,-0.335
21.8194,-0.33
21.8222,-0.315
21.825,-0.32
21.8278,-0.33
21.8306,-0.33
21.8333,-0.335
21.8361,-0.335
21.8389,-0.335
21.8417,-0.325
21.8444,-0.335
21.8472,-0.345
21.85,-0.345
21.8528,-0.34
21.8556,-0.33
21.8583,-0.33
21.8611,-0.33
21.8639,-0.34
21.8667,-0.35
21.8694,-0.335
21.8722,-0.33
21.875,-0.33
21.8778,-0.325
21.8806,-0.335
21.8833,-0.345
21.8861,-0.325
21.8889,-0.325
21.8917,-0.32
21.8944,-0.335
21.8972,-0.335
21.9,-0.345
21.9028,-0.33
21.9056,-0.32
21.9083,-0.33
21.9111,-0.34
21.9139,-0.34
21.9167,-0.35
21.9194,-0.34
21.9222,-0.325
21.925,-0.335
21.9278,-0.33
21.9306,-0.34
21.9333,-0.33
21.9361,-0.325
21.9389,-0.32
21.9417,-0.31
21.9444,-0.33
21.9472,-0.325
21.95,-0.335
21.9528,-0.32
21.9556,-0.305
21.9583,-0.285
21.9611,-0.27
21.9639,-0.29
21.9667,-0.275
21.9694,-0.26
21.9722,-0.245
21.975,-0.245
21.9778,-0.25
21.9806,-0.265
21.9833,-0.255
21.9861,-0.245
21.9889,-0.24
21.9917,-0.225
21.9944,-0.23
21.9972,-0.225
22.0,-0.225
22.0028,-0.205
22.0056,-0.2
22.0083,-0.205
22.0111,-0.205
22.0139,-0.225
22.0167,-0.235
22.0194,-0.235
22.0222,-0.23
22.025,-0.225
22.0278,-0.235
22.0306,-0.245
22.0333,-0.25
22.0361,-0.215
22.0389,-0.19
22.0417,-0.19
22.0444,-0.23
22.0472,-0.26
22.05,-0.29
22.0528,-0.295
22.0556,-0.295
22.0583,-0.305
22.0611,-0.32
22.0639,-0.335
22.0667,-0.35
22.0694,-0.335
22.0722,-0.32
22.075,-0.315
22.0778,-0.32
22.0806,-0.34
22.0833,-0.34
22.0861,-0.335
22.0889,-0.32
22.0917,-0.325
22.0944,-0.335
22.0972,-0.34
22.1,-0.345
22.1028,-0.335
22.1056,-0.335
22.1083,-0.33
22.1111,-0.335
22.1139,-0.35
22.1167,-0.365
22.1194,-0.365
22.1222,-0.375
22.125,-0.4
22.1278,-0.46
22.1306,-0.49
22.1333,-0.51
22.1361,-0.55
22.1389,-0.56
22.1417,-0.51
22.1444,-0.405
22.1472,-0.275
22.15,-0.125
22.1528,0.06
22.1556,0.29
22.1583,0.55
22.1611,0.765
22.1639,0.91
22.1667,0.995
22.1694,1.035
22.1722,0.97
22.175,0.715
22.1778,0.295
22.1806,-0.12
22.1833,-0.385
22.1861,-0.48
22.1889,-0.465
22.1917,-0.41
22.1944,-0.37
22.1972,-0.375
22.2,-0.375
22.2028,-0.365
22.2056,-0.36
22.2083,-0.355
22.2111,-0.355
22.2139,-0.37
22.2167,-0.385
22.2194,-0.37
22.2222,-0.355
22.225,-0.35
22.2278,-0.37
22.2306,-0.375
22.2333,-0.385
22.2361,-0.375
22.2389,-0.36
22.2417,-0.365
22.2444,-0.365
22.2472,-0.375
22.25,-0.385
22.2528,-0.37
22.2556,-0.355
22.2583,-0.355
22.2611,-0.37
22.2639,-0.37
22.2667,-0.37
22.2694,-0.36
22.2722,-0.35
22.275,-0.36
22.2778,-0.365
22.2806,-0.37
22.2833,-0.365
22.2861,-0.36
22.2889,-0.35
22.2917,-0.35
22.2944,-0.345
22.2972,-0.375
22.3,-0.37
22.3028,-0.35
22.3056,-0.335
22.3083,-0.345
22.3111,-0.355
22.3139,-0.345
22.3167,-0.345
22.3194,-0.34
22.3222,-0.345
22.325,-0.345
22.3278,-0.35
22.3306,-0.35
22.3333,-0.355
22.3361,-0.345
22.3389,-0.34
22.3417,-0.345
22.3444,-0.345
22.3472,-0.355
22.35,-0.37
22.3528,-0.355
22.3556,-0.35
22.3583,-0.34
22.3611,-0.35
22.3639,-0.35
22.3667,-0.35
22.3694,-0.365
22.3722,-0.34
22.375,-0.345
22.3778,-0.335
22.3806,-0.345
22.3833,-0.345
22.3861,-0.335
22.3889,-0.335
22.3917,-0.33
22.3944,-0.345
22.3972,-0.35
22.4,-0.35
22.4028,-0.35
22.4056,-0.35
22.4083,-0.34
22.4111,-0.345
22.4139,-0.36
22.4167,-0.365
22.4194,-0.36
22.4222,-0.35
22.425,-0.355
22.4278,-0.36
22.4306,-0.37
22.4333,-0.37
22.4361,-0.355
22.4389,-0.35
22.4417,-0.35
22.4444,-0.345
22.4472,-0.34
22.45,-0.34
22.4528,-0.32
22.4556,-0.305
22.4583,-0.305
22.4611,-0.305
22.4639,-0.285
22.4667,-0.295
22.4694,-0.29
22.4722,-0.27
22.475,-0.27
22.4778,-0.25
22.4806,-0.265
22.4833,-0.28
22.4861,-0.26
22.4889,-0.24
22.4917,-0.245
22.4944,-0.25
22.4972,-0.25
22.5,-0.26
22.5028,-0.255
22.5056,-0.235
22.5083,-0.24
22.5111,-0.235
22.5139,-0.245
22.5167,-0.25
22.5194,-0.25
22.5222,-0.245
22.525,-0.24
22.5278,-0.245
22.5306,-0.26
22.5333,-0.26
22.5361,-0.26
22.5389,-0.245
22.5417,-0.245
22.5444,-0.25
22.5472,-0.26
22.55,-0.25
22.5528,-0.25
22.5556,-0.25
22.5583,-0.25
22.5611,-0.26
22.5639,-0.275
22.5667,-0.275
22.5694,-0.27
22.5722,-0.26
22.575,-0.255
22.5778,-0.26
22.5806,-0.27
22.5833,-0.28
22.5861,-0.265
22.5889,-0.26
22.5917,-0.27
22.5944,-0.28
22.5972,-0.285
22.6,-0.285
22.6028,-0.275
22.6056,-0.255
22.6083,-0.27
22.6111,-0.275
22.6139,-0.28
22.6167,-0.29
22.6194,-0.28
22.6222,-0.28
22.625,-0.28
22.6278,-0.285
22.6306,-0.29
22.6333,-0.3
22.6361,-0.285
22.6389,-0.275
22.6417,-0.27
22.6444,-0.29
22.6472,-0.31
22.65,-0.305
22.6528,-0.29
22.6556,-0.285
22.6583,-0.285
22.6611,-0.29
22.6639,-0.3
22.6667,-0.295
22.6694,-0.295
22.6722,-0.29
22.675,-0.285
22.6778,-0.3
22.6806,-0.305
22.6833,-0.315
22.6861,-0.31
22.6889,-0.29
22.6917,-0.29
22.6944,-0.285
22.6972,-0.3
22.7,-0.295
22.7028,-0.29
22.7056,-0.285
22.7083,-0.27
22.7111,-0.28
22.7139,-0.295
22.7167,-0.3
22.7194,-0.295
22.7222,-0.285
22.725,-0.28
22.7278,-0.28
22.7306,-0.275
22.7333,-0.295
22.7361,-0.285
22.7389,-0.28
22.7417,-0.28
22.7444,-0.285
22.7472,-0.28
22.75,-0.295
22.7528,-0.275
22.7556,-0.27
22.7583,-0.25
22.7611,-0.245
22.7639,-0.24
22.7667,-0.23
22.7694,-0.225
22.7722,-0.205
22.775,-0.195
22.7778,-0.195
22.7806,-0.21
22.7833,-0.19
22.7861,-0.17
22.7889,-0.165
22.7917,-0.17
22.7944,-0.165
22.7972,-0.175
22.8,-0.18
22.8028,-0.18
22.8056,-0.18
22.8083,-0.18
22.8111,-0.195
22.8139,-0.195
22.8167,-0.215
22.8194,-0.21
22.8222,-0.195
22.825,-0.185
22.8278,-0.175
22.8306,-0.195
22.8333,-0.21
22.8361,-0.205
22.8389,-0.19
22.8417,-0.165
22.8444,-0.15
22.8472,-0.165
22.85,-0.19
22.8528,-0.22
22.8556,-0.22
22.8583,-0.24
22.8611,-0.27
22.8639,-0.285
22.8667,-0.29
22.8694,-0.3
22.8722,-0.285
22.875,-0.29
22.8778,-0.295
22.8806,-0.3
22.8833,-0.31
22.8861,-0.305
22.8889,-0.305
22.8917,-0.3
22.8944,-0.31
22.8972,-0.315
22.9,-0.315
22.9028,-0.315
22.9056,-0.31
22.9083,-0.305
22.9111,-0.32
22.9139,-0.325
22.9167,-0.325
22.9194,-0.31
22.9222,-0.31
22.925,-0.3
22.9278,-0.32
22.9306,-0.335
22.9333,-0.355
22.9361,-0.355
22.9389,-0.385
22.9417,-0.405
22.9444,-0.435
22.9472,-0.485
22.95,-0.535
22.9528,-0.555
22.9556,-0.515
22.9583,-0.41
22.9611,-0.3
22.9639,-0.17
22.9667,0.02
22.9694,0.265
22.9722,0.53
22.975,0.75
22.9778,0.895
22.9806,0.955
22.9833,0.885
22.9861,0.715
22.9889,0.45
22.9917,0.15
22.9944,-0.125
22.9972,-0.34
23.0,-0.44
23.0028,-0.48
23.0056,-0.475
23.0083,-0.425
23.0111,-0.39
23.0139,-0.375
23.0167,-0.38
23.0194,-0.36
23.0222,-0.365
23.025,-0.355
23.0278,-0.365
23.0306,-0.365
23.0333,-0.36
23.0361,-0.355
23.0389,-0.35
23.0417,-0.345
23.0444,-0.35
23.0472,-0.365
23.05,-0.36
23.0528,-0.35
23.0556,-0.345
23.0583,-0.355
23.0611,-0.345
23.0639,-0.35
23.0667,-0.355
23.0694,-0.345
23.0722,-0.335
23.075,-0.35
23.0778,-0.37
23.0806,-0.37
23.0833,-0.375
23.0861,-0.36
23.0889,-0.345
23.0917,-0.35
23.0944,-0.35
23.0972,-0.355
23.1,-0.37
23.1028,-0.36
23.1056,-0.35
23.1083,-0.34
23.1111,-0.355
23.1139,-0.36
23.1167,-0.37
23.1194,-0.355
23.1222,-0.35
23.125,-0.345
23.1278,-0.355
23.1306,-0.355
23.1333,-0.36
23.1361,-0.36
23.1389,-0.35
23.1417,-0.355
23.1444,-0.355
23.1472,-0.365
23.15,-0.375
23.1528,-0.355
23.1556,-0.345
23.1583,-0.345
23.1611,-0.355
23.1639,-0.36
23.1667,-0.355
23.1694,-0.345
23.1722,-0.34
23.175,-0.345
23.1778,-0.345
23.1806,-0.36
23.1833,-0.36
23.1861,-0.35
23.1889,-0.34
23.1917,-0.35
23.1944,-0.355
23.1972,-0.37
23.2,-0.365
23.2028,-0.34
23.2056,-0.35
23.2083,-0.345
23.2111,-0.35
23.2139,-0.355
23.2167,-0.355
23.2194,-0.345
23.2222,-0.35
23.225,-0.35
23.2278,-0.355
23.2306,-0.365
23.2333,-0.375
23.2361,-0.365
23.2389,-0.36
23.2417,-0.37
23.2444,-0.375
23.2472,-0.385
23.25,-0.38
23.2528,-0.375
23.2556,-0.36
23.2583,-0.375
23.2611,-0.405
23.2639,-0.39
23.2667,-0.405
23.2694,-0.415
23.2722,-0.395
23.275,-0.39
23.2778,-0.39
23.2806,-0.395
23.2833,-0.385
23.2861,-0.37
23.2889,-0.35
23.2917,-0.35
23.2944,-0.355
23.2972,-0.35
23.3,-0.335
23.3028,-0.32
23.3056,-0.325
23.3083,-0.315
23.3111,-0.32
23.3139,-0.315
23.3167,-0.32
23.3194,-0.295
23.3222,-0.28
23.325,-0.285
23.3278,-0.285
23.3306,-0.29
23.3333,-0.295
23.3361,-0.285
23.3389,-0.27
23.3417,-0.265
23.3444,-0.265
23.3472,-0.28
23.35,-0.285
23.3528,-0.265
23.3556,-0.26
23.3583,-0.26
23.3611,-0.265
23.3639,-0.27
23.3667,-0.28
23.3694,-0.255
23.3722,-0.26
23.375,-0.27
23.3778,-0.295
23.3806,-0.295
23.3833,-0.295
23.3861,-0.28
23.3889,-0.255
23.3917,-0.26
23.3944,-0.26
23.3972,-0.28
23.4,-0.285
23.4028,-0.285
23.4056,-0.285
23.4083,-0.265
23.4111,-0.27
23.4139,-0.29
23.4167,-0.305
23.4194,-0.295
23.4222,-0.285
23.425,-0.27
23.4278,-0.285
23.4306,-0.29
23.4333,-0.305
23.4361,-0.295
23.4389,-0.28
23.4417,-0.29
23.4444,-0.295
23.4472,-0.305
23.45,-0.31
23.4528,-0.315
23.4556,-0.3
23.4583,-0.285
23.4611,-0.285
23.4639,-0.295
23.4667,-0.32
23.4694,-0.305
23.4722,-0.305
23.475,-0.31
23.4778,-0.31
23.4806,-0.32
23.4833,-0.32
23.4861,-0.3
23.4889,-0.29
23.4917,-0.3
23.4944,-0.29
23.4972,-0.305
23.5,-0.31
23.5028,-0.31
23.5056,-0.3
23.5083,-0.31
23.5111,-0.31
23.5139,-0.32
23.5167,-0.32
23.5194,-0.31
23.5222,-0.3
23.525,-0.305
23.5278,-0.33
23.5306,-0.32
23.5333,-0.32
23.5361,-0.32
23.5389,-0.305
23.5417,-0.295
23.5444,-0.305
23.5472,-0.325
23.55,-0.325
23.5528,-0.32
23.5556,-0.305
23.5583,-0.31
23.5611,-0.305
23.5639,-0.315
23.5667,-0.305
23.5694,-0.31
23.5722,-0.305
23.575,-0.3
23.5778,-0.3
23.5806,-0.31
23.5833,-0.32
23.5861,-0.305
23.5889,-0.295
23.5917,-0.295
23.5944,-0.305
23.5972,-0.31
23.6,-0.32
23.6028,-0.305
23.6056,-0.3
23.6083,-0.285
23.6111,-0.295
23.6139,-0.28
23.6167,-0.28
23.6194,-0.255
23.6222,-0.245
23.625,-0.24
23.6278,-0.235
23.6306,-0.24
23.6333,-0.24
23.6361,-0.235
23.6389,-0.215
23.6417,-0.205
23.6444,-0.22
23.6472,-0.225
23.65,-0.23
23.6528,-0.215
23.6556,-0.205
23.6583,-0.21
23.6611,-0.21
23.6639,-0.205
23.6667,-0.215
23.6694,-0.22
23.6722,-0.21
23.675,-0.2
23.6778,-0.22
23.6806,-0.24
23.6833,-0.255
23.6861,-0.235
23.6889,-0.21
23.6917,-0.2
23.6944,-0.22
23.6972,-0.255
23.7,-0.285
23.7028,-0.285
23.7056,-0.29
23.7083,-0.295
23.7111,-0.315
23.7139,-0.32
23.7167,-0.325
23.7194,-0.335
23.7222,-0.33
23.725,-0.32
23.7278,-0.34
23.7306,-0.335
23.7333,-0.355
23.7361,-0.345
23.7389,-0.335
23.7417,-0.335
23.7444,-0.34
23.7472,-0.36
23.75,-0.355
23.7528,-0.35
23.7556,-0.34
23.7583,-0.345
23.7611,-0.345
23.7639,-0.35
23.7667,-0.35
23.7694,-0.34
23.7722,-0.34
23.775,-0.34
23.7778,-0.33
23.7806,-0.34
23.7833,-0.36
23.7861,-0.345
23.7889,-0.335
23.7917,-0.345
23.7944,-0.355
23.7972,-0.39
23.8,-0.43
23.8028,-0.45
23.8056,-0.455
23.8083,-0.485
23.8111,-0.54
23.8139,-0.545
23.8167,-0.5
23.8194,-0.375
23.8222,-0.23
23.825,-0.07
23.8278,0.135
23.8306,0.375
23.8333,0.625
23.8361,0.815
23.8389,0.925
23.8417,0.885
23.8444,0.63
23.8472,0.24
23.85,-0.14
23.8528,-0.37
23.8556,-0.455
23.8583,-0.475
23.8611,-0.44
23.8639,-0.4
23.8667,-0.39
23.8694,-0.375
23.8722,-0.38
23.875,-0.365
23.8778,-0.375
23.8806,-0.38
23.8833,-0.375
23.8861,-0.375
23.8889,-0.385
23.8917,-0.375
23.8944,-0.37
23.8972,-0.385
23.9,-0.39
23.9028,-0.395
23.9056,-0.38
23.9083,-0.37
23.9111,-0.385
23.9139,-0.39
23.9167,-0.395
23.9194,-0.385
23.9222,-0.375
23.925,-0.375
23.9278,-0.385
23.9306,-0.39
23.9333,-0.4
23.9361,-0.395
23.9389,-0.38
23.9417,-0.385
23.9444,-0.395
23.9472,-0.39
23.95,-0.385
23.9528,-0.385
23.9556,-0.38
23.9583,-0.375
23.9611,-0.38
23.9639,-0.37
23.9667,-0.385
23.9694,-0.38
23.9722,-0.375
23.975,-0.365
23.9778,-0.375
23.9806,-0.395
23.9833,-0.375
23.9861,-0.385
23.9889,-0.375
23.9917,-0.375
23.9944,-0.38
23.9972,-0.375
24.0,-0.385
24.0028,-0.375
24.0056,-0.37
24.0083,-0.37
24.0111,-0.38
24.0139,-0.385
24.0167,-0.395
24.0194,-0.375
24.0222,-0.375
24.025,-0.375
24.0278,-0.375
24.0306,-0.375
24.0333,-0.4
24.0361,-0.37
24.0389,-0.37
24.0417,-0.365
24.0444,-0.365
24.0472,-0.385
24.05,-0.38
24.0528,-0.37
24.0556,-0.36
24.0583,-0.37
24.0611,-0.38
24.0639,-0.375
24.0667,-0.385
24.0694,-0.385
24.0722,-0.395
24.075,-0.38
24.0778,-0.4
24.0806,-0.4
24.0833,-0.41
24.0861,-0.405
24.0889,-0.405
24.0917,-0.4
24.0944,-0.405
24.0972,-0.42
24.1,-0.42
24.1028,-0.415
24.1056,-0.415
24.1083,-0.415
24.1111,-0.415
24.1139,-0.43
24.1167,-0.42
24.1194,-0.41
24.1222,-0.405
24.125,-0.4
24.1278,-0.4
24.1306,-0.4
24.1333,-0.4
24.1361,-0.39
24.1389,-0.37
24.1417,-0.35
24.1444,-0.345
24.1472,-0.34
24.15,-0.345
24.1528,-0.32
24.1556,-0.31
24.1583,-0.3
24.1611,-0.29
24.1639,-0.29
24.1667,-0.295
24.1694,-0.29
24.1722,-0.275
24.175,-0.275
24.1778,-0.28
24.1806,-0.28
24.1833,-0.28
24.1861,-0.265
24.1889,-0.26
24.1917,-0.26
24.1944,-0.26
24.1972,-0.265
24.2,-0.28
24.2028,-0.265
24.2056,-0.25
24.2083,-0.255
24.2111,-0.27
24.2139,-0.27
24.2167,-0.275
24.2194,-0.27
24.2222,-0.26
24.225,-0.265
24.2278,-0.26
24.2306,-0.275
24.2333,-0.275
24.2361,-0.28
24.2389,-0.265
24.2417,-0.26
24.2444,-0.26
24.2472,-0.275
24.25,-0.285
24.2528,-0.28
24.2556,-0.265
24.2583,-0.265
24.2611,-0.265
24.2639,-0.275
24.2667,-0.285
24.2694,-0.28
24.2722,-0.28
24.275,-0.275
24.2778,-0.285
24.2806,-0.285
24.2833,-0.29
24.2861,-0.29
24.2889,-0.275
24.2917,-0.285
24.2944,-0.285
24.2972,-0.29
24.3,-0.31
24.3028,-0.305
24.3056,-0.295
24.3083,-0.28
24.3111,-0.29
24.3139,-0.305
24.3167,-0.3
24.3194,-0.31
24.3222,-0.295
24.325,-0.29
24.3278,-0.305
24.3306,-0.3
24.3333,-0.3
24.3361,-0.305
24.3389,-0.29
24.3417,-0.29
24.3444,-0.295
24.3472,-0.31
24.35,-0.31
24.3528,-0.3
24.3556,-0.305
24.3583,-0.315
24.3611,-0.31
24.3639,-0.32
24.3667,-0.32
24.3694,-0.31
24.3722,-0.295
24.375,-0.3
24.3778,-0.3
24.3806,-0.32
24.3833,-0.315
24.3861,-0.315
24.3889,-0.3
24.3917,-0.3
24.3944,-0.3
24.3972,-0.3
24.4,-0.315
24.4028,-0.29
24.4056,-0.3
24.4083,-0.3
24.4111,-0.305
24.4139,-0.32
24.4167,-0.315
24.4194,-0.305
24.4222,-0.295
24.425,-0.3
24.4278,-0.3
24.4306,-0.31
24.4333,-0.315
24.4361,-0.305
24.4389,-0.295
24.4417,-0.295
24.4444,-0.295
24.4472,-0.305
24.45,-0.315
24.4528,-0.3
24.4556,-0.295
24.4583,-0.285
24.4611,-0.295
24.4639,-0.295
24.4667,-0.3
24.4694,-0.285
24.4722,-0.255
24.475,-0.245
24.4778,-0.245
24.4806,-0.245
24.4833,-0.25
24.4861,-0.235
24.4889,-0.21
24.4917,-0.205
24.4944,-0.205
24.4972,-0.205
24.5,-0.205
24.5028,-0.205
24.5056,-0.19
24.5083,-0.19
24.5111,-0.19
24.5139,-0.195
24.5167,-0.205
24.5194,-0.205
24.5222,-0.205
24.525,-0.2
24.5278,-0.195
24.5306,-0.2
24.5333,-0.23
24.5361,-0.225
24.5389,-0.2
24.5417,-0.185
24.5444,-0.165
24.5472,-0.18
24.55,-0.22
24.5528,-0.23
24.5556,-0.24
24.5583,-0.245
24.5611,-0.255
24.5639,-0.275
24.5667,-0.305
24.5694,-0.295
24.5722,-0.29
24.575,-0.29
24.5778,-0.295
24.5806,-0.315
24.5833,-0.325
24.5861,-0.315
24.5889,-0.305
24.5917,-0.31
24.5944,-0.305
24.5972,-0.32
24.6,-0.325
24.6028,-0.325
24.6056,-0.325
24.6083,-0.31
24.6111,-0.325
24.6139,-0.325
24.6167,-0.34
24.6194,-0.335
24.6222,-0.32
24.625,-0.325
24.6278,-0.33
24.6306,-0.325
24.6333,-0.335
24.6361,-0.335
24.6389,-0.34
24.6417,-0.34
24.6444,-0.365
24.6472,-0.425
24.65,-0.445
24.6528,-0.47
24.6556,-0.485
24.6583,-0.515
24.6611,-0.535
24.6639,-0.505
24.6667,-0.39
24.6694,-0.235
24.6722,-0.065
24.675,0.15
24.6778,0.425
24.6806,0.695
24.6833,0.9
24.6861,1.01
24.6889,0.975
24.6917,0.735
24.6944,0.295
24.6972,-0.12
24.7,-0.4
24.7028,-0.475
24.7056,-0.435
24.7083,-0.365
24.7111,-0.35
24.7139,-0.355
24.7167,-0.365
24.7194,-0.36
24.7222,-0.36
24.725,-0.36
24.7278,-0.35
24.7306,-0.35
24.7333,-0.365
24.7361,-0.36
24.7389,-0.36
24.7417,-0.35
24.7444,-0.36
24.7472,-0.37
24.75,-0.39
24.7528,-0.375
24.7556,-0.375
24.7583,-0.37
24.7611,-0.37
24.7639,-0.375
24.7667,-0.39
24.7694,-0.375
24.7722,-0.37
24.775,-0.37
24.7778,-0.375
24.7806,-0.37
24.7833,-0.385
24.7861,-0.38
24.7889,-0.375
24.7917,-0.36
24.7944,-0.365
24.7972,-0.38
24.8,-0.375
24.8028,-0.37
24.8056,-0.365
24.8083,-0.36
24.8111,-0.365
24.8139,-0.37
24.8167,-0.38
24.8194,-0.37
24.8222,-0.36
24.825,-0.37
24.8278,-0.375
24.8306,-0.375
24.8333,-0.37
24.8361,-0.365
24.8389,-0.365
24.8417,-0.355
24.8444,-0.37
24.8472,-0.38
24.85,-0.385
24.8528,-0.38
24.8556,-0.36
24.8583,-0.35
24.8611,-0.355
24.8639,-0.365
24.8667,-0.37
24.8694,-0.35
24.8722,-0.345
24.875,-0.33
24.8778,-0.335
24.8806,-0.355
24.8833,-0.35
24.8861,-0.355
24.8889,-0.34
24.8917,-0.345
24.8944,-0.335
24.8972,-0.345
24.9,-0.365
24.9028,-0.355
24.9056,-0.345
24.9083,-0.345
24.9111,-0.345
24.9139,-0.355
24.9167,-0.37
24.9194,-0.35
24.9222,-0.355
24.925,-0.35
24.9278,-0.355
24.9306,-0.36
24.9333,-0.365
24.9361,-0.365
24.9389,-0.355
24.9417,-0.36
24.9444,-0.35
24.9472,-0.36
24.95,-0.36
24.9528,-0.37
24.9556,-0.375
24.9583,-0.355
24.9611,-0.35
24.9639,-0.355
24.9667,-0.365
24.9694,-0.35
24.9722,-0.335
24.975,-0.34
24.9778,-0.34
24.9806,-0.335
24.9833,-0.325
24.9861,-0.32
24.9889,-0.3
24.9917,-0.3
24.9944,-0.285
24.9972,-0.29
25.0,-0.29
25.0028,-0.285
25.0056,-0.27
25.0083,-0.26
25.0111,-0.26
25.0139,-0.26
25.0167,-0.275
25.0194,-0.265
25.0222,-0.26
25.025,-0.25
25.0278,-0.265
25.0306,-0.25
25.0333,-0.26
25.0361,-0.25
25.0389,-0.25
25.0417,-0.24
25.0444,-0.24
25.0472,-0.26
25.05,-0.265
25.0528,-0.27
25.0556,-0.255
25.0583,-0.245
25.0611,-0.245
25.0639,-0.25
25.0667,-0.265
25.0694,-0.265
25.0722,-0.255
25.075,-0.265
25.0778,-0.26
25.0806,-0.27
25.0833,-0.28
25.0861,-0.275
25.0889,-0.255
25.0917,-0.265
25.0944,-0.27
25.0972,-0.28
25.1,-0.295
25.1028,-0.285
25.1056,-0.27
25.1083,-0.27
25.1111,-0.275
25.1139,-0.29
25.1167,-0.3
25.1194,-0.29
25.1222,-0.28
25.125,-0.28
25.1278,-0.285
25.1306,-0.295
25.1333,-0.295
25.1361,-0.29
25.1389,-0.285
25.1417,-0.28
25.1444,-0.29
25.1472,-0.305
25.15,-0.31
25.1528,-0.3
25.1556,-0.295
25.1583,-0.295
25.1611,-0.305
25.1639,-0.305
25.1667,-0.325
25.1694,-0.31
25.1722,-0.305
25.175,-0.305
25.1778,-0.305
25.1806,-0.305
25.1833,-0.32
25.1861,-0.305
25.1889,-0.295
25.1917,-0.29
25.1944,-0.305
25.1972,-0.315
25.2,-0.32
25.2028,-0.32
25.2056,-0.31
25.2083,-0.3
25.2111,-0.3
25.2139,-0.32
25.2167,-0.32
25.2194,-0.305
25.2222,-0.3
25.225,-0.29
25.2278,-0.295
25.2306,-0.31
25.2333,-0.31
25.2361,-0.305
25.2389,-0.285
25.2417,-0.295
25.2444,-0.3
25.2472,-0.295
25.25,-0.305
25.2528,-0.295
25.2556,-0.29
25.2583,-0.29
25.2611,-0.29
25.2639,-0.3
25.2667,-0.315
25.2694,-0.3
25.2722,-0.285
25.275,-0.285
25.2778,-0.28
25.2806,-0.28
25.2833,-0.28
25.2861,-0.265
25.2889,-0.23
25.2917,-0.235
25.2944,-0.24
25.2972,-0.235
25.3,-0.235
25.3028,-0.23
25.3056,-0.22
25.3083,-0.205
25.3111,-0.2
25.3139,-0.205
25.3167,-0.195
25.3194,-0.185
25.3222,-0.175
25.325,-0.18
25.3278,-0.19
25.3306,-0.195
25.3333,-0.22
25.3361,-0.215
25.3389,-0.21
25.3417,-0.195
25.3444,-0.195
25.3472,-0.215
25.35,-0.225
25.3528,-0.22
25.3556,-0.205
25.3583,-0.175
25.3611,-0.17
25.3639,-0.195
25.3667,-0.235
25.3694,-0.24
25.3722,-0.24
25.375,-0.24
25.3778,-0.255
25.3806,-0.265
25.3833,-0.295
25.3861,-0.29
25.3889,-0.29
25.3917,-0.295
25.3944,-0.305
25.3972,-0.315
25.4,-0.32
25.4028,-0.305
25.4056,-0.295
25.4083,-0.29
25.4111,-0.295
25.4139,-0.32
25.4167,-0.32
25.4194,-0.31
25.4222,-0.315
25.425,-0.315
25.4278,-0.31
25.4306,-0.315
25.4333,-0.335
25.4361,-0.325
25.4389,-0.315
25.4417,-0.32
25.4444,-0.325
25.4472,-0.34
25.45,-0.35
25.4528,-0.355
25.4556,-0.35
25.4583,-0.365
25.4611,-0.415
25.4639,-0.445
25.4667,-0.47
25.4694,-0.49
25.4722,-0.54
25.475,-0.545
25.4778,-0.49
25.4806,-0.38
25.4833,-0.245
25.4861,-0.05
25.4889,0.175
25.4917,0.465
25.4944,0.73
25.4972,0.875
25.5,0.875
25.5028,0.705
25.5056,0.365
25.5083,-0.055
25.5111,-0.36
25.5139,-0.475
25.5167,-0.47
25.5194,-0.415
25.5222,-0.375
25.525,-0.355
25.5278,-0.365
25.5306,-0.36
25.5333,-0.365
25.5361,-0.355
25.5389,-0.345
25.5417,-0.35
25.5444,-0.34
25.5472,-0.355
25.55,-0.365
25.5528,-0.36
25.5556,-0.365
25.5583,-0.355
25.5611,-0.37
25.5639,-0.37
25.5667,-0.385
25.5694,-0.375
25.5722,-0.37
25.575,-0.355
25.5778,-0.365
25.5806,-0.36
25.5833,-0.38
25.5861,-0.38
25.5889,-0.36
25.5917,-0.35
25.5944,-0.36
25.5972,-0.37
25.6,-0.375
25.6028,-0.375
25.6056,-0.365
25.6083,-0.37
25.6111,-0.365
25.6139,-0.365
25.6167,-0.37
25.6194,-0.365
25.6222,-0.36
25.625,-0.365
25.6278,-0.375
25.6306,-0.375
25.6333,-0.385
25.6361,-0.37
25.6389,-0.36
25.6417,-0.355
25.6444,-0.36
25.6472,-0.375
25.65,-0.38
25.6528,-0.385
25.6556,-0.38
25.6583,-0.355
25.6611,-0.36
25.6639,-0.36
25.6667,-0.37
25.6694,-0.37
25.6722,-0.345
25.675,-0.34
25.6778,-0.345
25.6806,-0.355
25.6833,-0.355
25.6861,-0.35
25.6889,-0.345
25.6917,-0.345
25.6944,-0.345
25.6972,-0.35
25.7,-0.375
25.7028,-0.355
25.7056,-0.36
25.7083,-0.345
25.7111,-0.35
25.7139,-0.37
25.7167,-0.37
25.7194,-0.36
25.7222,-0.355
25.725,-0.345
25.7278,-0.345
25.7306,-0.355
25.7333,-0.37
25.7361,-0.36
25.7389,-0.36
25.7417,-0.36
25.7444,-0.365
25.7472,-0.37
25.75,-0.38
25.7528,-0.38
25.7556,-0.37
25.7583,-0.365
25.7611,-0.36
25.7639,-0.375
25.7667,-0.39
25.7694,-0.375
25.7722,-0.36
25.775,-0.36
25.7778,-0.365
25.7806,-0.375
25.7833,-0.355
25.7861,-0.35
25.7889,-0.335
25.7917,-0.32
25.7944,-0.315
25.7972,-0.32
25.8,-0.32
25.8028,-0.315
25.8056,-0.295
25.8083,-0.285
25.8111,-0.28
25.8139,-0.285
25.8167,-0.285
25.8194,-0.27
25.8222,-0.25
25.825,-0.255
25.8278,-0.265
25.8306,-0.265
25.8333,-0.285
25.8361,-0.275
25.8389,-0.265
25.8417,-0.265
25.8444,-0.26
25.8472,-0.28
25.85,-0.29
25.8528,-0.275
25.8556,-0.27
25.8583,-0.27
25.8611,-0.27
25.8639,-0.265
25.8667,-0.28
25.8694,-0.275
25.8722,-0.275
25.875,-0.275
25.8778,-0.285
25.8806,-0.285
25.8833,-0.29
25.8861,-0.285
25.8889,-0.28
25.8917,-0.28
25.8944,-0.27
25.8972,-0.29
25.9,-0.3
25.9028,-0.28
25.9056,-0.28
25.9083,-0.27
25.9111,-0.29
25.9139,-0.3
25.9167,-0.31
25.9194,-0.31
25.9222,-0.305
25.925,-0.3
25.9278,-0.29
25.9306,-0.31
25.9333,-0.315
25.9361,-0.315
25.9389,-0.3
25.9417,-0.295
25.9444,-0.3
25.9472,-0.315
25.95,-0.315
25.9528,-0.31
25.9556,-0.305
25.9583,-0.305
25.9611,-0.305
25.9639,-0.315
25.9667,-0.325
25.9694,-0.315
25.9722,-0.31
25.975,-0.32
25.9778,-0.32
25.9806,-0.32
25.9833,-0.34
25.9861,-0.335
25.9889,-0.32
25.9917,-0.315
25.9944,-0.3
25.9972,-0.31
26.0,-0.32
26.0028,-0.32
26.0056,-0.32
26.0083,-0.31
26.0111,-0.315
26.0139,-0.32
26.0167,-0.32
26.0194,-0.315
26.0222,-0.305
26.025,-0.315
26.0278,-0.33
26.0306,-0.335
26.0333,-0.325
26.0361,-0.31
26.0389,-0.3
26.0417,-0.3
26.0444,-0.315
26.0472,-0.295
26.05,-0.305
26.0528,-0.31
26.0556,-0.305
26.0583,-0.295
26.0611,-0.29
26.0639,-0.315
26.0667,-0.32
26.0694,-0.315
26.0722,-0.31
26.075,-0.3
26.0778,-0.295
26.0806,-0.3
26.0833,-0.285
26.0861,-0.275
26.0889,-0.26
26.0917,-0.255
26.0944,-0.25
26.0972,-0.265
26.1,-0.27
26.1028,-0.25
26.1056,-0.22
26.1083,-0.21
26.1111,-0.185
26.1139,-0.2
26.1167,-0.21
26.1194,-0.21
26.1222,-0.205
26.125,-0.195
26.1278,-0.2
26.1306,-0.225
26.1333,-0.245
26.1361,-0.23
26.1389,-0.215
26.1417,-0.225
26.1444,-0.245
26.1472,-0.24
26.15,-0.22
26.1528,-0.21
26.1556,-0.21
26.1583,-0.23
26.1611,-0.255
26.1639,-0.28
26.1667,-0.3
26.1694,-0.305
26.1722,-0.325
26.175,-0.325
26.1778,-0.325
26.1806,-0.335
26.1833,-0.335
26.1861,-0.33
26.1889,-0.33
26.1917,-0.325
26.1944,-0.33
26.1972,-0.34
26.2,-0.35
26.2028,-0.34
26.2056,-0.335
26.2083,-0.33
26.2111,-0.33
26.2139,-0.33
26.2167,-0.335
26.2194,-0.34
26.2222,-0.33
26.225,-0.33
26.2278,-0.335
26.2306,-0.34
26.2333,-0.35
26.2361,-0.35
26.2389,-0.345
26.2417,-0.345
26.2444,-0.36
26.2472,-0.365
26.25,-0.38
26.2528,-0.405
26.2556,-0.43
26.2583,-0.44
26.2611,-0.475
26.2639,-0.52
26.2667,-0.565
26.2694,-0.525
26.2722,-0.435
26.275,-0.27
26.2778,-0.115
26.2806,0.11
26.2833,0.375
26.2861,0.66
26.2889,0.86
26.2917,0.92
26.2944,0.825
26.2972,0.51
26.3,0.11
26.3028,-0.23
26.3056,-0.41
26.3083,-0.46
26.3111,-0.45
26.3139,-0.415
26.3167,-0.4
26.3194,-0.385
26.3222,-0.375
26.325,-0.37
26.3278,-0.37
26.3306,-0.38
26.3333,-0.375
26.3361,-0.375
26.3389,-0.37
26.3417,-0.375
26.3444,-0.375
26.3472,-0.375
26.35,-0.385
26.3528,-0.375
26.3556,-0.365
26.3583,-0.375
26.3611,-0.36
26.3639,-0.38
26.3667,-0.405
26.3694,-0.395
26.3722,-0.38
26.375,-0.37
26.3778,-0.38
26.3806,-0.38
26.3833,-0.39
26.3861,-0.375
26.3889,-0.365
26.3917,-0.37
26.3944,-0.37
26.3972,-0.37
26.4,-0.38
26.4028,-0.38
26.4056,-0.375
26.4083,-0.38
26.4111,-0.37
26.4139,-0.38
26.4167,-0.38
26.4194,-0.375
26.4222,-0.37
26.425,-0.37
26.4278,-0.37
26.4306,-0.37
26.4333,-0.39
26.4361,-0.385
26.4389,-0.385
26.4417,-0.385
26.4444,-0.38
26.4472,-0.39
26.45,-0.4
26.4528,-0.385
26.4556,-0.38
26.4583,-0.38
26.4611,-0.37
26.4639,-0.38
26.4667,-0.39
26.4694,-0.385
26.4722,-0.385
26.475,-0.365
26.4778,-0.38
26.4806,-0.38
26.4833,-0.39
26.4861,-0.39
26.4889,-0.375
26.4917,-0.365
26.4944,-0.37
26.4972,-0.375
26.5,-0.375
26.5028,-0.355
26.5056,-0.37
26.5083,-0.37
26.5111,-0.38
26.5139,-0.4
26.5167,-0.405
26.5194,-0.41
26.5222,-0.4
26.525,-0.4
26.5278,-0.405
26.5306,-0.425
26.5333,-0.435
26.5361,-0.43
26.5389,-0.44
26.5417,-0.43
26.5444,-0.435
26.5472,-0.445
26.55,-0.445
26.5528,-0.435
26.5556,-0.44
26.5583,-0.425
26.5611,-0.415
26.5639,-0.42
26.5667,-0.42
26.5694,-0.41
26.5722,-0.395
26.575,-0.365
26.5778,-0.35
26.5806,-0.35
26.5833,-0.355
26.5861,-0.33
26.5889,-0.31
26.5917,-0.29
26.5944,-0.29
26.5972,-0.295
26.6,-0.295
26.6028,-0.285
26.6056,-0.28
26.6083,-0.27
26.6111,-0.27
26.6139,-0.275
26.6167,-0.275
26.6194,-0.265
26.6222,-0.27
26.625,-0.255
26.6278,-0.25
26.6306,-0.26
26.6333,-0.27
26.6361,-0.26
26.6389,-0.255
26.6417,-0.26
26.6444,-0.255
26.6472,-0.255
26.65,-0.285
26.6528,-0.265
26.6556,-0.265
26.6583,-0.25
26.6611,-0.26
26.6639,-0.27
26.6667,-0.28
26.6694,-0.27
26.6722,-0.27
26.675,-0.27
26.6778,-0.265
26.6806,-0.27
26.6833,-0.28
26.6861,-0.275
26.6889,-0.26
26.6917,-0.265
26.6944,-0.28
26.6972,-0.28
26.7,-0.29
26.7028,-0.28
26.7056,-0.275
26.7083,-0.275
26.7111,-0.28
26.7139,-0.285
26.7167,-0.28
26.7194,-0.285
26.7222,-0.285
26.725,-0.285
26.7278,-0.28
26.7306,-0.28
26.7333,-0.29
26.7361,-0.29
26.7389,-0.285
26.7417,-0.285
26.7444,-0.29
26.7472,-0.305
26.75,-0.305
26.7528,-0.3
26.7556,-0.295
26.7583,-0.29
26.7611,-0.305
26.7639,-0.285
26.7667,-0.31
26.7694,-0.3
26.7722,-0.295
26.775,-0.285
26.7778,-0.31
26.7806,-0.305
26.7833,-0.305
26.7861,-0.3
26.7889,-0.3
26.7917,-0.28
26.7944,-0.285
26.7972,-0.29
26.8,-0.3
26.8028,-0.29
26.8056,-0.29
26.8083,-0.275
26.8111,-0.29
26.8139,-0.29
26.8167,-0.31
26.8194,-0.29
26.8222,-0.285
26.825,-0.285
26.8278,-0.28
26.8306,-0.285
26.8333,-0.285
26.8361,-0.285
26.8389,-0.28
26.8417,-0.275
26.8444,-0.28
26.8472,-0.285
26.85,-0.29
26.8528,-0.29
26.8556,-0.28
26.8583,-0.265
26.8611,-0.26
26.8639,-0.26
26.8667,-0.26
26.8694,-0.235
26.8722,-0.22
26.875,-0.215
26.8778,-0.215
26.8806,-0.21
26.8833,-0.215
26.8861,-0.21
26.8889,-0.195
26.8917,-0.195
26.8944,-0.18
26.8972,-0.165
26.9,-0.185
26.9028,-0.175
26.9056,-0.175
26.9083,-0.16
26.9111,-0.18
26.9139,-0.195
26.9167,-0.21
26.9194,-0.2
26.9222,-0.195
26.925,-0.18
26.9278,-0.19
26.9306,-0.2
26.9333,-0.225
26.9361,-0.205
26.9389,-0.175
26.9417,-0.175
26.9444,-0.175
26.9472,-0.215
26.95,-0.245
26.9528,-0.25
26.9556,-0.255
26.9583,-0.27
26.9611,-0.29
26.9639,-0.3
26.9667,-0.315
26.9694,-0.31
26.9722,-0.305
26.975,-0.29
26.9778,-0.295
26.9806,-0.315
26.9833,-0.315
26.9861,-0.305
26.9889,-0.31
26.9917,-0.315
26.9944,-0.305
26.9972,-0.32
27.0,-0.32
27.0028,-0.32
27.0056,-0.315
27.0083,-0.315
27.0111,-0.31
27.0139,-0.315
27.0167,-0.325
27.0194,-0.32
27.0222,-0.315
27.025,-0.31
27.0278,-0.3
27.0306,-0.32
27.0333,-0.335
27.0361,-0.34
27.0389,-0.355
27.0417,-0.39
27.0444,-0.43
27.0472,-0.46
27.05,-0.495
27.0528,-0.54
27.0556,-0.53
27.0583,-0.46
27.0611,-0.325
27.0639,-0.16
27.0667,0.015
27.0694,0.26
27.0722,0.555
27.075,0.815
27.0778,0.975
27.0806,0.99
27.0833,0.8
27.0861,0.415
27.0889,-0.015
27.0917,-0.32
27.0944,-0.45
27.0972,-0.445
27.1,-0.39
27.1028,-0.355
27.1056,-0.34
27.1083,-0.34
27.1111,-0.34
27.1139,-0.345
27.1167,-0.35
27.1194,-0.345
27.1222,-0.345
27.125,-0.35
27.1278,-0.355
27.1306,-0.35
27.1333,-0.36
27.1361,-0.365
27.1389,-0.355
27.1417,-0.35
27.1444,-0.355
27.1472,-0.35
27.15,-0.365
27.1528,-0.37
27.1556,-0.365
27.1583,-0.355
27.1611,-0.35
27.1639,-0.355
27.1667,-0.365
27.1694,-0.365
27.1722,-0.35
27.175,-0.345
27.1778,-0.345
27.1806,-0.35
27.1833,-0.36
27.1861,-0.345
27.1889,-0.345
27.1917,-0.35
27.1944,-0.34
27.1972,-0.345
27.2,-0.355
27.2028,-0.34
27.2056,-0.35
27.2083,-0.34
27.2111,-0.345
27.2139,-0.34
27.2167,-0.35
27.2194,-0.355
27.2222,-0.335
27.225,-0.33
27.2278,-0.345
27.2306,-0.35
27.2333,-0.355
27.2361,-0.35
27.2389,-0.34
27.2417,-0.33
27.2444,-0.34
27.2472,-0.34
27.25,-0.37
27.2528,-0.35
27.2556,-0.34
27.2583,-0.325
27.2611,-0.34
27.2639,-0.34
27.2667,-0.35
27.2694,-0.345
27.2722,-0.345
27.275,-0.33
27.2778,-0.34
27.2806,-0.345
27.2833,-0.355
27.2861,-0.35
27.2889,-0.345
27.2917,-0.34
27.2944,-0.345
27.2972,-0.355
27.3,-0.36
27.3028,-0.35
27.3056,-0.355
27.3083,-0.35
27.3111,-0.365
27.3139,-0.36
27.3167,-0.375
27.3194,-0.37
27.3222,-0.36
27.325,-0.355
27.3278,-0.37
27.3306,-0.375
27.3333,-0.385
27.3361,-0.37
27.3389,-0.365
27.3417,-0.36
27.3444,-0.355
27.3472,-0.36
27.35,-0.37
27.3528,-0.365
27.3556,-0.35
27.3583,-0.325
27.3611,-0.32
27.3639,-0.31
27.3667,-0.31
27.3694,-0.305
27.3722,-0.295
27.375,-0.275
27.3778,-0.275
27.3806,-0.28
27.3833,-0.28
27.3861,-0.265
27.3889,-0.255
27.3917,-0.245
27.3944,-0.245
27.3972,-0.25
27.4,-0.26
27.4028,-0.255
27.4056,-0.23
27.4083,-0.235
27.4111,-0.23
27.4139,-0.245
27.4167,-0.255
27.4194,-0.24
27.4222,-0.23
27.425,-0.235
27.4278,-0.235
27.4306,-0.235
27.4333,-0.25
27.4361,-0.245
27.4389,-0.245
27.4417,-0.23
27.4444,-0.235
27.4472,-0.25
27.45,-0.255
27.4528,-0.25
27.4556,-0.245
27.4583,-0.245
27.4611,-0.25
27.4639,-0.245
27.4667,-0.265
27.4694,-0.255
27.4722,-0.245
27.475,-0.245
27.4778,-0.25
27.4806,-0.255
27.4833,-0.265
27.4861,-0.265
27.4889,-0.25
27.4917,-0.25
27.4944,-0.26
27.4972,-0.26
27.5,-0.265
27.5028,-0.26
27.5056,-0.265
27.5083,-0.265
27.5111,-0.265
27.5139,-0.28
27.5167,-0.285
27.5194,-0.29
27.5222,-0.275
27.525,-0.28
27.5278,-0.28
27.5306,-0.28
27.5333,-0.295
27.5361,-0.29
27.5389,-0.285
27.5417,-0.28
27.5444,-0.275
27.5472,-0.29
27.55,-0.29
27.5528,-0.29
27.5556,-0.285
27.5583,-0.275
27.5611,-0.28
27.5639,-0.295
27.5667,-0.29
27.5694,-0.285
27.5722,-0.28
27.575,-0.275
27.5778,-0.28
27.5806,-0.285
27.5833,-0.305
27.5861,-0.3
27.5889,-0.29
27.5917,-0.295
27.5944,-0.275
27.5972,-0.295
27.6,-0.305
27.6028,-0.295
27.6056,-0.29
27.6083,-0.275
27.6111,-0.285
27.6139,-0.285
27.6167,-0.3
27.6194,-0.31
27.6222,-0.305
27.625,-0.295
27.6278,-0.295
27.6306,-0.29
27.6333,-0.31
27.6361,-0.29
27.6389,-0.28
27.6417,-0.28
27.6444,-0.28
27.6472,-0.295
27.65,-0.3
27.6528,-0.29
27.6556,-0.285
27.6583,-0.26
27.6611,-0.265
27.6639,-0.255
27.6667,-0.24
27.6694,-0.225
27.6722,-0.215
27.675,-0.215
27.6778,-0.22
27.6806,-0.215
27.6833,-0.21
27.6861,-0.205
27.6889,-0.18
27.6917,-0.17
27.6944,-0.16
27.6972,-0.18
27.7,-0.195
27.7028,-0.185
27.7056,-0.195
27.7083,-0.19
27.7111,-0.2
27.7139,-0.2
27.7167,-0.195
27.7194,-0.195
27.7222,-0.205
27.725,-0.215
27.7278,-0.21
27.7306,-0.205
27.7333,-0.195
27.7361,-0.165
27.7389,-0.16
27.7417,-0.185
27.7444,-0.215
27.7472,-0.245
27.75,-0.26
27.7528,-0.27
27.7556,-0.285
27.7583,-0.28
27.7611,-0.295
27.7639,-0.305
27.7667,-0.32
27.7694,-0.31
27.7722,-0.315
27.775,-0.305
27.7778,-0.305
27.7806,-0.315
27.7833,-0.325
27.7861,-0.325
27.7889,-0.305
27.7917,-0.31
27.7944,-0.32
27.7972,-0.325
27.8,-0.33
27.8028,-0.33
27.8056,-0.32
27.8083,-0.31
27.8111,-0.33
27.8139,-0.32
27.8167,-0.335
27.8194,-0.335
27.8222,-0.335
27.825,-0.33
27.8278,-0.35
27.8306,-0.39
27.8333,-0.435
27.8361,-0.46
27.8389,-0.475
27.8417,-0.51
27.8444,-0.56
27.8472,-0.58
27.85,-0.535
27.8528,-0.44
27.8556,-0.32
27.8583,-0.21
27.8611,-0.12
27.8639,0.03
27.8667,0.225
27.8694,0.5
27.8722,0.75
27.875,0.9
27.8778,0.97
27.8806,0.92
27.8833,0.665
27.8861,0.29
27.8889,-0.065
27.8917,-0.31
27.8944,-0.445
27.8972,-0.47
27.9,-0.44
27.9028,-0.405
27.9056,-0.36
27.9083,-0.345
27.9111,-0.355
27.9139,-0.37
27.9167,-0.37
27.9194,-0.355
27.9222,-0.365
27.925,-0.36
27.9278,-0.36
27.9306,-0.385
27.9333,-0.395
27.9361,-0.385
27.9389,-0.38
27.9417,-0.375
27.9444,-0.37
27.9472,-0.375
27.95,-0.38
27.9528,-0.38
27.9556,-0.375
27.9583,-0.365
27.9611,-0.365
27.9639,-0.375
27.9667,-0.385
27.9694,-0.375
27.9722,-0.365
27.975,-0.355
27.9778,-0.37
27.9806,-0.375
27.9833,-0.38
27.9861,-0.37
27.9889,-0.375
27.9917,-0.355
27.9944,-0.35
27.9972,-0.355
28.0,-0.37
28.0028,-0.37
28.0056,-0.36
28.0083,-0.36
28.0111,-0.355
28.0139,-0.37
28.0167,-0.37
28.0194,-0.36
28.0222,-0.36
28.025,-0.35
28.0278,-0.355
28.0306,-0.375
28.0333,-0.38
28.0361,-0.37
28.0389,-0.365
28.0417,-0.36
28.0444,-0.365
28.0472,-0.36
28.05,-0.375
28.0528,-0.375
28.0556,-0.365
28.0583,-0.36
28.0611,-0.365
28.0639,-0.365
28.0667,-0.37
28.0694,-0.365
28.0722,-0.365
28.075,-0.36
28.0778,-0.355
28.0806,-0.36
28.0833,-0.37
28.0861,-0.36
28.0889,-0.35
28.0917,-0.35
28.0944,-0.355
28.0972,-0.36
28.1,-0.38
28.1028,-0.37
28.1056,-0.355
28.1083,-0.355
28.1111,-0.35
28.1139,-0.37
28.1167,-0.385
28.1194,-0.375
28.1222,-0.37
28.125,-0.365
28.1278,-0.37
28.1306,-0.385
28.1333,-0.385
28.1361,-0.385
28.1389,-0.375
28.1417,-0.375
28.1444,-0.375
28.1472,-0.38
28.15,-0.39
28.1528,-0.38
28.1556,-0.36
28.1583,-0.36
28.1611,-0.365
28.1639,-0.36
28.1667,-0.36
28.1694,-0.34
28.1722,-0.335
28.175,-0.32
28.1778,-0.315
28.1806,-0.305
28.1833,-0.32
28.1861,-0.305
28.1889,-0.295
28.1917,-0.28
28.1944,-0.285
28.1972,-0.29
28.2,-0.3
28.2028,-0.285
28.2056,-0.285
28.2083,-0.27
28.2111,-0.26
28.2139,-0.265
28.2167,-0.28
28.2194,-0.275
28.2222,-0.27
28.225,-0.26
28.2278,-0.26
28.2306,-0.265
28.2333,-0.275
28.2361,-0.28
28.2389,-0.26
28.2417,-0.265
28.2444,-0.26
28.2472,-0.285
28.25,-0.275
28.2528,-0.27
28.2556,-0.28
28.2583,-0.275
28.2611,-0.27
28.2639,-0.29
28.2667,-0.29
28.2694,-0.29
28.2722,-0.285
28.275,-0.275
28.2778,-0.29
28.2806,-0.28
28.2833,-0.3
28.2861,-0.3
28.2889,-0.3
28.2917,-0.275
28.2944,-0.29
28.2972,-0.295
28.3,-0.315
28.3028,-0.315
28.3056,-0.295
28.3083,-0.3
28.3111,-0.3
28.3139,-0.3
28.3167,-0.315
28.3194,-0.31
28.3222,-0.295
28.325,-0.3
28.3278,-0.31
28.3306,-0.31
28.3333,-0.325
28.3361,-0.325
28.3389,-0.325
28.3417,-0.32
28.3444,-0.31
28.3472,-0.315
28.35,-0.32
28.3528,-0.325
28.3556,-0.315
28.3583,-0.31
28.3611,-0.315
28.3639,-0.325
28.3667,-0.335
28.3694,-0.33
28.3722,-0.32
28.375,-0.325
28.3778,-0.32
28.3806,-0.33
28.3833,-0.335
28.3861,-0.33
28.3889,-0.315
28.3917,-0.32
28.3944,-0.315
28.3972,-0.335
28.4,-0.345
28.4028,-0.325
28.4056,-0.335
28.4083,-0.325
28.4111,-0.32
28.4139,-0.33
28.4167,-0.335
28.4194,-0.34
28.4222,-0.315
28.425,-0.315
28.4278,-0.325
28.4306,-0.325
28.4333,-0.33
28.4361,-0.325
28.4389,-0.325
28.4417,-0.33
28.4444,-0.335
28.4472,-0.335
28.45,-0.345
28.4528,-0.325
28.4556,-0.32
28.4583,-0.3
28.4611,-0.305
28.4639,-0.31
28.4667,-0.315
28.4694,-0.3
28.4722,-0.275
28.475,-0.25
28.4778,-0.255
28.4806,-0.25
28.4833,-0.265
28.4861,-0.265
28.4889,-0.245
28.4917,-0.23
28.4944,-0.215
28.4972,-0.21
28.5,-0.225
28.5028,-0.2
28.5056,-0.205
28.5083,-0.205
28.5111,-0.21
28.5139,-0.235
28.5167,-0.24
28.5194,-0.235
28.5222,-0.235
28.525,-0.23
28.5278,-0.235
28.5306,-0.235
28.5333,-0.24
28.5361,-0.245
28.5389,-0.255
28.5417,-0.245
28.5444,-0.245
28.5472,-0.245
28.55,-0.225
28.5528,-0.235
28.5556,-0.25
28.5583,-0.27
28.5611,-0.285
28.5639,-0.315
28.5667,-0.335
28.5694,-0.345
28.5722,-0.335
28.575,-0.34
28.5778,-0.345
28.5806,-0.34
28.5833,-0.345
28.5861,-0.34
28.5889,-0.335
28.5917,-0.335
28.5944,-0.35
28.5972,-0.36
28.6,-0.365
28.6028,-0.355
28.6056,-0.365
28.6083,-0.36
28.6111,-0.36
28.6139,-0.375
28.6167,-0.385
28.6194,-0.38
28.6222,-0.365
28.625,-0.37
28.6278,-0.365
28.6306,-0.38
28.6333,-0.385
28.6361,-0.38
28.6389,-0.4
28.6417,-0.42
28.6444,-0.46
28.6472,-0.49
28.65,-0.53
28.6528,-0.58
28.6556,-0.61
28.6583,-0.595
28.6611,-0.545
28.6639,-0.445
28.6667,-0.36
28.6694,-0.26
28.6722,-0.125
28.675,0.06
28.6778,0.27
28.6806,0.49
28.6833,0.65
28.6861,0.8
28.6889,0.87
28.6917,0.825
28.6944,0.605
28.6972,0.28
28.7,-0.07
28.7028,-0.32
28.7056,-0.46
28.7083,-0.52
28.7111,-0.51
28.7139,-0.45
28.7167,-0.43
28.7194,-0.415
28.7222,-0.415
28.725,-0.42
28.7278,-0.42
28.7306,-0.42
28.7333,-0.425
28.7361,-0.415
28.7389,-0.41
28.7417,-0.4
28.7444,-0.41
28.7472,-0.43
28.75,-0.44
28.7528,-0.425
28.7556,-0.42
28.7583,-0.41
28.7611,-0.405
28.7639,-0.42
28.7667,-0.425
28.7694,-0.43
28.7722,-0.425
28.775,-0.41
28.7778,-0.425
28.7806,-0.41
28.7833,-0.42
28.7861,-0.415
28.7889,-0.41
28.7917,-0.41
28.7944,-0.4
28.7972,-0.415
28.8,-0.43
28.8028,-0.415
28.8056,-0.415
28.8083,-0.415
28.8111,-0.415
28.8139,-0.405
28.8167,-0.44
28.8194,-0.43
28.8222,-0.435
28.825,-0.42
28.8278,-0.415
28.8306,-0.43
28.8333,-0.43
28.8361,-0.425
28.8389,-0.41
28.8417,-0.405
28.8444,-0.4
28.8472,-0.415
28.85,-0.43
28.8528,-0.43
28.8556,-0.42
28.8583,-0.415
28.8611,-0.42
28.8639,-0.43
28.8667,-0.44
28.8694,-0.43
28.8722,-0.43
28.875,-0.415
28.8778,-0.415
28.8806,-0.42
28.8833,-0.435
28.8861,-0.425
28.8889,-0.41
28.8917,-0.405
28.8944,-0.41
28.8972,-0.42
28.9,-0.43
28.9028,-0.42
28.9056,-0.41
28.9083,-0.415
28.9111,-0.41
28.9139,-0.42
28.9167,-0.435
28.9194,-0.43
28.9222,-0.435
28.925,-0.425
28.9278,-0.44
28.9306,-0.45
28.9333,-0.465
28.9361,-0.445
28.9389,-0.44
28.9417,-0.435
28.9444,-0.435
28.9472,-0.45
28.95,-0.475
28.9528,-0.465
28.9556,-0.455
28.9583,-0.445
28.9611,-0.44
28.9639,-0.46
28.9667,-0.47
28.9694,-0.46
28.9722,-0.46
28.975,-0.45
28.9778,-0.45
28.9806,-0.46
28.9833,-0.46
28.9861,-0.45
28.9889,-0.42
28.9917,-0.4
28.9944,-0.39
28.9972,-0.395
29.0,-0.39
29.0028,-0.38
29.0056,-0.365
29.0083,-0.34
29.0111,-0.33
29.0139,-0.345
29.0167,-0.35
29.0194,-0.34
29.0222,-0.335
29.025,-0.315
29.0278,-0.33
29.0306,-0.335
29.0333,-0.345
29.0361,-0.34
29.0389,-0.325
29.0417,-0.32
29.0444,-0.335
29.0472,-0.35
29.05,-0.355
29.0528,-0.34
29.0556,-0.325
29.0583,-0.315
29.0611,-0.31
29.0639,-0.315
29.0667,-0.33
29.0694,-0.32
29.0722,-0.32
29.075,-0.325
29.0778,-0.335
29.0806,-0.34
29.0833,-0.355
29.0861,-0.345
29.0889,-0.345
29.0917,-0.325
29.0944,-0.34
29.0972,-0.335
29.1,-0.355
29.1028,-0.355
29.1056,-0.35
29.1083,-0.335
29.1111,-0.325
29.1139,-0.34
29.1167,-0.345
29.1194,-0.35
29.1222,-0.34
29.125,-0.34
29.1278,-0.35
29.1306,-0.355
29.1333,-0.365
29.1361,-0.37
29.1389,-0.355
29.1417,-0.35
29.1444,-0.355
29.1472,-0.37
29.15,-0.365
29.1528,-0.37
29.1556,-0.36
29.1583,-0.355
29.1611,-0.355
29.1639,-0.37
29.1667,-0.38
29.1694,-0.375
29.1722,-0.37
29.175,-0.375
29.1778,-0.38
29.1806,-0.385
29.1833,-0.395
29.1861,-0.38
29.1889,-0.355
29.1917,-0.35
29.1944,-0.355
29.1972,-0.35
29.2,-0.37
29.2028,-0.37
29.2056,-0.38
29.2083,-0.37
29.2111,-0.36
29.2139,-0.37
29.2167,-0.37
29.2194,-0.365
29.2222,-0.365
29.225,-0.36
29.2278,-0.355
29.2306,-0.36
29.2333,-0.385
29.2361,-0.36
29.2389,-0.365
29.2417,-0.36
29.2444,-0.375
29.2472,-0.37
29.25,-0.385
29.2528,-0.375
29.2556,-0.365
29.2583,-0.365
29.2611,-0.355
29.2639,-0.375
29.2667,-0.37
29.2694,-0.375
29.2722,-0.365
29.275,-0.335
29.2778,-0.355
29.2806,-0.36
29.2833,-0.365
29.2861,-0.345
29.2889,-0.325
29.2917,-0.31
29.2944,-0.31
29.2972,-0.31
29.3,-0.325
29.3028,-0.305
29.3056,-0.29
29.3083,-0.285
29.3111,-0.28
29.3139,-0.27
29.3167,-0.29
29.3194,-0.27
29.3222,-0.265
29.325,-0.255
29.3278,-0.245
29.3306,-0.255
29.3333,-0.265
29.3361,-0.265
29.3389,-0.265
29.3417,-0.27
29.3444,-0.27
29.3472,-0.29
29.35,-0.28
29.3528,-0.275
29.3556,-0.265
29.3583,-0.265
29.3611,-0.285
29.3639,-0.3
29.3667,-0.295
29.3694,-0.29
29.3722,-0.26
29.375,-0.25
29.3778,-0.255
29.3806,-0.285
29.3833,-0.325
29.3861,-0.34
29.3889,-0.34
29.3917,-0.35
29.3944,-0.36
29.3972,-0.365
29.4,-0.4
29.4028,-0.39
29.4056,-0.395
29.4083,-0.38
29.4111,-0.38
29.4139,-0.385
29.4167,-0.405
29.4194,-0.395
29.4222,-0.385
29.425,-0.4
29.4278,-0.39
29.4306,-0.41
29.4333,-0.41
29.4361,-0.405
29.4389,-0.395
29.4417,-0.39
29.4444,-0.4
29.4472,-0.405
29.45,-0.42
29.4528,-0.405
29.4556,-0.41
29.4583,-0.4
29.4611,-0.415
29.4639,-0.44
29.4667,-0.47
29.4694,-0.5
29.4722,-0.515
29.475,-0.525
29.4778,-0.58
29.4806,-0.635
29.4833,-0.635
29.4861,-0.565
29.4889,-0.435
29.4917,-0.3
29.4944,-0.175
29.4972,-0.025
29.5,0.14
29.5028,0.365
29.5056,0.6
29.5083,0.78
29.5111,0.905
29.5139,0.915
29.5167,0.75
29.5194,0.415
29.5222,0.01
29.525,-0.29
29.5278,-0.47
29.5306,-0.55
29.5333,-0.54
29.5361,-0.49
29.5389,-0.44
29.5417,-0.43
29.5444,-0.435
29.5472,-0.44
29.55,-0.46
29.5528,-0.45
29.5556,-0.435
29.5583,-0.42
29.5611,-0.44
29.5639,-0.435
29.5667,-0.445
29.5694,-0.44
29.5722,-0.44
29.575,-0.43
29.5778,-0.435
29.5806,-0.45
29.5833,-0.45
29.5861,-0.44
29.5889,-0.44
29.5917,-0.43
29.5944,-0.445
29.5972,-0.44
29.6,-0.445
29.6028,-0.44
29.6056,-0.435
29.6083,-0.435
29.6111,-0.435
29.6139,-0.445
29.6167,-0.46
29.6194,-0.455
29.6222,-0.445
29.625,-0.43
29.6278,-0.43
29.6306,-0.43
29.6333,-0.44
29.6361,-0.44
29.6389,-0.435
29.6417,-0.43
29.6444,-0.425
29.6472,-0.445
29.65,-0.45
29.6528,-0.44
29.6556,-0.435
29.6583,-0.435
29.6611,-0.43
29.6639,-0.44
29.6667,-0.445
29.6694,-0.43
29.6722,-0.435
29.675,-0.415
29.6778,-0.43
29.6806,-0.44
29.6833,-0.45
29.6861,-0.435
29.6889,-0.435
29.6917,-0.425
29.6944,-0.425
29.6972,-0.43
29.7,-0.45
29.7028,-0.45
29.7056,-0.44
29.7083,-0.43
29.7111,-0.43
29.7139,-0.44
29.7167,-0.445
29.7194,-0.44
29.7222,-0.44
29.725,-0.43
29.7278,-0.42
29.7306,-0.435
29.7333,-0.45
29.7361,-0.44
29.7389,-0.435
29.7417,-0.43
29.7444,-0.43
29.7472,-0.455
29.75,-0.47
29.7528,-0.46
29.7556,-0.45
29.7583,-0.445
29.7611,-0.455
29.7639,-0.47
29.7667,-0.49
29.7694,-0.48
29.7722,-0.475
29.775,-0.475
29.7778,-0.475
29.7806,-0.485
29.7833,-0.495
29.7861,-0.48
29.7889,-0.475
29.7917,-0.47
29.7944,-0.47
29.7972,-0.465
29.8,-0.48
29.8028,-0.465
29.8056,-0.45
29.8083,-0.425
29.8111,-0.41
29.8139,-0.41
29.8167,-0.405
29.8194,-0.395
29.8222,-0.375
29.825,-0.365
29.8278,-0.365
29.8306,-0.355
29.8333,-0.36
29.8361,-0.36
29.8389,-0.345
29.8417,-0.325
29.8444,-0.335
29.8472,-0.325
29.85,-0.34
29.8528,-0.32
29.8556,-0.325
29.8583,-0.31
29.8611,-0.305
29.8639,-0.315
29.8667,-0.325
29.8694,-0.325
29.8722,-0.31
29.875,-0.31
29.8778,-0.305
29.8806,-0.315
29.8833,-0.325
29.8861,-0.325
29.8889,-0.315
29.8917,-0.305
29.8944,-0.3
29.8972,-0.315
29.9,-0.32
29.9028,-0.32
29.9056,-0.305
29.9083,-0.305
29.9111,-0.31
29.9139,-0.315
29.9167,-0.335
29.9194,-0.32
29.9222,-0.32
29.925,-0.315
29.9278,-0.315
29.9306,-0.33
29.9333,-0.345
29.9361,-0.33
29.9389,-0.325
29.9417,-0.31
29.9444,-0.325
29.9472,-0.33
29.95,-0.355
29.9528,-0.355
29.9556,-0.34
29.9583,-0.33
29.9611,-0.325
29.9639,-0.33
29.9667,-0.35
29.9694,-0.345
29.9722,-0.34
29.975,-0.33
29.9778,-0.34
29.9806,-0.345
29.9833,-0.35
29.9861,-0.35
29.9889,-0.35
29.9917,-0.335
29.9944,-0.335
29.9972,-0.345
