time,signal
0.0,-0.105
0.0028,-0.105
0.0056,-0.105
0.0083,-0.095
0.0111,-0.07
0.0139,-0.05
0.0167,-0.03
0.0194,-0.04
0.0222,-0.005
0.025,0.03
0.0278,0.07
0.0306,0.105
0.0333,0.105
0.0361,0.085
0.0389,0.09
0.0417,0.08
0.0444,0.075
0.0472,0.055
0.05,0.035
0.0528,-0.005
0.0556,-0.005
0.0583,0.0
0.0611,0.005
0.0639,-0.025
0.0667,-0.06
0.0694,-0.105
0.0722,-0.135
0.075,-0.145
0.0778,-0.145
0.0806,-0.16
0.0833,-0.175
0.0861,-0.19
0.0889,-0.19
0.0917,-0.18
0.0944,-0.16
0.0972,-0.165
0.1,-0.175
0.1028,-0.175
0.1056,-0.175
0.1083,-0.16
0.1111,-0.15
0.1139,-0.14
0.1167,-0.14
0.1194,-0.16
0.1222,-0.15
0.125,-0.13
0.1278,-0.13
0.1306,-0.14
0.1333,-0.155
0.1361,-0.155
0.1389,-0.11
0.1417,0.01
0.1444,0.17
0.1472,0.345
0.15,0.5
0.1528,0.625
0.1556,0.67
0.1583,0.57
0.1611,0.335
0.1639,0.075
0.1667,-0.105
0.1694,-0.185
0.1722,-0.18
0.175,-0.145
0.1778,-0.12
0.1806,-0.105
0.1833,-0.115
0.1861,-0.125
0.1889,-0.14
0.1917,-0.155
0.1944,-0.125
0.1972,-0.12
0.2,-0.13
0.2028,-0.14
0.2056,-0.15
0.2083,-0.13
0.2111,-0.135
0.2139,-0.12
0.2167,-0.13
0.2194,-0.13
0.2222,-0.13
0.225,-0.125
0.2278,-0.105
0.2306,-0.105
0.2333,-0.11
0.2361,-0.125
0.2389,-0.125
0.2417,-0.12
0.2444,-0.11
0.2472,-0.105
0.25,-0.1
0.2528,-0.125
0.2556,-0.125
0.2583,-0.115
0.2611,-0.105
0.2639,-0.09
0.2667,-0.1
0.2694,-0.105
0.2722,-0.12
0.275,-0.115
0.2778,-0.095
0.2806,-0.09
0.2833,-0.09
0.2861,-0.1
0.2889,-0.12
0.2917,-0.095
0.2944,-0.085
0.2972,-0.075
0.3,-0.08
0.3028,-0.11
0.3056,-0.1
0.3083,-0.07
0.3111,-0.07
0.3139,-0.06
0.3167,-0.09
0.3194,-0.09
0.3222,-0.095
0.325,-0.095
0.3278,-0.07
0.3306,-0.055
0.3333,-0.065
0.3361,-0.08
0.3389,-0.09
0.3417,-0.065
0.3444,-0.05
0.3472,-0.06
0.35,-0.065
0.3528,-0.085
0.3556,-0.08
0.3583,-0.075
0.3611,-0.065
0.3639,-0.055
0.3667,-0.05
0.3694,-0.075
0.3722,-0.085
0.375,-0.08
0.3778,-0.07
0.3806,-0.07
0.3833,-0.08
0.3861,-0.105
0.3889,-0.11
0.3917,-0.125
0.3944,-0.105
0.3972,-0.105
0.4,-0.11
0.4028,-0.135
0.4056,-0.135
0.4083,-0.145
0.4111,-0.13
0.4139,-0.125
0.4167,-0.125
0.4194,-0.155
0.4222,-0.15
0.425,-0.14
0.4278,-0.135
0.4306,-0.14
0.4333,-0.15
0.4361,-0.15
0.4389,-0.15
0.4417,-0.16
0.4444,-0.14
0.4472,-0.135
0.45,-0.14
0.4528,-0.155
0.4556,-0.175
0.4583,-0.165
0.4611,-0.155
0.4639,-0.15
0.4667,-0.16
0.4694,-0.165
0.4722,-0.175
0.475,-0.145
0.4778,-0.16
0.4806,-0.145
0.4833,-0.145
0.4861,-0.155
0.4889,-0.155
0.4917,-0.16
0.4944,-0.15
0.4972,-0.15
0.5,-0.145
0.5028,-0.16
0.5056,-0.175
0.5083,-0.16
0.5111,-0.15
0.5139,-0.14
0.5167,-0.14
0.5194,-0.155
0.5222,-0.15
0.525,-0.16
0.5278,-0.135
0.5306,-0.125
0.5333,-0.15
0.5361,-0.145
0.5389,-0.165
0.5417,-0.145
0.5444,-0.135
0.5472,-0.12
0.55,-0.13
0.5528,-0.135
0.5556,-0.145
0.5583,-0.145
0.5611,-0.13
0.5639,-0.13
0.5667,-0.125
0.5694,-0.135
0.5722,-0.145
0.575,-0.135
0.5778,-0.12
0.5806,-0.125
0.5833,-0.12
0.5861,-0.125
0.5889,-0.13
0.5917,-0.145
0.5944,-0.125
0.5972,-0.115
0.6,-0.115
0.6028,-0.135
0.6056,-0.135
0.6083,-0.125
0.6111,-0.105
0.6139,-0.105
0.6167,-0.1
0.6194,-0.12
0.6222,-0.125
0.625,-0.12
0.6278,-0.12
0.6306,-0.105
0.6333,-0.11
0.6361,-0.125
0.6389,-0.13
0.6417,-0.11
0.6444,-0.11
0.6472,-0.115
0.65,-0.11
0.6528,-0.125
0.6556,-0.125
0.6583,-0.125
0.6611,-0.105
0.6639,-0.09
0.6667,-0.09
0.6694,-0.12
0.6722,-0.115
0.675,-0.105
0.6778,-0.095
0.6806,-0.1
0.6833,-0.095
0.6861,-0.125
0.6889,-0.105
0.6917,-0.1
0.6944,-0.095
0.6972,-0.085
0.7,-0.09
0.7028,-0.105
0.7056,-0.095
0.7083,-0.09
0.7111,-0.085
0.7139,-0.075
0.7167,-0.08
0.7194,-0.1
0.7222,-0.11
0.725,-0.095
0.7278,-0.09
0.7306,-0.09
0.7333,-0.1
0.7361,-0.11
0.7389,-0.105
0.7417,-0.085
0.7444,-0.09
0.7472,-0.08
0.75,-0.08
0.7528,-0.09
0.7556,-0.1
0.7583,-0.075
0.7611,-0.075
0.7639,-0.065
0.7667,-0.07
0.7694,-0.075
0.7722,-0.055
0.775,-0.04
0.7778,-0.015
0.7806,0.0
0.7833,-0.01
0.7861,-0.01
0.7889,-0.005
0.7917,0.0
0.7944,0.035
0.7972,0.065
0.8,0.08
0.8028,0.105
0.8056,0.12
0.8083,0.13
0.8111,0.16
0.8139,0.165
0.8167,0.145
0.8194,0.125
0.8222,0.105
0.825,0.105
0.8278,0.1
0.8306,0.095
0.8333,0.08
0.8361,0.06
0.8389,0.03
0.8417,0.04
0.8444,0.035
0.8472,0.01
0.85,-0.015
0.8528,-0.06
0.8556,-0.095
0.8583,-0.095
0.8611,-0.09
0.8639,-0.1
0.8667,-0.115
0.8694,-0.14
0.8722,-0.13
0.875,-0.13
0.8778,-0.11
0.8806,-0.105
0.8833,-0.105
0.8861,-0.125
0.8889,-0.115
0.8917,-0.115
0.8944,-0.09
0.8972,-0.09
0.9,-0.11
0.9028,-0.12
0.9056,-0.105
0.9083,-0.105
0.9111,-0.085
0.9139,-0.085
0.9167,-0.11
0.9194,-0.135
0.9222,-0.125
0.925,-0.095
0.9278,0.0
0.9306,0.08
0.9333,0.21
0.9361,0.33
0.9389,0.465
0.9417,0.58
0.9444,0.655
0.9472,0.65
0.95,0.535
0.9528,0.345
0.9556,0.14
0.9583,0.0
0.9611,-0.09
0.9639,-0.115
0.9667,-0.115
0.9694,-0.115
0.9722,-0.11
0.975,-0.1
0.9778,-0.095
0.9806,-0.105
0.9833,-0.11
0.9861,-0.13
0.9889,-0.125
0.9917,-0.125
0.9944,-0.115
0.9972,-0.125
1.0,-0.135
1.0028,-0.14
1.0056,-0.135
1.0083,-0.12
1.0111,-0.115
1.0139,-0.125
1.0167,-0.13
1.0194,-0.14
1.0222,-0.15
1.025,-0.145
1.0278,-0.135
1.0306,-0.12
1.0333,-0.125
1.0361,-0.155
1.0389,-0.15
1.0417,-0.155
1.0444,-0.13
1.0472,-0.12
1.05,-0.15
1.0528,-0.135
1.0556,-0.145
1.0583,-0.125
1.0611,-0.115
1.0639,-0.12
1.0667,-0.13
1.0694,-0.14
1.0722,-0.15
1.075,-0.14
1.0778,-0.125
1.0806,-0.13
1.0833,-0.145
1.0861,-0.155
1.0889,-0.165
1.0917,-0.145
1.0944,-0.14
1.0972,-0.135
1.1,-0.155
1.1028,-0.165
1.1056,-0.18
1.1083,-0.16
1.1111,-0.155
1.1139,-0.15
1.1167,-0.16
1.1194,-0.155
1.1222,-0.17
1.125,-0.145
1.1278,-0.16
1.1306,-0.145
1.1333,-0.15
1.1361,-0.16
1.1389,-0.155
1.1417,-0.155
1.1444,-0.14
1.1472,-0.14
1.15,-0.16
1.1528,-0.165
1.1556,-0.17
1.1583,-0.16
1.1611,-0.145
1.1639,-0.145
1.1667,-0.17
1.1694,-0.175
1.1722,-0.17
1.175,-0.16
1.1778,-0.16
1.1806,-0.16
1.1833,-0.16
1.1861,-0.185
1.1889,-0.195
1.1917,-0.195
1.1944,-0.19
1.1972,-0.195
1.2,-0.205
1.2028,-0.215
1.2056,-0.23
1.2083,-0.225
1.2111,-0.22
1.2139,-0.225
1.2167,-0.235
1.2194,-0.255
1.2222,-0.275
1.225,-0.27
1.2278,-0.255
1.2306,-0.265
1.2333,-0.26
1.2361,-0.28
1.2389,-0.285
1.2417,-0.265
1.2444,-0.28
1.2472,-0.265
1.25,-0.29
1.2528,-0.28
1.2556,-0.295
1.2583,-0.305
1.2611,-0.305
1.2639,-0.285
1.2667,-0.295
1.2694,-0.31
1.2722,-0.31
1.275,-0.305
1.2778,-0.29
1.2806,-0.29
1.2833,-0.3
1.2861,-0.305
1.2889,-0.31
1.2917,-0.295
1.2944,-0.28
1.2972,-0.29
1.3,-0.29
1.3028,-0.31
1.3056,-0.32
1.3083,-0.305
1.3111,-0.295
1.3139,-0.28
1.3167,-0.305
1.3194,-0.31
1.3222,-0.31
1.325,-0.305
1.3278,-0.295
1.3306,-0.29
1.3333,-0.3
1.3361,-0.325
1.3389,-0.33
1.3417,-0.33
1.3444,-0.315
1.3472,-0.295
1.35,-0.295
1.3528,-0.305
1.3556,-0.31
1.3583,-0.305
1.3611,-0.285
1.3639,-0.28
1.3667,-0.295
1.3694,-0.315
1.3722,-0.325
1.375,-0.31
1.3778,-0.3
1.3806,-0.28
1.3833,-0.285
1.3861,-0.3
1.3889,-0.315
1.3917,-0.31
1.3944,-0.305
1.3972,-0.3
1.4,-0.3
1.4028,-0.33
1.4056,-0.32
1.4083,-0.315
1.4111,-0.3
1.4139,-0.3
1.4167,-0.31
1.4194,-0.33
1.4222,-0.325
1.425,-0.31
1.4278,-0.305
1.4306,-0.285
1.4333,-0.295
1.4361,-0.3
1.4389,-0.305
1.4417,-0.3
1.4444,-0.29
1.4472,-0.285
1.45,-0.295
1.4528,-0.31
1.4556,-0.305
1.4583,-0.305
1.4611,-0.295
1.4639,-0.305
1.4667,-0.315
1.4694,-0.31
1.4722,-0.31
1.475,-0.3
1.4778,-0.29
1.4806,-0.29
1.4833,-0.3
1.4861,-0.31
1.4889,-0.315
1.4917,-0.305
1.4944,-0.285
1.4972,-0.275
1.5,-0.29
1.5028,-0.31
1.5056,-0.305
1.5083,-0.3
1.5111,-0.3
1.5139,-0.295
1.5167,-0.295
1.5194,-0.32
1.5222,-0.325
1.525,-0.305
1.5278,-0.3
1.5306,-0.29
1.5333,-0.31
1.5361,-0.305
1.5389,-0.315
1.5417,-0.305
1.5444,-0.315
1.5472,-0.3
1.55,-0.31
1.5528,-0.32
1.5556,-0.325
1.5583,-0.32
1.5611,-0.295
1.5639,-0.3
1.5667,-0.295
1.5694,-0.31
1.5722,-0.32
1.575,-0.315
1.5778,-0.295
1.5806,-0.29
1.5833,-0.305
1.5861,-0.315
1.5889,-0.315
1.5917,-0.315
1.5944,-0.29
1.5972,-0.295
1.6,-0.3
1.6028,-0.315
1.6056,-0.3
1.6083,-0.3
1.6111,-0.29
1.6139,-0.27
1.6167,-0.285
1.6194,-0.295
1.6222,-0.31
1.625,-0.285
1.6278,-0.275
1.6306,-0.26
1.6333,-0.255
1.6361,-0.265
1.6389,-0.27
1.6417,-0.24
1.6444,-0.22
1.6472,-0.225
1.65,-0.21
1.6528,-0.22
1.6556,-0.225
1.6583,-0.185
1.6611,-0.16
1.6639,-0.135
1.6667,-0.135
1.6694,-0.13
1.6722,-0.125
1.675,-0.12
1.6778,-0.11
1.6806,-0.12
1.6833,-0.135
1.6861,-0.15
1.6889,-0.165
1.6917,-0.165
1.6944,-0.175
1.6972,-0.175
1.7,-0.22
1.7028,-0.235
1.7056,-0.245
1.7083,-0.28
1.7111,-0.265
1.7139,-0.285
1.7167,-0.31
1.7194,-0.325
1.7222,-0.335
1.725,-0.335
1.7278,-0.33
1.7306,-0.33
1.7333,-0.345
1.7361,-0.34
1.7389,-0.355
1.7417,-0.335
1.7444,-0.305
1.7472,-0.305
1.75,-0.315
1.7528,-0.325
1.7556,-0.32
1.7583,-0.32
1.7611,-0.295
1.7639,-0.3
1.7667,-0.295
1.7694,-0.31
1.7722,-0.32
1.775,-0.31
1.7778,-0.26
1.7806,-0.215
1.7833,-0.14
1.7861,-0.07
1.7889,0.02
1.7917,0.105
1.7944,0.165
1.7972,0.17
1.8,0.11
1.8028,-0.005
1.8056,-0.165
1.8083,-0.26
1.8111,-0.31
1.8139,-0.33
1.8167,-0.335
1.8194,-0.335
1.8222,-0.335
1.825,-0.315
1.8278,-0.305
1.8306,-0.305
1.8333,-0.315
1.8361,-0.325
1.8389,-0.33
1.8417,-0.31
1.8444,-0.31
1.8472,-0.305
1.85,-0.32
1.8528,-0.32
1.8556,-0.315
1.8583,-0.305
1.8611,-0.295
1.8639,-0.305
1.8667,-0.305
1.8694,-0.305
1.8722,-0.31
1.875,-0.3
1.8778,-0.29
1.8806,-0.285
1.8833,-0.28
1.8861,-0.295
1.8889,-0.31
1.8917,-0.29
1.8944,-0.275
1.8972,-0.275
1.9,-0.28
1.9028,-0.285
1.9056,-0.29
1.9083,-0.28
1.9111,-0.265
1.9139,-0.26
1.9167,-0.275
1.9194,-0.285
1.9222,-0.29
1.925,-0.275
1.9278,-0.28
1.9306,-0.275
1.9333,-0.29
1.9361,-0.285
1.9389,-0.29
1.9417,-0.28
1.9444,-0.265
1.9472,-0.26
1.95,-0.27
1.9528,-0.285
1.9556,-0.29
1.9583,-0.28
1.9611,-0.265
1.9639,-0.255
1.9667,-0.275
1.9694,-0.285
1.9722,-0.29
1.975,-0.27
1.9778,-0.255
1.9806,-0.255
1.9833,-0.25
1.9861,-0.265
1.9889,-0.265
1.9917,-0.26
1.9944,-0.25
1.9972,-0.24
2.0,-0.24
2.0028,-0.25
2.0056,-0.265
2.0083,-0.27
2.0111,-0.255
2.0139,-0.265
2.0167,-0.26
2.0194,-0.265
2.0222,-0.275
2.025,-0.265
2.0278,-0.25
2.0306,-0.265
2.0333,-0.275
2.0361,-0.28
2.0389,-0.295
2.0417,-0.28
2.0444,-0.295
2.0472,-0.285
2.05,-0.295
2.0528,-0.315
2.0556,-0.315
2.0583,-0.32
2.0611,-0.305
2.0639,-0.31
2.0667,-0.32
2.0694,-0.335
2.0722,-0.335
2.075,-0.33
2.0778,-0.325
2.0806,-0.31
2.0833,-0.325
2.0861,-0.335
2.0889,-0.345
2.0917,-0.33
2.0944,-0.31
2.0972,-0.32
2.1,-0.315
2.1028,-0.335
2.1056,-0.35
2.1083,-0.315
2.1111,-0.31
2.1139,-0.32
2.1167,-0.325
2.1194,-0.325
2.1222,-0.33
2.125,-0.315
2.1278,-0.295
2.1306,-0.3
2.1333,-0.305
2.1361,-0.32
2.1389,-0.31
2.1417,-0.295
2.1444,-0.29
2.1472,-0.29
2.15,-0.3
2.1528,-0.295
2.1556,-0.295
2.1583,-0.27
2.1611,-0.275
2.1639,-0.26
2.1667,-0.275
2.1694,-0.305
2.1722,-0.28
2.175,-0.27
2.1778,-0.26
2.1806,-0.265
2.1833,-0.25
2.1861,-0.28
2.1889,-0.285
2.1917,-0.275
2.1944,-0.26
2.1972,-0.24
2.2,-0.245
2.2028,-0.26
2.2056,-0.26
2.2083,-0.255
2.2111,-0.245
2.2139,-0.24
2.2167,-0.235
2.2194,-0.245
2.2222,-0.24
2.225,-0.235
2.2278,-0.21
2.2306,-0.21
2.2333,-0.225
2.2361,-0.23
2.2389,-0.225
2.2417,-0.22
2.2444,-0.21
2.2472,-0.21
2.25,-0.215
2.2528,-0.21
2.2556,-0.225
2.2583,-0.21
2.2611,-0.2
2.2639,-0.17
2.2667,-0.185
2.2694,-0.195
2.2722,-0.2
2.275,-0.195
2.2778,-0.175
2.2806,-0.195
2.2833,-0.195
2.2861,-0.195
2.2889,-0.205
2.2917,-0.195
2.2944,-0.165
2.2972,-0.18
2.3,-0.175
2.3028,-0.185
2.3056,-0.185
2.3083,-0.18
2.3111,-0.165
2.3139,-0.155
2.3167,-0.17
2.3194,-0.17
2.3222,-0.175
2.325,-0.17
2.3278,-0.155
2.3306,-0.145
2.3333,-0.155
2.3361,-0.16
2.3389,-0.185
2.3417,-0.175
2.3444,-0.16
2.3472,-0.155
2.35,-0.16
2.3528,-0.17
2.3556,-0.17
2.3583,-0.175
2.3611,-0.15
2.3639,-0.14
2.3667,-0.145
2.3694,-0.165
2.3722,-0.165
2.375,-0.145
2.3778,-0.135
2.3806,-0.135
2.3833,-0.14
2.3861,-0.15
2.3889,-0.155
2.3917,-0.145
2.3944,-0.13
2.3972,-0.12
2.4,-0.13
2.4028,-0.13
2.4056,-0.14
2.4083,-0.14
2.4111,-0.115
2.4139,-0.115
2.4167,-0.11
2.4194,-0.13
2.4222,-0.125
2.425,-0.125
2.4278,-0.11
2.4306,-0.105
2.4333,-0.11
2.4361,-0.12
2.4389,-0.11
2.4417,-0.09
2.4444,-0.07
2.4472,-0.065
2.45,-0.065
2.4528,-0.07
2.4556,-0.055
2.4583,-0.05
2.4611,-0.01
2.4639,0.0
2.4667,0.005
2.4694,-0.005
2.4722,0.01
2.475,0.03
2.4778,0.075
2.4806,0.08
2.4833,0.09
2.4861,0.08
2.4889,0.08
2.4917,0.105
2.4944,0.12
2.4972,0.115
2.5,0.105
2.5028,0.075
2.5056,0.07
2.5083,0.075
2.5111,0.06
2.5139,0.05
2.5167,0.025
2.5194,-0.025
2.5222,-0.05
2.525,-0.055
2.5278,-0.065
2.5306,-0.075
2.5333,-0.085
2.5361,-0.11
2.5389,-0.13
2.5417,-0.12
2.5444,-0.095
2.5472,-0.1
2.55,-0.12
2.5528,-0.12
2.5556,-0.13
2.5583,-0.115
2.5611,-0.105
2.5639,-0.105
2.5667,-0.115
2.5694,-0.11
2.5722,-0.11
2.575,-0.095
2.5778,-0.08
2.5806,-0.065
2.5833,-0.07
2.5861,-0.08
2.5889,-0.08
2.5917,-0.055
2.5944,0.0
2.5972,0.06
2.6,0.155
2.6028,0.235
2.6056,0.335
2.6083,0.445
2.6111,0.495
2.6139,0.485
2.6167,0.39
2.6194,0.26
2.6222,0.125
2.625,0.025
2.6278,-0.04
2.6306,-0.05
2.6333,-0.07
2.6361,-0.08
2.6389,-0.09
2.6417,-0.09
2.6444,-0.075
2.6472,-0.065
2.65,-0.09
2.6528,-0.105
2.6556,-0.105
2.6583,-0.11
2.6611,-0.095
2.6639,-0.085
2.6667,-0.1
2.6694,-0.105
2.6722,-0.115
2.675,-0.095
2.6778,-0.085
2.6806,-0.085
2.6833,-0.085
2.6861,-0.105
2.6889,-0.1
2.6917,-0.08
2.6944,-0.08
2.6972,-0.075
2.7,-0.07
2.7028,-0.085
2.7056,-0.1
2.7083,-0.095
2.7111,-0.075
2.7139,-0.075
2.7167,-0.085
2.7194,-0.085
2.7222,-0.075
2.725,-0.06
2.7278,-0.07
2.7306,-0.055
2.7333,-0.065
2.7361,-0.065
2.7389,-0.065
2.7417,-0.05
2.7444,-0.055
2.7472,-0.05
2.75,-0.06
2.7528,-0.075
2.7556,-0.08
2.7583,-0.06
2.7611,-0.055
2.7639,-0.055
2.7667,-0.05
2.7694,-0.06
2.7722,-0.065
2.775,-0.05
2.7778,-0.04
2.7806,-0.045
2.7833,-0.04
2.7861,-0.045
2.7889,-0.055
2.7917,-0.035
2.7944,-0.035
2.7972,-0.03
2.8,-0.04
2.8028,-0.055
2.8056,-0.075
2.8083,-0.05
2.8111,-0.03
2.8139,-0.025
2.8167,-0.035
2.8194,-0.05
2.8222,-0.04
2.825,-0.035
2.8278,-0.025
2.8306,-0.02
2.8333,-0.035
2.8361,-0.045
2.8389,-0.04
2.8417,-0.04
2.8444,-0.035
2.8472,-0.035
2.85,-0.045
2.8528,-0.05
2.8556,-0.06
2.8583,-0.055
2.8611,-0.04
2.8639,-0.045
2.8667,-0.065
2.8694,-0.075
2.8722,-0.09
2.875,-0.075
2.8778,-0.06
2.8806,-0.06
2.8833,-0.085
2.8861,-0.105
2.8889,-0.09
2.8917,-0.09
2.8944,-0.095
2.8972,-0.1
2.9,-0.095
2.9028,-0.11
2.9056,-0.125
2.9083,-0.11
2.9111,-0.1
2.9139,-0.1
2.9167,-0.105
2.9194,-0.115
2.9222,-0.12
2.925,-0.105
2.9278,-0.105
2.9306,-0.105
2.9333,-0.125
2.9361,-0.115
2.9389,-0.145
2.9417,-0.135
2.9444,-0.11
2.9472,-0.115
2.95,-0.125
2.9528,-0.115
2.9556,-0.12
2.9583,-0.125
2.9611,-0.105
2.9639,-0.1
2.9667,-0.115
2.9694,-0.125
2.9722,-0.12
2.975,-0.125
2.9778,-0.105
2.9806,-0.11
2.9833,-0.11
2.9861,-0.13
2.9889,-0.12
2.9917,-0.11
2.9944,-0.095
2.9972,-0.09
3.0,-0.105
3.0028,-0.105
3.0056,-0.115
3.0083,-0.105
3.0111,-0.09
3.0139,-0.085
3.0167,-0.11
3.0194,-0.12
3.0222,-0.11
3.025,-0.105
3.0278,-0.1
3.0306,-0.1
3.0333,-0.1
3.0361,-0.1
3.0389,-0.09
3.0417,-0.095
3.0444,-0.09
3.0472,-0.075
3.05,-0.08
3.0528,-0.085
3.0556,-0.095
3.0583,-0.09
3.0611,-0.08
3.0639,-0.075
3.0667,-0.08
3.0694,-0.09
3.0722,-0.105
3.075,-0.095
3.0778,-0.06
3.0806,-0.08
3.0833,-0.075
3.0861,-0.085
3.0889,-0.09
3.0917,-0.1
3.0944,-0.085
3.0972,-0.065
3.1,-0.065
3.1028,-0.08
3.1056,-0.09
3.1083,-0.07
3.1111,-0.055
3.1139,-0.05
3.1167,-0.075
3.1194,-0.07
3.1222,-0.07
3.125,-0.045
3.1278,-0.04
3.1306,-0.025
3.1333,-0.045
3.1361,-0.065
3.1389,-0.07
3.1417,-0.06
3.1444,-0.05
3.1472,-0.04
3.15,-0.06
3.1528,-0.065
3.1556,-0.08
3.1583,-0.06
3.1611,-0.05
3.1639,-0.045
3.1667,-0.05
3.1694,-0.07
3.1722,-0.06
3.175,-0.055
3.1778,-0.05
3.1806,-0.045
3.1833,-0.055
3.1861,-0.065
3.1889,-0.08
3.1917,-0.07
3.1944,-0.05
3.1972,-0.05
3.2,-0.07
3.2028,-0.08
3.2056,-0.085
3.2083,-0.07
3.2111,-0.055
3.2139,-0.065
3.2167,-0.065
3.2194,-0.07
3.2222,-0.08
3.225,-0.075
3.2278,-0.06
3.2306,-0.06
3.2333,-0.08
3.2361,-0.095
3.2389,-0.095
3.2417,-0.08
3.2444,-0.055
3.2472,-0.055
3.25,-0.07
3.2528,-0.075
3.2556,-0.08
3.2583,-0.065
3.2611,-0.04
3.2639,-0.035
3.2667,-0.045
3.2694,-0.05
3.2722,-0.045
3.275,-0.025
3.2778,0.0
3.2806,0.015
3.2833,0.01
3.2861,0.01
3.2889,0.025
3.2917,0.06
3.2944,0.09
3.2972,0.115
3.3,0.11
3.3028,0.12
3.3056,0.105
3.3083,0.105
3.3111,0.1
3.3139,0.12
3.3167,0.095
3.3194,0.065
3.3222,0.045
3.325,0.025
3.3278,0.02
3.3306,0.01
3.3333,-0.015
3.3361,-0.075
3.3389,-0.1
3.3417,-0.12
3.3444,-0.125
3.3472,-0.14
3.35,-0.14
3.3528,-0.16
3.3556,-0.165
3.3583,-0.165
3.3611,-0.16
3.3639,-0.175
3.3667,-0.18
3.3694,-0.19
3.3722,-0.19
3.375,-0.175
3.3778,-0.145
3.3806,-0.15
3.3833,-0.15
3.3861,-0.16
3.3889,-0.16
3.3917,-0.15
3.3944,-0.145
3.3972,-0.14
3.4,-0.16
3.4028,-0.16
3.4056,-0.095
3.4083,0.035
3.4111,0.185
3.4139,0.335
3.4167,0.42
3.4194,0.375
3.4222,0.21
3.425,0.015
3.4278,-0.145
3.4306,-0.24
3.4333,-0.25
3.4361,-0.26
3.4389,-0.22
3.4417,-0.19
3.4444,-0.15
3.4472,-0.145
3.45,-0.16
3.4528,-0.19
3.4556,-0.19
3.4583,-0.185
3.4611,-0.185
3.4639,-0.175
3.4667,-0.165
3.4694,-0.195
3.4722,-0.185
3.475,-0.175
3.4778,-0.17
3.4806,-0.16
3.4833,-0.165
3.4861,-0.175
3.4889,-0.17
3.4917,-0.16
3.4944,-0.145
3.4972,-0.155
3.5,-0.17
3.5028,-0.175
3.5056,-0.175
3.5083,-0.15
3.5111,-0.145
3.5139,-0.145
3.5167,-0.155
3.5194,-0.17
3.5222,-0.18
3.525,-0.17
3.5278,-0.155
3.5306,-0.145
3.5333,-0.16
3.5361,-0.175
3.5389,-0.16
3.5417,-0.16
3.5444,-0.14
3.5472,-0.15
3.55,-0.155
3.5528,-0.165
3.5556,-0.165
3.5583,-0.165
3.5611,-0.155
3.5639,-0.145
3.5667,-0.16
3.5694,-0.155
3.5722,-0.175
3.575,-0.15
3.5778,-0.14
3.5806,-0.145
3.5833,-0.145
3.5861,-0.15
3.5889,-0.145
3.5917,-0.14
3.5944,-0.135
3.5972,-0.14
3.6,-0.14
3.6028,-0.16
3.6056,-0.165
3.6083,-0.155
3.6111,-0.135
3.6139,-0.12
3.6167,-0.14
3.6194,-0.155
3.6222,-0.155
3.625,-0.14
3.6278,-0.145
3.6306,-0.155
3.6333,-0.15
3.6361,-0.17
3.6389,-0.175
3.6417,-0.17
3.6444,-0.17
3.6472,-0.155
3.65,-0.175
3.6528,-0.205
3.6556,-0.205
3.6583,-0.2
3.6611,-0.18
3.6639,-0.195
3.6667,-0.2
3.6694,-0.225
3.6722,-0.225
3.675,-0.225
3.6778,-0.21
3.6806,-0.215
3.6833,-0.23
3.6861,-0.245
3.6889,-0.255
3.6917,-0.245
3.6944,-0.245
3.6972,-0.235
3.7,-0.24
3.7028,-0.245
3.7056,-0.26
3.7083,-0.245
3.7111,-0.235
3.7139,-0.235
3.7167,-0.235
3.7194,-0.255
3.7222,-0.26
3.725,-0.26
3.7278,-0.25
3.7306,-0.245
3.7333,-0.26
3.7361,-0.265
3.7389,-0.265
3.7417,-0.255
3.7444,-0.245
3.7472,-0.24
3.75,-0.245
3.7528,-0.27
3.7556,-0.27
3.7583,-0.26
3.7611,-0.25
3.7639,-0.24
3.7667,-0.24
3.7694,-0.25
3.7722,-0.26
3.775,-0.24
3.7778,-0.235
3.7806,-0.24
3.7833,-0.26
3.7861,-0.285
3.7889,-0.275
3.7917,-0.27
3.7944,-0.25
3.7972,-0.245
3.8,-0.26
3.8028,-0.265
3.8056,-0.255
3.8083,-0.25
3.8111,-0.24
3.8139,-0.23
3.8167,-0.25
3.8194,-0.245
3.8222,-0.25
3.825,-0.235
3.8278,-0.225
3.8306,-0.23
3.8333,-0.235
3.8361,-0.255
3.8389,-0.25
3.8417,-0.245
3.8444,-0.24
3.8472,-0.235
3.85,-0.23
3.8528,-0.24
3.8556,-0.235
3.8583,-0.24
3.8611,-0.24
3.8639,-0.225
3.8667,-0.235
3.8694,-0.235
3.8722,-0.235
3.875,-0.23
3.8778,-0.225
3.8806,-0.22
3.8833,-0.23
3.8861,-0.24
3.8889,-0.235
3.8917,-0.225
3.8944,-0.205
3.8972,-0.205
3.9,-0.205
3.9028,-0.23
3.9056,-0.225
3.9083,-0.215
3.9111,-0.2
3.9139,-0.195
3.9167,-0.2
3.9194,-0.225
3.9222,-0.225
3.925,-0.225
3.9278,-0.205
3.9306,-0.2
3.9333,-0.2
3.9361,-0.225
3.9389,-0.22
3.9417,-0.215
3.9444,-0.2
3.9472,-0.2
3.95,-0.2
3.9528,-0.205
3.9556,-0.215
3.9583,-0.215
3.9611,-0.205
3.9639,-0.2
3.9667,-0.22
3.9694,-0.205
3.9722,-0.21
3.975,-0.2
3.9778,-0.185
3.9806,-0.195
3.9833,-0.195
3.9861,-0.205
3.9889,-0.21
3.9917,-0.2
3.9944,-0.185
3.9972,-0.18
4.0,-0.195
4.0028,-0.215
4.0056,-0.225
4.0083,-0.205
4.0111,-0.19
4.0139,-0.185
4.0167,-0.19
4.0194,-0.195
4.0222,-0.195
4.025,-0.18
4.0278,-0.19
4.0306,-0.175
4.0333,-0.175
4.0361,-0.19
4.0389,-0.195
4.0417,-0.185
4.0444,-0.17
4.0472,-0.16
4.05,-0.18
4.0528,-0.2
4.0556,-0.185
4.0583,-0.18
4.0611,-0.175
4.0639,-0.165
4.0667,-0.175
4.0694,-0.2
4.0722,-0.185
4.075,-0.16
4.0778,-0.165
4.0806,-0.165
4.0833,-0.155
4.0861,-0.18
4.0889,-0.185
4.0917,-0.16
4.0944,-0.15
4.0972,-0.165
4.1,-0.17
4.1028,-0.165
4.1056,-0.17
4.1083,-0.16
4.1111,-0.155
4.1139,-0.13
4.1167,-0.135
4.1194,-0.14
4.1222,-0.145
4.125,-0.135
4.1278,-0.13
4.1306,-0.11
4.1333,-0.12
4.1361,-0.135
4.1389,-0.125
4.1417,-0.11
4.1444,-0.085
4.1472,-0.075
4.15,-0.085
4.1528,-0.095
4.1556,-0.08
4.1583,-0.065
4.1611,-0.03
4.1639,-0.035
4.1667,-0.025
4.1694,-0.04
4.1722,-0.055
4.175,-0.045
4.1778,-0.05
4.1806,-0.06
4.1833,-0.085
4.1861,-0.1
4.1889,-0.095
4.1917,-0.09
4.1944,-0.09
4.1972,-0.09
4.2,-0.1
4.2028,-0.125
4.2056,-0.15
4.2083,-0.135
4.2111,-0.125
4.2139,-0.125
4.2167,-0.14
4.2194,-0.155
4.2222,-0.17
4.225,-0.155
4.2278,-0.145
4.2306,-0.135
4.2333,-0.135
4.2361,-0.15
4.2389,-0.14
4.2417,-0.12
4.2444,-0.105
4.2472,-0.1
4.25,-0.1
4.2528,-0.115
4.2556,-0.11
4.2583,-0.105
4.2611,-0.085
4.2639,-0.095
4.2667,-0.11
4.2694,-0.11
4.2722,-0.075
4.275,0.015
4.2778,0.125
4.2806,0.255
4.2833,0.36
4.2861,0.43
4.2889,0.47
4.2917,0.425
4.2944,0.305
4.2972,0.14
4.3,-0.005
4.3028,-0.09
4.3056,-0.13
4.3083,-0.135
4.3111,-0.105
4.3139,-0.085
4.3167,-0.09
4.3194,-0.115
4.3222,-0.12
4.325,-0.105
4.3278,-0.105
4.3306,-0.09
4.3333,-0.085
4.3361,-0.105
4.3389,-0.105
4.3417,-0.09
4.3444,-0.085
4.3472,-0.08
4.35,-0.09
4.3528,-0.095
4.3556,-0.105
4.3583,-0.085
4.3611,-0.07
4.3639,-0.07
4.3667,-0.08
4.3694,-0.095
4.3722,-0.095
4.375,-0.09
4.3778,-0.075
4.3806,-0.065
4.3833,-0.08
4.3861,-0.08
4.3889,-0.085
4.3917,-0.095
4.3944,-0.08
4.3972,-0.065
4.4,-0.06
4.4028,-0.07
4.4056,-0.07
4.4083,-0.055
4.4111,-0.045
4.4139,-0.05
4.4167,-0.06
4.4194,-0.07
4.4222,-0.07
4.425,-0.06
4.4278,-0.05
4.4306,-0.055
4.4333,-0.08
4.4361,-0.075
4.4389,-0.075
4.4417,-0.06
4.4444,-0.045
4.4472,-0.05
4.45,-0.065
4.4528,-0.07
4.4556,-0.07
4.4583,-0.06
4.4611,-0.05
4.4639,-0.05
4.4667,-0.07
4.4694,-0.06
4.4722,-0.085
4.475,-0.06
4.4778,-0.05
4.4806,-0.04
4.4833,-0.05
4.4861,-0.065
4.4889,-0.07
4.4917,-0.05
4.4944,-0.04
4.4972,-0.045
4.5,-0.05
4.5028,-0.07
4.5056,-0.08
4.5083,-0.065
4.5111,-0.055
4.5139,-0.065
4.5167,-0.07
4.5194,-0.095
4.5222,-0.095
4.525,-0.075
4.5278,-0.07
4.5306,-0.09
4.5333,-0.1
4.5361,-0.11
4.5389,-0.115
4.5417,-0.11
4.5444,-0.095
4.5472,-0.1
4.55,-0.125
4.5528,-0.145
4.5556,-0.145
4.5583,-0.135
4.5611,-0.125
4.5639,-0.11
4.5667,-0.145
4.5694,-0.145
4.5722,-0.15
4.575,-0.13
4.5778,-0.115
4.5806,-0.12
4.5833,-0.125
4.5861,-0.125
4.5889,-0.135
4.5917,-0.13
4.5944,-0.11
4.5972,-0.115
4.6,-0.125
4.6028,-0.15
4.6056,-0.145
4.6083,-0.125
4.6111,-0.105
4.6139,-0.11
4.6167,-0.11
4.6194,-0.13
4.6222,-0.13
4.625,-0.11
4.6278,-0.095
4.6306,-0.115
4.6333,-0.1
4.6361,-0.12
4.6389,-0.125
4.6417,-0.11
4.6444,-0.1
4.6472,-0.085
4.65,-0.1
4.6528,-0.11
4.6556,-0.105
4.6583,-0.1
4.6611,-0.085
4.6639,-0.095
4.6667,-0.085
4.6694,-0.1
4.6722,-0.105
4.675,-0.095
4.6778,-0.075
4.6806,-0.08
4.6833,-0.085
4.6861,-0.095
4.6889,-0.1
4.6917,-0.085
4.6944,-0.08
4.6972,-0.07
4.7,-0.075
4.7028,-0.09
4.7056,-0.1
4.7083,-0.08
4.7111,-0.065
4.7139,-0.05
4.7167,-0.06
4.7194,-0.075
4.7222,-0.08
4.725,-0.06
4.7278,-0.05
4.7306,-0.045
4.7333,-0.07
4.7361,-0.08
4.7389,-0.065
4.7417,-0.05
4.7444,-0.04
4.7472,-0.035
4.75,-0.06
4.7528,-0.06
4.7556,-0.05
4.7583,-0.045
4.7611,-0.03
4.7639,-0.025
4.7667,-0.035
4.7694,-0.04
4.7722,-0.05
4.775,-0.04
4.7778,-0.02
4.7806,-0.035
4.7833,-0.035
4.7861,-0.05
4.7889,-0.05
4.7917,-0.045
4.7944,-0.025
4.7972,-0.03
4.8,-0.03
4.8028,-0.04
4.8056,-0.045
4.8083,-0.03
4.8111,-0.03
4.8139,-0.025
4.8167,-0.03
4.8194,-0.015
4.8222,-0.03
4.825,-0.025
4.8278,-0.005
4.8306,0.0
4.8333,-0.015
4.8361,-0.015
4.8389,-0.005
4.8417,-0.005
4.8444,0.025
4.8472,0.03
4.85,0.03
4.8528,0.035
4.8556,0.04
4.8583,0.055
4.8611,0.08
4.8639,0.09
4.8667,0.085
4.8694,0.085
4.8722,0.095
4.875,0.12
4.8778,0.15
4.8806,0.18
4.8833,0.175
4.8861,0.175
4.8889,0.16
4.8917,0.165
4.8944,0.18
4.8972,0.175
4.9,0.145
4.9028,0.13
4.9056,0.11
4.9083,0.105
4.9111,0.115
4.9139,0.09
4.9167,0.07
4.9194,0.055
4.9222,0.025
4.925,0.005
4.9278,0.0
4.9306,-0.005
4.9333,-0.03
4.9361,-0.045
4.9389,-0.07
4.9417,-0.07
4.9444,-0.04
4.9472,-0.045
4.95,-0.045
4.9528,-0.07
4.9556,-0.06
4.9583,-0.045
4.9611,-0.05
4.9639,-0.045
4.9667,-0.045
4.9694,-0.045
4.9722,-0.065
4.975,-0.045
4.9778,-0.015
4.9806,-0.005
4.9833,-0.015
4.9861,-0.045
4.9889,-0.035
4.9917,-0.035
4.9944,0.0
4.9972,0.055
5.0,0.12
5.0028,0.215
5.0056,0.35
5.0083,0.48
5.0111,0.56
5.0139,0.61
5.0167,0.585
5.0194,0.485
5.0222,0.32
5.025,0.175
5.0278,0.065
5.0306,0.0
5.0333,-0.02
5.0361,-0.03
5.0389,-0.025
5.0417,-0.02
5.0444,-0.01
5.0472,-0.02
5.05,-0.025
5.0528,-0.045
5.0556,-0.04
5.0583,-0.04
5.0611,-0.015
5.0639,-0.03
5.0667,-0.04
5.0694,-0.055
5.0722,-0.06
5.075,-0.035
5.0778,-0.025
5.0806,-0.02
5.0833,-0.035
5.0861,-0.045
5.0889,-0.045
5.0917,-0.04
5.0944,-0.02
5.0972,-0.015
5.1,-0.015
5.1028,-0.045
5.1056,-0.04
5.1083,-0.025
5.1111,-0.01
5.1139,-0.01
5.1167,-0.01
5.1194,-0.025
5.1222,-0.025
5.125,-0.025
5.1278,-0.015
5.1306,-0.005
5.1333,-0.03
5.1361,-0.035
5.1389,-0.03
5.1417,-0.02
5.1444,-0.01
5.1472,0.005
5.15,-0.015
5.1528,-0.02
5.1556,-0.025
5.1583,-0.015
5.1611,0.015
5.1639,0.005
5.1667,-0.005
5.1694,-0.015
5.1722,-0.01
5.175,-0.005
5.1778,0.015
5.1806,0.02
5.1833,0.005
5.1861,-0.015
5.1889,-0.03
5.1917,-0.005
5.1944,0.005
5.1972,0.025
5.2,-0.005
5.2028,-0.01
5.2056,-0.02
5.2083,0.005
5.2111,0.03
5.2139,0.025
5.2167,0.01
5.2194,-0.015
5.2222,-0.015
5.225,-0.01
5.2278,-0.01
5.2306,0.005
5.2333,-0.005
5.2361,-0.015
5.2389,-0.02
5.2417,-0.01
5.2444,-0.005
5.2472,-0.005
5.25,-0.035
5.2528,-0.045
5.2556,-0.055
5.2583,-0.06
5.2611,-0.05
5.2639,-0.055
5.2667,-0.07
5.2694,-0.075
5.2722,-0.08
5.275,-0.085
5.2778,-0.075
5.2806,-0.075
5.2833,-0.08
5.2861,-0.1
5.2889,-0.11
5.2917,-0.1
5.2944,-0.085
5.2972,-0.095
5.3,-0.105
5.3028,-0.12
5.3056,-0.115
5.3083,-0.12
5.3111,-0.105
5.3139,-0.11
5.3167,-0.1
5.3194,-0.115
5.3222,-0.12
5.325,-0.105
5.3278,-0.1
5.3306,-0.095
5.3333,-0.11
5.3361,-0.1
5.3389,-0.115
5.3417,-0.105
5.3444,-0.095
5.3472,-0.095
5.35,-0.11
5.3528,-0.12
5.3556,-0.125
5.3583,-0.105
5.3611,-0.09
5.3639,-0.095
5.3667,-0.095
5.3694,-0.1
5.3722,-0.11
5.375,-0.105
5.3778,-0.085
5.3806,-0.085
5.3833,-0.095
5.3861,-0.115
5.3889,-0.115
5.3917,-0.095
5.3944,-0.08
5.3972,-0.07
5.4,-0.085
5.4028,-0.1
5.4056,-0.095
5.4083,-0.08
5.4111,-0.055
5.4139,-0.065
5.4167,-0.06
5.4194,-0.085
5.4222,-0.095
5.425,-0.075
5.4278,-0.06
5.4306,-0.055
5.4333,-0.06
5.4361,-0.085
5.4389,-0.085
5.4417,-0.075
5.4444,-0.07
5.4472,-0.07
5.45,-0.06
5.4528,-0.085
5.4556,-0.08
5.4583,-0.075
5.4611,-0.05
5.4639,-0.06
5.4667,-0.065
5.4694,-0.07
5.4722,-0.08
5.475,-0.075
5.4778,-0.06
5.4806,-0.07
5.4833,-0.065
5.4861,-0.075
5.4889,-0.07
5.4917,-0.07
5.4944,-0.06
5.4972,-0.06
5.5,-0.08
5.5028,-0.09
5.5056,-0.08
5.5083,-0.065
5.5111,-0.055
5.5139,-0.055
5.5167,-0.08
5.5194,-0.1
5.5222,-0.095
5.525,-0.075
5.5278,-0.06
5.5306,-0.055
5.5333,-0.075
5.5361,-0.085
5.5389,-0.1
5.5417,-0.085
5.5444,-0.065
5.5472,-0.065
5.55,-0.075
5.5528,-0.085
5.5556,-0.09
5.5583,-0.08
5.5611,-0.065
5.5639,-0.07
5.5667,-0.095
5.5694,-0.09
5.5722,-0.09
5.575,-0.09
5.5778,-0.09
5.5806,-0.08
5.5833,-0.1
5.5861,-0.105
5.5889,-0.105
5.5917,-0.095
5.5944,-0.07
5.5972,-0.065
5.6,-0.09
5.6028,-0.105
5.6056,-0.11
5.6083,-0.105
5.6111,-0.1
5.6139,-0.085
5.6167,-0.1
5.6194,-0.105
5.6222,-0.1
5.625,-0.095
5.6278,-0.07
5.6306,-0.09
5.6333,-0.09
5.6361,-0.105
5.6389,-0.11
5.6417,-0.115
5.6444,-0.09
5.6472,-0.085
5.65,-0.095
5.6528,-0.1
5.6556,-0.11
5.6583,-0.1
5.6611,-0.105
5.6639,-0.12
5.6667,-0.12
5.6694,-0.13
5.6722,-0.13
5.675,-0.12
5.6778,-0.105
5.6806,-0.11
5.6833,-0.105
5.6861,-0.12
5.6889,-0.115
5.6917,-0.11
5.6944,-0.095
5.6972,-0.085
5.7,-0.115
5.7028,-0.12
5.7056,-0.115
5.7083,-0.115
5.7111,-0.1
5.7139,-0.085
5.7167,-0.09
5.7194,-0.105
5.7222,-0.12
5.725,-0.08
5.7278,-0.055
5.7306,-0.055
5.7333,-0.05
5.7361,-0.055
5.7389,-0.03
5.7417,-0.02
5.7444,0.015
5.7472,0.04
5.75,0.035
5.7528,0.02
5.7556,0.01
5.7583,0.04
5.7611,0.02
5.7639,0.005
5.7667,-0.02
5.7694,-0.05
5.7722,-0.07
5.775,-0.07
5.7778,-0.085
5.7806,-0.11
5.7833,-0.12
5.7861,-0.145
5.7889,-0.16
5.7917,-0.165
5.7944,-0.17
5.7972,-0.155
5.8,-0.175
5.8028,-0.185
5.8056,-0.185
5.8083,-0.18
5.8111,-0.16
5.8139,-0.17
5.8167,-0.175
5.8194,-0.18
5.8222,-0.18
5.825,-0.165
5.8278,-0.18
5.8306,-0.17
5.8333,-0.165
5.8361,-0.18
5.8389,-0.165
5.8417,-0.16
5.8444,-0.14
5.8472,-0.155
5.85,-0.15
5.8528,-0.16
5.8556,-0.13
5.8583,-0.055
5.8611,0.06
5.8639,0.18
5.8667,0.295
5.8694,0.365
5.8722,0.375
5.875,0.29
5.8778,0.145
5.8806,-0.03
5.8833,-0.165
5.8861,-0.235
5.8889,-0.225
5.8917,-0.2
5.8944,-0.17
5.8972,-0.155
5.9,-0.165
5.9028,-0.195
5.9056,-0.19
5.9083,-0.175
5.9111,-0.17
5.9139,-0.165
5.9167,-0.185
5.9194,-0.195
5.9222,-0.18
5.925,-0.165
5.9278,-0.155
5.9306,-0.155
5.9333,-0.155
5.9361,-0.165
5.9389,-0.165
5.9417,-0.16
5.9444,-0.15
5.9472,-0.15
5.95,-0.16
5.9528,-0.17
5.9556,-0.17
5.9583,-0.185
5.9611,-0.165
5.9639,-0.16
5.9667,-0.16
5.9694,-0.16
5.9722,-0.16
5.975,-0.155
5.9778,-0.155
5.9806,-0.155
5.9833,-0.16
5.9861,-0.17
5.9889,-0.175
5.9917,-0.17
5.9944,-0.15
5.9972,-0.16
6.0,-0.165
6.0028,-0.165
6.0056,-0.175
6.0083,-0.16
6.0111,-0.135
6.0139,-0.145
6.0167,-0.155
6.0194,-0.185
6.0222,-0.185
6.025,-0.16
6.0278,-0.145
6.0306,-0.155
6.0333,-0.175
6.0361,-0.175
6.0389,-0.19
6.0417,-0.165
6.0444,-0.17
6.0472,-0.165
6.05,-0.17
6.0528,-0.19
6.0556,-0.195
6.0583,-0.19
6.0611,-0.18
6.0639,-0.185
6.0667,-0.185
6.0694,-0.2
6.0722,-0.21
6.075,-0.195
6.0778,-0.19
6.0806,-0.205
6.0833,-0.185
6.0861,-0.2
6.0889,-0.215
6.0917,-0.215
6.0944,-0.21
6.0972,-0.22
6.1,-0.23
6.1028,-0.245
6.1056,-0.26
6.1083,-0.275
6.1111,-0.25
6.1139,-0.26
6.1167,-0.27
6.1194,-0.285
6.1222,-0.27
6.125,-0.285
6.1278,-0.27
6.1306,-0.29
6.1333,-0.3
6.1361,-0.33
6.1389,-0.325
6.1417,-0.315
6.1444,-0.305
6.1472,-0.295
6.15,-0.31
6.1528,-0.32
6.1556,-0.32
6.1583,-0.33
6.1611,-0.305
6.1639,-0.3
6.1667,-0.315
6.1694,-0.325
6.1722,-0.335
6.175,-0.32
6.1778,-0.305
6.1806,-0.325
6.1833,-0.32
6.1861,-0.33
6.1889,-0.34
6.1917,-0.34
6.1944,-0.32
6.1972,-0.31
6.2,-0.34
6.2028,-0.33
6.2056,-0.335
6.2083,-0.32
6.2111,-0.315
6.2139,-0.315
6.2167,-0.33
6.2194,-0.335
6.2222,-0.325
6.225,-0.315
6.2278,-0.3
6.2306,-0.305
6.2333,-0.32
6.2361,-0.33
6.2389,-0.33
6.2417,-0.315
6.2444,-0.31
6.2472,-0.31
6.25,-0.33
6.2528,-0.32
6.2556,-0.33
6.2583,-0.315
6.2611,-0.3
6.2639,-0.3
6.2667,-0.31
6.2694,-0.325
6.2722,-0.305
6.275,-0.295
6.2778,-0.29
6.2806,-0.28
6.2833,-0.285
6.2861,-0.295
6.2889,-0.295
6.2917,-0.28
6.2944,-0.27
6.2972,-0.27
6.3,-0.29
6.3028,-0.3
6.3056,-0.295
6.3083,-0.285
6.3111,-0.265
6.3139,-0.27
6.3167,-0.275
6.3194,-0.28
6.3222,-0.275
6.325,-0.26
6.3278,-0.265
6.3306,-0.255
6.3333,-0.26
6.3361,-0.275
6.3389,-0.285
6.3417,-0.26
6.3444,-0.245
6.3472,-0.26
6.35,-0.265
6.3528,-0.27
6.3556,-0.28
6.3583,-0.245
6.3611,-0.24
6.3639,-0.25
6.3667,-0.245
6.3694,-0.25
6.3722,-0.245
6.375,-0.245
6.3778,-0.225
6.3806,-0.225
6.3833,-0.23
6.3861,-0.26
6.3889,-0.245
6.3917,-0.24
6.3944,-0.225
6.3972,-0.22
6.4,-0.245
6.4028,-0.245
6.4056,-0.255
6.4083,-0.255
6.4111,-0.225
6.4139,-0.22
6.4167,-0.225
6.4194,-0.235
6.4222,-0.235
6.425,-0.24
6.4278,-0.205
6.4306,-0.215
6.4333,-0.225
6.4361,-0.24
6.4389,-0.235
6.4417,-0.225
6.4444,-0.215
6.4472,-0.215
6.45,-0.22
6.4528,-0.225
6.4556,-0.25
6.4583,-0.24
6.4611,-0.195
6.4639,-0.2
6.4667,-0.2
6.4694,-0.21
6.4722,-0.21
6.475,-0.21
6.4778,-0.195
6.4806,-0.195
6.4833,-0.175
6.4861,-0.18
6.4889,-0.185
6.4917,-0.165
6.4944,-0.145
6.4972,-0.135
6.5,-0.13
6.5028,-0.135
6.5056,-0.105
6.5083,-0.075
6.5111,-0.07
6.5139,-0.04
6.5167,-0.03
6.5194,-0.035
6.5222,-0.01
6.525,0.005
6.5278,0.02
6.5306,0.02
6.5333,0.005
6.5361,-0.02
6.5389,-0.03
6.5417,-0.04
6.5444,-0.05
6.5472,-0.06
6.55,-0.105
6.5528,-0.135
6.5556,-0.15
6.5583,-0.16
6.5611,-0.18
6.5639,-0.2
6.5667,-0.215
6.5694,-0.245
6.5722,-0.25
6.575,-0.25
6.5778,-0.24
6.5806,-0.255
6.5833,-0.25
6.5861,-0.275
6.5889,-0.27
6.5917,-0.265
6.5944,-0.245
6.5972,-0.24
6.6,-0.24
6.6028,-0.255
6.6056,-0.255
6.6083,-0.23
6.6111,-0.22
6.6139,-0.215
6.6167,-0.225
6.6194,-0.24
6.6222,-0.235
6.625,-0.24
6.6278,-0.22
6.6306,-0.205
6.6333,-0.165
6.6361,-0.105
6.6389,0.005
6.6417,0.125
6.6444,0.27
6.6472,0.34
6.65,0.35
6.6528,0.285
6.6556,0.145
6.6583,-0.005
6.6611,-0.12
6.6639,-0.185
6.6667,-0.205
6.6694,-0.215
6.6722,-0.205
6.675,-0.19
6.6778,-0.185
6.6806,-0.2
6.6833,-0.2
6.6861,-0.215
6.6889,-0.22
6.6917,-0.21
6.6944,-0.195
6.6972,-0.195
6.7,-0.2
6.7028,-0.215
6.7056,-0.215
6.7083,-0.195
6.7111,-0.185
6.7139,-0.19
6.7167,-0.205
6.7194,-0.215
6.7222,-0.22
6.725,-0.205
6.7278,-0.185
6.7306,-0.19
6.7333,-0.2
6.7361,-0.2
6.7389,-0.19
6.7417,-0.16
6.7444,-0.16
6.7472,-0.155
6.75,-0.16
6.7528,-0.175
6.7556,-0.175
6.7583,-0.16
6.7611,-0.16
6.7639,-0.145
6.7667,-0.165
6.7694,-0.17
6.7722,-0.17
6.775,-0.15
6.7778,-0.16
6.7806,-0.155
6.7833,-0.165
6.7861,-0.165
6.7889,-0.165
6.7917,-0.15
6.7944,-0.145
6.7972,-0.13
6.8,-0.145
6.8028,-0.155
6.8056,-0.165
6.8083,-0.14
6.8111,-0.12
6.8139,-0.135
6.8167,-0.135
6.8194,-0.145
6.8222,-0.155
6.825,-0.155
6.8278,-0.145
6.8306,-0.13
6.8333,-0.14
6.8361,-0.15
6.8389,-0.16
6.8417,-0.135
6.8444,-0.12
6.8472,-0.12
6.85,-0.14
6.8528,-0.155
6.8556,-0.15
6.8583,-0.15
6.8611,-0.125
6.8639,-0.135
6.8667,-0.14
6.8694,-0.155
6.8722,-0.155
6.875,-0.14
6.8778,-0.13
6.8806,-0.125
6.8833,-0.15
6.8861,-0.17
6.8889,-0.175
6.8917,-0.16
6.8944,-0.15
6.8972,-0.16
6.9,-0.17
6.9028,-0.195
6.9056,-0.2
6.9083,-0.19
6.9111,-0.185
6.9139,-0.185
6.9167,-0.195
6.9194,-0.215
6.9222,-0.21
6.925,-0.205
6.9278,-0.195
6.9306,-0.195
6.9333,-0.195
6.9361,-0.21
6.9389,-0.195
6.9417,-0.19
6.9444,-0.185
6.9472,-0.16
6.95,-0.185
6.9528,-0.195
6.9556,-0.19
6.9583,-0.185
6.9611,-0.165
6.9639,-0.16
6.9667,-0.16
6.9694,-0.17
6.9722,-0.18
6.975,-0.17
6.9778,-0.145
6.9806,-0.155
6.9833,-0.165
6.9861,-0.19
6.9889,-0.17
6.9917,-0.15
6.9944,-0.135
6.9972,-0.135
7.0,-0.15
7.0028,-0.165
7.0056,-0.165
7.0083,-0.14
7.0111,-0.135
7.0139,-0.14
7.0167,-0.165
7.0194,-0.155
7.0222,-0.15
7.025,-0.135
7.0278,-0.12
7.0306,-0.125
7.0333,-0.14
7.0361,-0.14
7.0389,-0.14
7.0417,-0.12
7.0444,-0.105
7.0472,-0.11
7.05,-0.12
7.0528,-0.125
7.0556,-0.125
7.0583,-0.115
7.0611,-0.1
7.0639,-0.095
7.0667,-0.11
7.0694,-0.11
7.0722,-0.115
7.075,-0.095
7.0778,-0.095
7.0806,-0.085
7.0833,-0.095
7.0861,-0.095
7.0889,-0.115
7.0917,-0.1
7.0944,-0.085
7.0972,-0.08
7.1,-0.095
7.1028,-0.105
7.1056,-0.105
7.1083,-0.1
7.1111,-0.07
7.1139,-0.075
7.1167,-0.09
7.1194,-0.105
7.1222,-0.09
7.125,-0.085
7.1278,-0.07
7.1306,-0.085
7.1333,-0.095
7.1361,-0.09
7.1389,-0.09
7.1417,-0.075
7.1444,-0.055
7.1472,-0.06
7.15,-0.075
7.1528,-0.08
7.1556,-0.09
7.1583,-0.075
7.1611,-0.05
7.1639,-0.04
7.1667,-0.055
7.1694,-0.085
7.1722,-0.07
7.175,-0.07
7.1778,-0.065
7.1806,-0.065
7.1833,-0.09
7.1861,-0.08
7.1889,-0.07
7.1917,-0.075
7.1944,-0.055
7.1972,-0.045
7.2,-0.065
7.2028,-0.06
7.2056,-0.075
7.2083,-0.055
7.2111,-0.035
7.2139,-0.035
7.2167,-0.035
7.2194,-0.045
7.2222,-0.035
7.225,-0.005
7.2278,0.01
7.2306,0.025
7.2333,0.025
7.2361,0.015
7.2389,0.03
7.2417,0.035
7.2444,0.065
7.2472,0.1
7.25,0.115
7.2528,0.135
7.2556,0.145
7.2583,0.185
7.2611,0.21
7.2639,0.195
7.2667,0.18
7.2694,0.17
7.2722,0.16
7.275,0.15
7.2778,0.155
7.2806,0.15
7.2833,0.13
7.2861,0.105
7.2889,0.075
7.2917,0.08
7.2944,0.055
7.2972,0.04
7.3,0.015
7.3028,-0.025
7.3056,-0.055
7.3083,-0.05
7.3111,-0.06
7.3139,-0.065
7.3167,-0.08
7.3194,-0.11
7.3222,-0.105
7.325,-0.09
7.3278,-0.095
7.3306,-0.09
7.3333,-0.095
7.3361,-0.11
7.3389,-0.115
7.3417,-0.105
7.3444,-0.075
7.3472,-0.08
7.35,-0.095
7.3528,-0.09
7.3556,-0.075
7.3583,-0.06
7.3611,-0.055
7.3639,-0.07
7.3667,-0.075
7.3694,-0.08
7.3722,-0.085
7.375,-0.065
7.3778,0.0
7.3806,0.07
7.3833,0.165
7.3861,0.3
7.3889,0.44
7.3917,0.565
7.3944,0.64
7.3972,0.635
7.4,0.56
7.4028,0.4
7.4056,0.23
7.4083,0.095
7.4111,0.015
7.4139,-0.045
7.4167,-0.075
7.4194,-0.09
7.4222,-0.09
7.425,-0.07
7.4278,-0.065
7.4306,-0.08
7.4333,-0.095
7.4361,-0.11
7.4389,-0.13
7.4417,-0.125
7.4444,-0.1
7.4472,-0.095
7.45,-0.11
7.4528,-0.125
7.4556,-0.145
7.4583,-0.125
7.4611,-0.105
7.4639,-0.105
7.4667,-0.115
7.4694,-0.125
7.4722,-0.14
7.475,-0.135
7.4778,-0.12
7.4806,-0.125
7.4833,-0.12
7.4861,-0.14
7.4889,-0.12
7.4917,-0.11
7.4944,-0.105
7.4972,-0.105
7.5,-0.105
7.5028,-0.13
7.5056,-0.105
7.5083,-0.095
7.5111,-0.095
7.5139,-0.1
7.5167,-0.115
7.5194,-0.13
7.5222,-0.135
7.525,-0.115
7.5278,-0.095
7.5306,-0.08
7.5333,-0.09
7.5361,-0.1
7.5389,-0.11
7.5417,-0.1
7.5444,-0.075
7.5472,-0.08
7.55,-0.09
7.5528,-0.1
7.5556,-0.09
7.5583,-0.095
7.5611,-0.07
7.5639,-0.07
7.5667,-0.085
7.5694,-0.11
7.5722,-0.08
7.575,-0.075
7.5778,-0.05
7.5806,-0.055
7.5833,-0.07
7.5861,-0.09
7.5889,-0.08
7.5917,-0.075
7.5944,-0.05
7.5972,-0.06
7.6,-0.07
7.6028,-0.07
7.6056,-0.085
7.6083,-0.075
7.6111,-0.055
7.6139,-0.06
7.6167,-0.07
7.6194,-0.075
7.6222,-0.08
7.625,-0.08
7.6278,-0.055
7.6306,-0.065
7.6333,-0.075
7.6361,-0.085
7.6389,-0.095
7.6417,-0.08
7.6444,-0.08
7.6472,-0.09
7.65,-0.1
7.6528,-0.115
7.6556,-0.115
7.6583,-0.115
7.6611,-0.1
7.6639,-0.12
7.6667,-0.12
7.6694,-0.15
7.6722,-0.15
7.675,-0.145
7.6778,-0.13
7.6806,-0.125
7.6833,-0.15
7.6861,-0.18
7.6889,-0.175
7.6917,-0.155
7.6944,-0.145
7.6972,-0.155
7.7,-0.14
7.7028,-0.17
7.7056,-0.17
7.7083,-0.155
7.7111,-0.15
7.7139,-0.155
7.7167,-0.15
7.7194,-0.17
7.7222,-0.165
7.725,-0.15
7.7278,-0.135
7.7306,-0.145
7.7333,-0.18
7.7361,-0.17
7.7389,-0.175
7.7417,-0.16
7.7444,-0.15
7.7472,-0.15
7.75,-0.165
7.7528,-0.18
7.7556,-0.18
7.7583,-0.16
7.7611,-0.14
7.7639,-0.145
7.7667,-0.16
7.7694,-0.175
7.7722,-0.17
7.775,-0.165
7.7778,-0.15
7.7806,-0.15
7.7833,-0.16
7.7861,-0.16
7.7889,-0.17
7.7917,-0.155
7.7944,-0.14
7.7972,-0.14
7.8,-0.16
7.8028,-0.16
7.8056,-0.175
7.8083,-0.165
7.8111,-0.16
7.8139,-0.15
7.8167,-0.15
7.8194,-0.16
7.8222,-0.155
7.825,-0.14
7.8278,-0.13
7.8306,-0.13
7.8333,-0.14
7.8361,-0.155
7.8389,-0.155
7.8417,-0.135
7.8444,-0.13
7.8472,-0.13
7.85,-0.13
7.8528,-0.145
7.8556,-0.15
7.8583,-0.13
7.8611,-0.13
7.8639,-0.13
7.8667,-0.145
7.8694,-0.15
7.8722,-0.155
7.875,-0.14
7.8778,-0.135
7.8806,-0.13
7.8833,-0.135
7.8861,-0.14
7.8889,-0.145
7.8917,-0.135
7.8944,-0.125
7.8972,-0.12
7.9,-0.14
7.9028,-0.145
7.9056,-0.14
7.9083,-0.135
7.9111,-0.12
7.9139,-0.145
7.9167,-0.14
7.9194,-0.155
7.9222,-0.145
7.925,-0.13
7.9278,-0.125
7.9306,-0.13
7.9333,-0.155
7.9361,-0.16
7.9389,-0.15
7.9417,-0.14
7.9444,-0.13
7.9472,-0.14
7.95,-0.145
7.9528,-0.14
7.9556,-0.145
7.9583,-0.125
7.9611,-0.11
7.9639,-0.11
7.9667,-0.13
7.9694,-0.145
7.9722,-0.145
7.975,-0.125
7.9778,-0.115
7.9806,-0.115
7.9833,-0.135
7.9861,-0.145
7.9889,-0.145
7.9917,-0.13
7.9944,-0.11
7.9972,-0.115
8.0,-0.14
8.0028,-0.13
8.0056,-0.135
8.0083,-0.14
8.0111,-0.13
8.0139,-0.125
8.0167,-0.13
8.0194,-0.145
8.0222,-0.145
8.025,-0.13
8.0278,-0.125
8.0306,-0.14
8.0333,-0.16
8.0361,-0.16
8.0389,-0.135
8.0417,-0.135
8.0444,-0.125
8.0472,-0.125
8.05,-0.14
8.0528,-0.155
8.0556,-0.155
8.0583,-0.155
8.0611,-0.125
8.0639,-0.12
8.0667,-0.135
8.0694,-0.15
8.0722,-0.14
8.075,-0.13
8.0778,-0.125
8.0806,-0.125
8.0833,-0.135
8.0861,-0.155
8.0889,-0.15
8.0917,-0.145
8.0944,-0.13
8.0972,-0.135
8.1,-0.165
8.1028,-0.16
8.1056,-0.175
8.1083,-0.145
8.1111,-0.125
8.1139,-0.135
8.1167,-0.135
8.1194,-0.15
8.1222,-0.155
8.125,-0.145
8.1278,-0.13
8.1306,-0.145
8.1333,-0.135
8.1361,-0.155
8.1389,-0.15
8.1417,-0.15
8.1444,-0.13
8.1472,-0.14
8.15,-0.125
8.1528,-0.135
8.1556,-0.145
8.1583,-0.125
8.1611,-0.12
8.1639,-0.11
8.1667,-0.11
8.1694,-0.125
8.1722,-0.115
8.175,-0.13
8.1778,-0.1
8.1806,-0.085
8.1833,-0.09
8.1861,-0.1
8.1889,-0.095
8.1917,-0.085
8.1944,-0.065
8.1972,-0.055
8.2,-0.06
8.2028,-0.05
8.2056,-0.045
8.2083,-0.02
8.2111,-0.01
8.2139,-0.02
8.2167,-0.055
8.2194,-0.065
8.2222,-0.085
8.225,-0.075
8.2278,-0.07
8.2306,-0.08
8.2333,-0.085
8.2361,-0.11
8.2389,-0.115
8.2417,-0.11
8.2444,-0.125
8.2472,-0.14
8.25,-0.145
8.2528,-0.175
8.2556,-0.19
8.2583,-0.17
8.2611,-0.165
8.2639,-0.165
8.2667,-0.17
8.2694,-0.18
8.2722,-0.175
8.275,-0.165
8.2778,-0.145
8.2806,-0.145
8.2833,-0.145
8.2861,-0.15
8.2889,-0.145
8.2917,-0.14
8.2944,-0.13
8.2972,-0.135
8.3,-0.145
8.3028,-0.15
8.3056,-0.14
8.3083,-0.125
8.3111,-0.135
8.3139,-0.125
8.3167,-0.125
8.3194,-0.085
8.3222,0.0
8.325,0.155
8.3278,0.33
8.3306,0.49
8.3333,0.615
8.3361,0.68
8.3389,0.685
8.3417,0.605
8.3444,0.45
8.3472,0.26
8.35,0.075
8.3528,-0.06
8.3556,-0.13
8.3583,-0.16
8.3611,-0.17
8.3639,-0.135
8.3667,-0.145
8.3694,-0.155
8.3722,-0.16
8.375,-0.155
8.3778,-0.15
8.3806,-0.165
8.3833,-0.185
8.3861,-0.2
8.3889,-0.2
8.3917,-0.19
8.3944,-0.17
8.3972,-0.185
8.4,-0.18
8.4028,-0.2
8.4056,-0.2
8.4083,-0.18
8.4111,-0.16
8.4139,-0.165
8.4167,-0.18
8.4194,-0.19
8.4222,-0.205
8.425,-0.185
8.4278,-0.17
8.4306,-0.16
8.4333,-0.17
8.4361,-0.19
8.4389,-0.19
8.4417,-0.17
8.4444,-0.16
8.4472,-0.155
8.45,-0.16
8.4528,-0.175
8.4556,-0.175
8.4583,-0.16
8.4611,-0.16
8.4639,-0.16
8.4667,-0.165
8.4694,-0.175
8.4722,-0.17
8.475,-0.165
8.4778,-0.16
8.4806,-0.185
8.4833,-0.17
8.4861,-0.2
8.4889,-0.195
8.4917,-0.18
8.4944,-0.155
8.4972,-0.165
8.5,-0.185
8.5028,-0.175
8.5056,-0.17
8.5083,-0.16
8.5111,-0.155
8.5139,-0.15
8.5167,-0.155
8.5194,-0.185
8.5222,-0.195
8.525,-0.17
8.5278,-0.15
8.5306,-0.155
8.5333,-0.17
8.5361,-0.18
8.5389,-0.18
8.5417,-0.175
8.5444,-0.14
8.5472,-0.145
8.55,-0.165
8.5528,-0.16
8.5556,-0.165
8.5583,-0.16
8.5611,-0.15
8.5639,-0.14
8.5667,-0.145
8.5694,-0.18
8.5722,-0.165
8.575,-0.16
8.5778,-0.145
8.5806,-0.155
8.5833,-0.165
8.5861,-0.18
8.5889,-0.205
8.5917,-0.175
8.5944,-0.16
8.5972,-0.175
8.6,-0.185
8.6028,-0.205
8.6056,-0.215
8.6083,-0.21
8.6111,-0.215
8.6139,-0.225
8.6167,-0.235
8.6194,-0.25
8.6222,-0.25
8.625,-0.245
8.6278,-0.245
8.6306,-0.25
8.6333,-0.245
8.6361,-0.26
8.6389,-0.275
8.6417,-0.255
8.6444,-0.25
8.6472,-0.26
8.65,-0.255
8.6528,-0.26
8.6556,-0.27
8.6583,-0.26
8.6611,-0.245
8.6639,-0.25
8.6667,-0.265
8.6694,-0.28
8.6722,-0.275
8.675,-0.265
8.6778,-0.26
8.6806,-0.265
8.6833,-0.265
8.6861,-0.285
8.6889,-0.29
8.6917,-0.295
8.6944,-0.27
8.6972,-0.275
8.7,-0.285
8.7028,-0.3
8.7056,-0.3
8.7083,-0.28
8.7111,-0.26
8.7139,-0.26
8.7167,-0.27
8.7194,-0.29
8.7222,-0.29
8.725,-0.29
8.7278,-0.265
8.7306,-0.28
8.7333,-0.28
8.7361,-0.3
8.7389,-0.31
8.7417,-0.285
8.7444,-0.275
8.7472,-0.28
8.75,-0.285
8.7528,-0.3
8.7556,-0.3
8.7583,-0.295
8.7611,-0.265
8.7639,-0.275
8.7667,-0.285
8.7694,-0.28
8.7722,-0.285
8.775,-0.275
8.7778,-0.27
8.7806,-0.255
8.7833,-0.265
8.7861,-0.28
8.7889,-0.27
8.7917,-0.255
8.7944,-0.255
8.7972,-0.25
8.8,-0.245
8.8028,-0.275
8.8056,-0.285
8.8083,-0.265
8.8111,-0.245
8.8139,-0.25
8.8167,-0.26
8.8194,-0.29
8.8222,-0.275
8.825,-0.26
8.8278,-0.255
8.8306,-0.265
8.8333,-0.26
8.8361,-0.27
8.8389,-0.26
8.8417,-0.265
8.8444,-0.255
8.8472,-0.24
8.85,-0.255
8.8528,-0.25
8.8556,-0.26
8.8583,-0.25
8.8611,-0.24
8.8639,-0.245
8.8667,-0.24
8.8694,-0.26
8.8722,-0.265
8.875,-0.245
8.8778,-0.225
8.8806,-0.23
8.8833,-0.245
8.8861,-0.26
8.8889,-0.265
8.8917,-0.25
8.8944,-0.235
8.8972,-0.25
8.9,-0.24
8.9028,-0.26
8.9056,-0.255
8.9083,-0.255
8.9111,-0.23
8.9139,-0.235
8.9167,-0.24
8.9194,-0.25
8.9222,-0.255
8.925,-0.25
8.9278,-0.225
8.9306,-0.23
8.9333,-0.235
8.9361,-0.25
8.9389,-0.25
8.9417,-0.245
8.9444,-0.25
8.9472,-0.235
8.95,-0.235
8.9528,-0.245
8.9556,-0.245
8.9583,-0.235
8.9611,-0.23
8.9639,-0.235
8.9667,-0.23
8.9694,-0.25
8.9722,-0.25
8.975,-0.24
8.9778,-0.23
8.9806,-0.23
8.9833,-0.23
8.9861,-0.255
8.9889,-0.255
8.9917,-0.25
8.9944,-0.225
8.9972,-0.235
9.0,-0.23
9.0028,-0.25
9.0056,-0.25
9.0083,-0.24
9.0111,-0.23
9.0139,-0.225
9.0167,-0.235
9.0194,-0.235
9.0222,-0.25
9.025,-0.23
9.0278,-0.23
9.0306,-0.23
9.0333,-0.235
9.0361,-0.245
9.0389,-0.24
9.0417,-0.23
9.0444,-0.225
9.0472,-0.23
9.05,-0.235
9.0528,-0.24
9.0556,-0.235
9.0583,-0.225
9.0611,-0.215
9.0639,-0.21
9.0667,-0.225
9.0694,-0.24
9.0722,-0.24
9.075,-0.23
9.0778,-0.195
9.0806,-0.205
9.0833,-0.22
9.0861,-0.225
9.0889,-0.215
9.0917,-0.21
9.0944,-0.18
9.0972,-0.2
9.1,-0.205
9.1028,-0.205
9.1056,-0.205
9.1083,-0.185
9.1111,-0.175
9.1139,-0.175
9.1167,-0.175
9.1194,-0.2
9.1222,-0.19
9.125,-0.165
9.1278,-0.155
9.1306,-0.15
9.1333,-0.145
9.1361,-0.145
9.1389,-0.125
9.1417,-0.125
9.1444,-0.115
9.1472,-0.145
9.15,-0.17
9.1528,-0.19
9.1556,-0.185
9.1583,-0.185
9.1611,-0.18
9.1639,-0.185
9.1667,-0.19
9.1694,-0.21
9.1722,-0.235
9.175,-0.24
9.1778,-0.235
9.1806,-0.265
9.1833,-0.28
9.1861,-0.28
9.1889,-0.27
9.1917,-0.27
9.1944,-0.255
9.1972,-0.265
9.2,-0.26
9.2028,-0.29
9.2056,-0.3
9.2083,-0.28
9.2111,-0.25
9.2139,-0.255
9.2167,-0.27
9.2194,-0.25
9.2222,-0.255
9.225,-0.24
9.2278,-0.235
9.2306,-0.23
9.2333,-0.25
9.2361,-0.285
9.2389,-0.29
9.2417,-0.265
9.2444,-0.165
9.2472,-0.015
9.25,0.145
9.2528,0.285
9.2556,0.405
9.2583,0.475
9.2611,0.44
9.2639,0.295
9.2667,0.055
9.2694,-0.135
9.2722,-0.255
9.275,-0.28
9.2778,-0.285
9.2806,-0.255
9.2833,-0.25
9.2861,-0.24
9.2889,-0.255
9.2917,-0.255
9.2944,-0.26
9.2972,-0.28
9.3,-0.275
9.3028,-0.285
9.3056,-0.285
9.3083,-0.27
9.3111,-0.27
9.3139,-0.26
9.3167,-0.27
9.3194,-0.28
9.3222,-0.27
9.325,-0.26
9.3278,-0.255
9.3306,-0.26
9.3333,-0.26
9.3361,-0.285
9.3389,-0.285
9.3417,-0.27
9.3444,-0.25
9.3472,-0.26
9.35,-0.27
9.3528,-0.28
9.3556,-0.295
9.3583,-0.27
9.3611,-0.245
9.3639,-0.27
9.3667,-0.265
9.3694,-0.275
9.3722,-0.265
9.375,-0.25
9.3778,-0.235
9.3806,-0.245
9.3833,-0.25
9.3861,-0.275
9.3889,-0.275
9.3917,-0.255
9.3944,-0.25
9.3972,-0.26
9.4,-0.26
9.4028,-0.275
9.4056,-0.275
9.4083,-0.255
9.4111,-0.255
9.4139,-0.24
9.4167,-0.255
9.4194,-0.27
9.4222,-0.28
9.425,-0.255
9.4278,-0.245
9.4306,-0.25
9.4333,-0.245
9.4361,-0.27
9.4389,-0.265
9.4417,-0.25
9.4444,-0.24
9.4472,-0.24
9.45,-0.25
9.4528,-0.28
9.4556,-0.275
9.4583,-0.255
9.4611,-0.25
9.4639,-0.255
9.4667,-0.26
9.4694,-0.28
9.4722,-0.285
9.475,-0.28
9.4778,-0.27
9.4806,-0.275
9.4833,-0.285
9.4861,-0.31
9.4889,-0.305
9.4917,-0.29
9.4944,-0.305
9.4972,-0.29
9.5,-0.31
9.5028,-0.31
9.5056,-0.325
9.5083,-0.315
9.5111,-0.305
9.5139,-0.3
9.5167,-0.32
9.5194,-0.34
9.5222,-0.36
9.525,-0.345
9.5278,-0.33
9.5306,-0.34
9.5333,-0.35
9.5361,-0.355
9.5389,-0.35
9.5417,-0.35
9.5444,-0.335
9.5472,-0.335
9.55,-0.34
9.5528,-0.355
9.5556,-0.36
9.5583,-0.345
9.5611,-0.335
9.5639,-0.345
9.5667,-0.345
9.5694,-0.365
9.5722,-0.365
9.575,-0.35
9.5778,-0.335
9.5806,-0.34
9.5833,-0.355
9.5861,-0.37
9.5889,-0.375
9.5917,-0.36
9.5944,-0.34
9.5972,-0.35
9.6,-0.355
9.6028,-0.36
9.6056,-0.37
9.6083,-0.365
9.6111,-0.35
9.6139,-0.34
9.6167,-0.355
9.6194,-0.375
9.6222,-0.37
9.625,-0.365
9.6278,-0.355
9.6306,-0.345
9.6333,-0.365
9.6361,-0.38
9.6389,-0.375
9.6417,-0.36
9.6444,-0.35
9.6472,-0.355
9.65,-0.35
9.6528,-0.36
9.6556,-0.355
9.6583,-0.345
9.6611,-0.33
9.6639,-0.33
9.6667,-0.345
9.6694,-0.36
9.6722,-0.35
9.675,-0.345
9.6778,-0.345
9.6806,-0.34
9.6833,-0.355
9.6861,-0.375
9.6889,-0.365
9.6917,-0.34
9.6944,-0.315
9.6972,-0.335
9.7,-0.34
9.7028,-0.36
9.7056,-0.355
9.7083,-0.345
9.7111,-0.315
9.7139,-0.33
9.7167,-0.33
9.7194,-0.34
9.7222,-0.35
9.725,-0.335
9.7278,-0.31
9.7306,-0.335
9.7333,-0.34
9.7361,-0.35
9.7389,-0.355
9.7417,-0.34
9.7444,-0.325
9.7472,-0.315
9.75,-0.32
9.7528,-0.355
9.7556,-0.355
9.7583,-0.34
9.7611,-0.33
9.7639,-0.32
9.7667,-0.33
9.7694,-0.37
9.7722,-0.355
9.775,-0.34
9.7778,-0.31
9.7806,-0.315
9.7833,-0.34
9.7861,-0.35
9.7889,-0.345
9.7917,-0.31
9.7944,-0.31
9.7972,-0.315
9.8,-0.325
9.8028,-0.34
9.8056,-0.335
9.8083,-0.325
9.8111,-0.32
9.8139,-0.32
9.8167,-0.325
9.8194,-0.345
9.8222,-0.335
9.825,-0.33
9.8278,-0.315
9.8306,-0.315
9.8333,-0.325
9.8361,-0.34
9.8389,-0.335
9.8417,-0.335
9.8444,-0.31
9.8472,-0.315
9.85,-0.325
9.8528,-0.335
9.8556,-0.345
9.8583,-0.345
9.8611,-0.32
9.8639,-0.315
9.8667,-0.32
9.8694,-0.355
9.8722,-0.34
9.875,-0.34
9.8778,-0.315
9.8806,-0.32
9.8833,-0.325
9.8861,-0.335
9.8889,-0.335
9.8917,-0.33
9.8944,-0.32
9.8972,-0.35
9.9,-0.35
9.9028,-0.355
9.9056,-0.335
9.9083,-0.325
9.9111,-0.315
9.9139,-0.315
9.9167,-0.31
9.9194,-0.32
9.9222,-0.33
9.925,-0.325
9.9278,-0.305
9.9306,-0.29
9.9333,-0.305
9.9361,-0.31
9.9389,-0.32
9.9417,-0.29
9.9444,-0.27
9.9472,-0.27
9.95,-0.285
9.9528,-0.29
9.9556,-0.275
9.9583,-0.26
9.9611,-0.245
9.9639,-0.24
9.9667,-0.245
9.9694,-0.245
9.9722,-0.245
9.975,-0.255
9.9778,-0.245
9.9806,-0.265
9.9833,-0.3
9.9861,-0.32
9.9889,-0.32
9.9917,-0.305
9.9944,-0.295
9.9972,-0.295
10.0,-0.305
10.0028,-0.305
10.0056,-0.335
10.0083,-0.345
10.0111,-0.345
10.0139,-0.36
10.0167,-0.37
10.0194,-0.375
10.0222,-0.365
10.025,-0.365
10.0278,-0.355
10.0306,-0.375
10.0333,-0.385
10.0361,-0.385
10.0389,-0.365
10.0417,-0.35
10.0444,-0.35
10.0472,-0.345
10.05,-0.355
10.0528,-0.375
10.0556,-0.36
10.0583,-0.355
10.0611,-0.325
10.0639,-0.325
10.0667,-0.345
10.0694,-0.375
10.0722,-0.4
10.075,-0.415
10.0778,-0.4
10.0806,-0.355
10.0833,-0.255
10.0861,-0.125
10.0889,0.04
10.0917,0.175
10.0944,0.24
10.0972,0.17
10.1,-0.02
10.1028,-0.27
10.1056,-0.42
10.1083,-0.485
10.1111,-0.485
10.1139,-0.46
10.1167,-0.435
10.1194,-0.395
10.1222,-0.37
10.125,-0.335
10.1278,-0.315
10.1306,-0.33
10.1333,-0.345
10.1361,-0.36
10.1389,-0.36
10.1417,-0.35
10.1444,-0.325
10.1472,-0.315
10.15,-0.32
10.1528,-0.32
10.1556,-0.325
10.1583,-0.315
10.1611,-0.315
10.1639,-0.315
10.1667,-0.315
10.1694,-0.32
10.1722,-0.325
10.175,-0.3
10.1778,-0.295
10.1806,-0.3
10.1833,-0.315
10.1861,-0.32
10.1889,-0.325
10.1917,-0.31
10.1944,-0.31
10.1972,-0.295
10.2,-0.31
10.2028,-0.31
10.2056,-0.32
10.2083,-0.31
10.2111,-0.31
10.2139,-0.305
10.2167,-0.335
10.2194,-0.32
10.2222,-0.34
10.225,-0.32
10.2278,-0.31
10.2306,-0.31
10.2333,-0.32
10.2361,-0.34
10.2389,-0.33
10.2417,-0.315
10.2444,-0.31
10.2472,-0.305
10.25,-0.31
10.2528,-0.325
10.2556,-0.33
10.2583,-0.315
10.2611,-0.335
10.2639,-0.315
10.2667,-0.34
10.2694,-0.345
10.2722,-0.365
10.275,-0.35
10.2778,-0.315
10.2806,-0.31
10.2833,-0.325
10.2861,-0.34
10.2889,-0.345
10.2917,-0.325
10.2944,-0.32
10.2972,-0.33
10.3,-0.33
10.3028,-0.34
10.3056,-0.34
10.3083,-0.345
10.3111,-0.325
10.3139,-0.33
10.3167,-0.355
10.3194,-0.37
10.3222,-0.375
10.325,-0.365
10.3278,-0.365
10.3306,-0.365
10.3333,-0.375
10.3361,-0.395
10.3389,-0.4
10.3417,-0.4
10.3444,-0.395
10.3472,-0.405
10.35,-0.415
10.3528,-0.44
10.3556,-0.435
10.3583,-0.43
10.3611,-0.425
10.3639,-0.43
10.3667,-0.44
10.3694,-0.45
10.3722,-0.445
10.375,-0.445
10.3778,-0.45
10.3806,-0.45
10.3833,-0.46
10.3861,-0.47
10.3889,-0.475
10.3917,-0.455
10.3944,-0.45
10.3972,-0.45
10.4,-0.46
10.4028,-0.465
10.4056,-0.46
10.4083,-0.455
10.4111,-0.44
10.4139,-0.44
10.4167,-0.45
10.4194,-0.475
10.4222,-0.475
10.425,-0.465
10.4278,-0.43
10.4306,-0.445
10.4333,-0.45
10.4361,-0.46
10.4389,-0.465
10.4417,-0.435
10.4444,-0.42
10.4472,-0.425
10.45,-0.445
10.4528,-0.435
10.4556,-0.435
10.4583,-0.435
10.4611,-0.41
10.4639,-0.415
10.4667,-0.43
10.4694,-0.42
10.4722,-0.43
10.475,-0.41
10.4778,-0.395
10.4806,-0.395
10.4833,-0.405
10.4861,-0.415
10.4889,-0.415
10.4917,-0.395
10.4944,-0.385
10.4972,-0.395
10.5,-0.4
10.5028,-0.395
10.5056,-0.385
10.5083,-0.375
10.5111,-0.36
10.5139,-0.37
10.5167,-0.385
10.5194,-0.37
10.5222,-0.37
10.525,-0.365
10.5278,-0.35
10.5306,-0.35
10.5333,-0.36
10.5361,-0.365
10.5389,-0.375
10.5417,-0.355
10.5444,-0.335
10.5472,-0.345
10.55,-0.37
10.5528,-0.375
10.5556,-0.36
10.5583,-0.345
10.5611,-0.325
10.5639,-0.335
10.5667,-0.34
10.5694,-0.35
10.5722,-0.34
10.575,-0.32
10.5778,-0.315
10.5806,-0.315
10.5833,-0.335
10.5861,-0.34
10.5889,-0.335
10.5917,-0.325
10.5944,-0.315
10.5972,-0.315
10.6,-0.335
10.6028,-0.335
10.6056,-0.345
10.6083,-0.315
10.6111,-0.295
10.6139,-0.295
10.6167,-0.31
10.6194,-0.315
10.6222,-0.315
10.625,-0.315
10.6278,-0.295
10.6306,-0.295
10.6333,-0.3
10.6361,-0.305
10.6389,-0.31
10.6417,-0.305
10.6444,-0.285
10.6472,-0.275
10.65,-0.29
10.6528,-0.305
10.6556,-0.295
10.6583,-0.295
10.6611,-0.275
10.6639,-0.265
10.6667,-0.275
10.6694,-0.285
10.6722,-0.29
10.675,-0.28
10.6778,-0.265
10.6806,-0.27
10.6833,-0.285
10.6861,-0.28
10.6889,-0.275
10.6917,-0.275
10.6944,-0.26
10.6972,-0.28
10.7,-0.275
10.7028,-0.27
10.7056,-0.26
10.7083,-0.25
10.7111,-0.24
10.7139,-0.255
10.7167,-0.265
10.7194,-0.27
10.7222,-0.245
10.725,-0.215
10.7278,-0.195
10.7306,-0.19
10.7333,-0.19
10.7361,-0.19
10.7389,-0.18
10.7417,-0.155
10.7444,-0.11
10.7472,-0.085
10.75,-0.095
10.7528,-0.065
10.7556,-0.055
10.7583,-0.025
10.7611,0.0
10.7639,0.015
10.7667,0.005
10.7694,-0.03
10.7722,-0.04
10.775,-0.035
10.7778,-0.045
10.7806,-0.065
10.7833,-0.085
10.7861,-0.09
10.7889,-0.115
10.7917,-0.13
10.7944,-0.16
10.7972,-0.19
10.8,-0.21
10.8028,-0.24
10.8056,-0.25
10.8083,-0.245
10.8111,-0.245
10.8139,-0.26
10.8167,-0.27
10.8194,-0.285
10.8222,-0.3
10.825,-0.27
10.8278,-0.26
10.8306,-0.27
10.8333,-0.3
10.8361,-0.285
10.8389,-0.28
10.8417,-0.265
10.8444,-0.245
10.8472,-0.245
10.85,-0.255
10.8528,-0.28
10.8556,-0.26
10.8583,-0.255
10.8611,-0.255
10.8639,-0.28
10.8667,-0.315
10.8694,-0.28
10.8722,-0.16
10.875,-0.005
10.8778,0.17
10.8806,0.335
10.8833,0.48
10.8861,0.565
10.8889,0.525
10.8917,0.375
10.8944,0.135
10.8972,-0.095
10.9,-0.22
10.9028,-0.285
10.9056,-0.265
10.9083,-0.245
10.9111,-0.23
10.9139,-0.225
10.9167,-0.26
10.9194,-0.275
10.9222,-0.28
10.925,-0.27
10.9278,-0.25
10.9306,-0.265
10.9333,-0.25
10.9361,-0.27
10.9389,-0.275
10.9417,-0.27
10.9444,-0.24
10.9472,-0.245
10.95,-0.265
10.9528,-0.255
10.9556,-0.255
10.9583,-0.255
10.9611,-0.24
10.9639,-0.24
10.9667,-0.255
10.9694,-0.26
10.9722,-0.26
10.975,-0.245
10.9778,-0.235
10.9806,-0.225
10.9833,-0.24
10.9861,-0.25
10.9889,-0.26
10.9917,-0.235
10.9944,-0.22
10.9972,-0.23
11.0,-0.245
11.0028,-0.25
11.0056,-0.25
11.0083,-0.225
11.0111,-0.22
11.0139,-0.235
11.0167,-0.225
11.0194,-0.235
11.0222,-0.24
11.025,-0.225
11.0278,-0.215
11.0306,-0.22
11.0333,-0.235
11.0361,-0.24
11.0389,-0.25
11.0417,-0.245
11.0444,-0.21
11.0472,-0.22
11.05,-0.23
11.0528,-0.25
11.0556,-0.25
11.0583,-0.225
11.0611,-0.215
11.0639,-0.22
11.0667,-0.24
11.0694,-0.245
11.0722,-0.24
11.075,-0.235
11.0778,-0.215
11.0806,-0.225
11.0833,-0.23
11.0861,-0.25
11.0889,-0.255
11.0917,-0.24
11.0944,-0.215
11.0972,-0.23
11.1,-0.235
11.1028,-0.25
11.1056,-0.27
11.1083,-0.245
11.1111,-0.23
11.1139,-0.235
11.1167,-0.24
11.1194,-0.26
11.1222,-0.26
11.125,-0.275
11.1278,-0.265
11.1306,-0.26
11.1333,-0.27
11.1361,-0.295
11.1389,-0.31
11.1417,-0.285
11.1444,-0.285
11.1472,-0.285
11.15,-0.31
11.1528,-0.325
11.1556,-0.335
11.1583,-0.315
11.1611,-0.3
11.1639,-0.29
11.1667,-0.31
11.1694,-0.31
11.1722,-0.32
11.175,-0.31
11.1778,-0.285
11.1806,-0.285
11.1833,-0.295
11.1861,-0.3
11.1889,-0.305
11.1917,-0.295
11.1944,-0.28
11.1972,-0.275
11.2,-0.285
11.2028,-0.305
11.2056,-0.305
11.2083,-0.275
11.2111,-0.285
11.2139,-0.27
11.2167,-0.28
11.2194,-0.285
11.2222,-0.275
11.225,-0.275
11.2278,-0.255
11.2306,-0.255
11.2333,-0.265
11.2361,-0.275
11.2389,-0.27
11.2417,-0.245
11.2444,-0.245
11.2472,-0.25
11.25,-0.25
11.2528,-0.26
11.2556,-0.27
11.2583,-0.26
11.2611,-0.235
11.2639,-0.24
11.2667,-0.25
11.2694,-0.245
11.2722,-0.245
11.275,-0.235
11.2778,-0.22
11.2806,-0.22
11.2833,-0.235
11.2861,-0.235
11.2889,-0.235
11.2917,-0.225
11.2944,-0.21
11.2972,-0.22
11.3,-0.225
11.3028,-0.225
11.3056,-0.21
11.3083,-0.205
11.3111,-0.2
11.3139,-0.21
11.3167,-0.205
11.3194,-0.23
11.3222,-0.215
11.325,-0.2
11.3278,-0.2
11.3306,-0.2
11.3333,-0.21
11.3361,-0.225
11.3389,-0.22
11.3417,-0.2
11.3444,-0.185
11.3472,-0.195
11.35,-0.2
11.3528,-0.215
11.3556,-0.22
11.3583,-0.2
11.3611,-0.185
11.3639,-0.195
11.3667,-0.21
11.3694,-0.205
11.3722,-0.21
11.375,-0.19
11.3778,-0.17
11.3806,-0.175
11.3833,-0.19
11.3861,-0.215
11.3889,-0.21
11.3917,-0.195
11.3944,-0.17
11.3972,-0.175
11.4,-0.185
11.4028,-0.195
11.4056,-0.195
11.4083,-0.19
11.4111,-0.17
11.4139,-0.18
11.4167,-0.185
11.4194,-0.2
11.4222,-0.195
11.425,-0.195
11.4278,-0.175
11.4306,-0.175
11.4333,-0.19
11.4361,-0.2
11.4389,-0.2
11.4417,-0.185
11.4444,-0.17
11.4472,-0.175
11.45,-0.185
11.4528,-0.19
11.4556,-0.205
11.4583,-0.185
11.4611,-0.17
11.4639,-0.17
11.4667,-0.18
11.4694,-0.185
11.4722,-0.185
11.475,-0.165
11.4778,-0.145
11.4806,-0.15
11.4833,-0.16
11.4861,-0.17
11.4889,-0.16
11.4917,-0.15
11.4944,-0.13
11.4972,-0.125
11.5,-0.115
11.5028,-0.105
11.5056,-0.1
11.5083,-0.06
11.5111,-0.045
11.5139,-0.035
11.5167,-0.01
11.5194,0.01
11.5222,0.04
11.525,0.07
11.5278,0.095
11.5306,0.07
11.5333,0.05
11.5361,0.03
11.5389,0.02
11.5417,0.015
11.5444,0.03
11.5472,-0.005
11.55,-0.025
11.5528,-0.055
11.5556,-0.07
11.5583,-0.1
11.5611,-0.12
11.5639,-0.145
11.5667,-0.17
11.5694,-0.19
11.5722,-0.205
11.575,-0.2
11.5778,-0.19
11.5806,-0.2
11.5833,-0.215
11.5861,-0.22
11.5889,-0.235
11.5917,-0.21
11.5944,-0.185
11.5972,-0.19
11.6,-0.2
11.6028,-0.205
11.6056,-0.2
11.6083,-0.19
11.6111,-0.16
11.6139,-0.165
11.6167,-0.185
11.6194,-0.19
11.6222,-0.19
11.625,-0.19
11.6278,-0.22
11.6306,-0.21
11.6333,-0.155
11.6361,-0.035
11.6389,0.14
11.6417,0.335
11.6444,0.515
11.6472,0.64
11.65,0.685
11.6528,0.615
11.6556,0.4
11.6583,0.145
11.6611,-0.07
11.6639,-0.2
11.6667,-0.225
11.6694,-0.21
11.6722,-0.18
11.675,-0.16
11.6778,-0.145
11.6806,-0.165
11.6833,-0.19
11.6861,-0.2
11.6889,-0.195
11.6917,-0.18
11.6944,-0.175
11.6972,-0.18
11.7,-0.19
11.7028,-0.195
11.7056,-0.195
11.7083,-0.19
11.7111,-0.165
11.7139,-0.17
11.7167,-0.185
11.7194,-0.185
11.7222,-0.19
11.725,-0.18
11.7278,-0.16
11.7306,-0.165
11.7333,-0.195
11.7361,-0.2
11.7389,-0.19
11.7417,-0.18
11.7444,-0.18
11.7472,-0.19
11.75,-0.205
11.7528,-0.21
11.7556,-0.195
11.7583,-0.185
11.7611,-0.175
11.7639,-0.175
11.7667,-0.185
11.7694,-0.195
11.7722,-0.2
11.775,-0.18
11.7778,-0.16
11.7806,-0.16
11.7833,-0.16
11.7861,-0.175
11.7889,-0.18
11.7917,-0.175
11.7944,-0.135
11.7972,-0.15
11.8,-0.155
11.8028,-0.175
11.8056,-0.185
11.8083,-0.16
11.8111,-0.155
11.8139,-0.155
11.8167,-0.18
11.8194,-0.175
11.8222,-0.175
11.825,-0.16
11.8278,-0.14
11.8306,-0.14
11.8333,-0.155
11.8361,-0.16
11.8389,-0.16
11.8417,-0.145
11.8444,-0.125
11.8472,-0.13
11.85,-0.14
11.8528,-0.15
11.8556,-0.16
11.8583,-0.145
11.8611,-0.12
11.8639,-0.135
11.8667,-0.14
11.8694,-0.155
11.8722,-0.17
11.875,-0.15
11.8778,-0.14
11.8806,-0.15
11.8833,-0.175
11.8861,-0.195
11.8889,-0.2
11.8917,-0.195
11.8944,-0.175
11.8972,-0.195
11.9,-0.205
11.9028,-0.22
11.9056,-0.24
11.9083,-0.225
11.9111,-0.21
11.9139,-0.225
11.9167,-0.23
11.9194,-0.245
11.9222,-0.245
11.925,-0.245
11.9278,-0.235
11.9306,-0.235
11.9333,-0.25
11.9361,-0.255
11.9389,-0.25
11.9417,-0.235
11.9444,-0.22
11.9472,-0.225
11.95,-0.235
11.9528,-0.26
11.9556,-0.245
11.9583,-0.24
11.9611,-0.225
11.9639,-0.24
11.9667,-0.24
11.9694,-0.25
11.9722,-0.24
11.975,-0.245
11.9778,-0.235
11.9806,-0.225
11.9833,-0.23
11.9861,-0.24
11.9889,-0.235
11.9917,-0.235
11.9944,-0.22
11.9972,-0.215
12.0,-0.23
12.0028,-0.23
12.0056,-0.225
12.0083,-0.22
12.0111,-0.21
12.0139,-0.215
12.0167,-0.22
12.0194,-0.225
12.0222,-0.22
12.025,-0.205
12.0278,-0.205
12.0306,-0.205
12.0333,-0.21
12.0361,-0.225
12.0389,-0.22
12.0417,-0.205
12.0444,-0.2
12.0472,-0.185
12.05,-0.195
12.0528,-0.21
12.0556,-0.2
12.0583,-0.195
12.0611,-0.18
12.0639,-0.205
12.0667,-0.195
12.0694,-0.21
12.0722,-0.205
12.075,-0.19
12.0778,-0.19
12.0806,-0.195
12.0833,-0.195
12.0861,-0.205
12.0889,-0.195
12.0917,-0.185
12.0944,-0.16
12.0972,-0.18
12.1,-0.19
12.1028,-0.19
12.1056,-0.19
12.1083,-0.175
12.1111,-0.16
12.1139,-0.16
12.1167,-0.16
12.1194,-0.175
12.1222,-0.175
12.125,-0.17
12.1278,-0.17
12.1306,-0.16
12.1333,-0.18
12.1361,-0.18
12.1389,-0.175
12.1417,-0.17
12.1444,-0.165
12.1472,-0.17
12.15,-0.18
12.1528,-0.185
12.1556,-0.185
12.1583,-0.17
12.1611,-0.15
12.1639,-0.165
12.1667,-0.175
12.1694,-0.19
12.1722,-0.19
12.175,-0.175
12.1778,-0.165
12.1806,-0.175
12.1833,-0.185
12.1861,-0.18
12.1889,-0.16
12.1917,-0.14
12.1944,-0.13
12.1972,-0.14
12.2,-0.145
12.2028,-0.15
12.2056,-0.155
12.2083,-0.145
12.2111,-0.145
12.2139,-0.14
12.2167,-0.14
12.2194,-0.155
12.2222,-0.16
12.225,-0.14
12.2278,-0.135
12.2306,-0.145
12.2333,-0.145
12.2361,-0.165
12.2389,-0.165
12.2417,-0.15
12.2444,-0.145
12.2472,-0.16
12.25,-0.165
12.2528,-0.165
12.2556,-0.165
12.2583,-0.165
12.2611,-0.16
12.2639,-0.16
12.2667,-0.17
12.2694,-0.18
12.2722,-0.17
12.275,-0.19
12.2778,-0.16
12.2806,-0.17
12.2833,-0.165
12.2861,-0.18
12.2889,-0.185
12.2917,-0.165
12.2944,-0.17
12.2972,-0.155
12.3,-0.16
12.3028,-0.15
12.3056,-0.145
12.3083,-0.135
12.3111,-0.1
12.3139,-0.105
12.3167,-0.1
12.3194,-0.1
12.3222,-0.09
12.325,-0.06
12.3278,-0.005
12.3306,0.01
12.3333,0.025
12.3361,0.02
12.3389,0.05
12.3417,0.075
12.3444,0.075
12.3472,0.04
12.35,0.025
12.3528,0.01
12.3556,-0.01
12.3583,-0.01
12.3611,-0.005
12.3639,-0.01
12.3667,-0.03
12.3694,-0.07
12.3722,-0.105
12.375,-0.13
12.3778,-0.14
12.3806,-0.155
12.3833,-0.195
12.3861,-0.195
12.3889,-0.195
12.3917,-0.185
12.3944,-0.165
12.3972,-0.175
12.4,-0.19
12.4028,-0.19
12.4056,-0.175
12.4083,-0.16
12.4111,-0.145
12.4139,-0.145
12.4167,-0.155
12.4194,-0.15
12.4222,-0.155
12.425,-0.135
12.4278,-0.125
12.4306,-0.155
12.4333,-0.155
12.4361,-0.085
12.4389,0.1
12.4417,0.355
12.4444,0.585
12.4472,0.68
12.45,0.58
12.4528,0.35
12.4556,0.09
12.4583,-0.075
12.4611,-0.15
12.4639,-0.16
12.4667,-0.16
12.4694,-0.15
12.4722,-0.135
12.475,-0.12
12.4778,-0.13
12.4806,-0.135
12.4833,-0.15
12.4861,-0.155
12.4889,-0.15
12.4917,-0.17
12.4944,-0.135
12.4972,-0.155
12.5,-0.14
12.5028,-0.145
12.5056,-0.15
12.5083,-0.145
12.5111,-0.13
12.5139,-0.125
12.5167,-0.135
12.5194,-0.125
12.5222,-0.13
12.525,-0.11
12.5278,-0.1
12.5306,-0.105
12.5333,-0.125
12.5361,-0.135
12.5389,-0.14
12.5417,-0.13
12.5444,-0.12
12.5472,-0.115
12.55,-0.12
12.5528,-0.14
12.5556,-0.115
12.5583,-0.115
12.5611,-0.11
12.5639,-0.11
12.5667,-0.11
12.5694,-0.12
12.5722,-0.12
12.575,-0.115
12.5778,-0.1
12.5806,-0.11
12.5833,-0.12
12.5861,-0.13
12.5889,-0.125
12.5917,-0.11
12.5944,-0.11
12.5972,-0.105
12.6,-0.13
12.6028,-0.125
12.6056,-0.13
12.6083,-0.105
12.6111,-0.085
12.6139,-0.115
12.6167,-0.115
12.6194,-0.12
12.6222,-0.13
12.625,-0.125
12.6278,-0.095
12.6306,-0.1
12.6333,-0.105
12.6361,-0.12
12.6389,-0.12
12.6417,-0.1
12.6444,-0.085
12.6472,-0.09
12.65,-0.105
12.6528,-0.12
12.6556,-0.115
12.6583,-0.13
12.6611,-0.095
12.6639,-0.115
12.6667,-0.12
12.6694,-0.125
12.6722,-0.1
12.675,-0.095
12.6778,-0.11
12.6806,-0.11
12.6833,-0.125
12.6861,-0.135
12.6889,-0.15
12.6917,-0.155
12.6944,-0.13
12.6972,-0.145
12.7,-0.16
12.7028,-0.18
12.7056,-0.175
12.7083,-0.165
12.7111,-0.145
12.7139,-0.155
12.7167,-0.18
12.7194,-0.205
12.7222,-0.185
12.725,-0.17
12.7278,-0.17
12.7306,-0.185
12.7333,-0.185
12.7361,-0.195
12.7389,-0.195
12.7417,-0.175
12.7444,-0.155
12.7472,-0.16
12.75,-0.175
12.7528,-0.185
12.7556,-0.19
12.7583,-0.175
12.7611,-0.16
12.7639,-0.175
12.7667,-0.19
12.7694,-0.195
12.7722,-0.195
12.775,-0.175
12.7778,-0.175
12.7806,-0.165
12.7833,-0.18
12.7861,-0.185
12.7889,-0.195
12.7917,-0.175
12.7944,-0.165
12.7972,-0.17
12.8,-0.17
12.8028,-0.18
12.8056,-0.18
12.8083,-0.165
12.8111,-0.155
12.8139,-0.16
12.8167,-0.17
12.8194,-0.175
12.8222,-0.16
12.825,-0.16
12.8278,-0.155
12.8306,-0.14
12.8333,-0.155
12.8361,-0.17
12.8389,-0.175
12.8417,-0.155
12.8444,-0.135
12.8472,-0.145
12.85,-0.15
12.8528,-0.16
12.8556,-0.16
12.8583,-0.14
12.8611,-0.13
12.8639,-0.15
12.8667,-0.15
12.8694,-0.14
12.8722,-0.16
12.875,-0.15
12.8778,-0.13
12.8806,-0.14
12.8833,-0.15
12.8861,-0.15
12.8889,-0.145
12.8917,-0.12
12.8944,-0.11
12.8972,-0.13
12.9,-0.13
12.9028,-0.15
12.9056,-0.14
12.9083,-0.12
12.9111,-0.11
12.9139,-0.115
12.9167,-0.12
12.9194,-0.14
12.9222,-0.145
12.925,-0.115
12.9278,-0.11
12.9306,-0.105
12.9333,-0.115
12.9361,-0.13
12.9389,-0.12
12.9417,-0.135
12.9444,-0.11
12.9472,-0.11
12.95,-0.12
12.9528,-0.135
12.9556,-0.125
12.9583,-0.115
12.9611,-0.12
12.9639,-0.11
12.9667,-0.125
12.9694,-0.135
12.9722,-0.125
12.975,-0.12
12.9778,-0.115
12.9806,-0.12
12.9833,-0.12
12.9861,-0.15
12.9889,-0.125
12.9917,-0.125
12.9944,-0.115
12.9972,-0.115
13.0,-0.12
13.0028,-0.155
13.0056,-0.135
13.0083,-0.125
13.0111,-0.1
13.0139,-0.115
13.0167,-0.12
13.0194,-0.14
13.0222,-0.135
13.025,-0.12
13.0278,-0.115
13.0306,-0.115
13.0333,-0.13
13.0361,-0.13
13.0389,-0.125
13.0417,-0.115
13.0444,-0.095
13.0472,-0.11
13.05,-0.11
13.0528,-0.125
13.0556,-0.14
13.0583,-0.125
13.0611,-0.1
13.0639,-0.115
13.0667,-0.11
13.0694,-0.125
13.0722,-0.115
13.075,-0.105
13.0778,-0.1
13.0806,-0.105
13.0833,-0.125
13.0861,-0.125
13.0889,-0.1
13.0917,-0.085
13.0944,-0.055
13.0972,-0.065
13.1,-0.07
13.1028,-0.075
13.1056,-0.06
13.1083,-0.045
13.1111,-0.02
13.1139,-0.015
13.1167,-0.02
13.1194,0.015
13.1222,0.045
13.125,0.09
13.1278,0.13
13.1306,0.135
13.1333,0.12
13.1361,0.115
13.1389,0.11
13.1417,0.125
13.1444,0.125
13.1472,0.105
13.15,0.085
13.1528,0.055
13.1556,0.055
13.1583,0.05
13.1611,0.035
13.1639,0.015
13.1667,-0.025
13.1694,-0.075
13.1722,-0.095
13.175,-0.125
13.1778,-0.13
13.1806,-0.135
13.1833,-0.155
13.1861,-0.185
13.1889,-0.18
13.1917,-0.18
13.1944,-0.17
13.1972,-0.18
13.2,-0.18
13.2028,-0.18
13.2056,-0.185
13.2083,-0.175
13.2111,-0.16
13.2139,-0.15
13.2167,-0.16
13.2194,-0.175
13.2222,-0.165
13.225,-0.16
13.2278,-0.14
13.2306,-0.14
13.2333,-0.15
13.2361,-0.17
13.2389,-0.175
13.2417,-0.155
13.2444,-0.165
13.2472,-0.175
13.25,-0.18
13.2528,-0.13
13.2556,-0.01
13.2583,0.165
13.2611,0.35
13.2639,0.5
13.2667,0.625
13.2694,0.69
13.2722,0.67
13.275,0.545
13.2778,0.345
13.2806,0.11
13.2833,-0.05
13.2861,-0.15
13.2889,-0.18
13.2917,-0.17
13.2944,-0.145
13.2972,-0.145
13.3,-0.155
13.3028,-0.17
13.3056,-0.17
13.3083,-0.18
13.3111,-0.185
13.3139,-0.17
13.3167,-0.2
13.3194,-0.21
13.3222,-0.195
13.325,-0.18
13.3278,-0.165
13.3306,-0.16
13.3333,-0.165
13.3361,-0.185
13.3389,-0.19
13.3417,-0.195
13.3444,-0.16
13.3472,-0.155
13.35,-0.165
13.3528,-0.185
13.3556,-0.18
13.3583,-0.17
13.3611,-0.15
13.3639,-0.15
13.3667,-0.165
13.3694,-0.165
13.3722,-0.165
13.375,-0.155
13.3778,-0.15
13.3806,-0.15
13.3833,-0.165
13.3861,-0.175
13.3889,-0.155
13.3917,-0.145
13.3944,-0.14
13.3972,-0.15
13.4,-0.155
13.4028,-0.165
13.4056,-0.16
13.4083,-0.14
13.4111,-0.13
13.4139,-0.16
13.4167,-0.155
13.4194,-0.165
13.4222,-0.145
13.425,-0.135
13.4278,-0.145
13.4306,-0.135
13.4333,-0.14
13.4361,-0.175
13.4389,-0.155
13.4417,-0.155
13.4444,-0.125
13.4472,-0.13
13.45,-0.135
13.4528,-0.155
13.4556,-0.145
13.4583,-0.13
13.4611,-0.125
13.4639,-0.12
13.4667,-0.13
13.4694,-0.15
13.4722,-0.14
13.475,-0.125
13.4778,-0.105
13.4806,-0.105
13.4833,-0.115
13.4861,-0.12
13.4889,-0.125
13.4917,-0.12
13.4944,-0.11
13.4972,-0.11
13.5,-0.125
13.5028,-0.135
13.5056,-0.135
13.5083,-0.135
13.5111,-0.12
13.5139,-0.125
13.5167,-0.145
13.5194,-0.155
13.5222,-0.15
13.525,-0.135
13.5278,-0.14
13.5306,-0.14
13.5333,-0.16
13.5361,-0.18
13.5389,-0.18
13.5417,-0.165
13.5444,-0.165
13.5472,-0.175
13.55,-0.2
13.5528,-0.23
13.5556,-0.23
13.5583,-0.21
13.5611,-0.195
13.5639,-0.185
13.5667,-0.195
13.5694,-0.215
13.5722,-0.21
13.575,-0.205
13.5778,-0.19
13.5806,-0.195
13.5833,-0.19
13.5861,-0.205
13.5889,-0.2
13.5917,-0.19
13.5944,-0.18
13.5972,-0.205
13.6,-0.2
13.6028,-0.2
13.6056,-0.2
13.6083,-0.19
13.6111,-0.175
13.6139,-0.175
13.6167,-0.185
13.6194,-0.2
13.6222,-0.2
13.625,-0.18
13.6278,-0.17
13.6306,-0.185
13.6333,-0.205
13.6361,-0.195
13.6389,-0.185
13.6417,-0.175
13.6444,-0.17
13.6472,-0.16
13.65,-0.175
13.6528,-0.19
13.6556,-0.195
13.6583,-0.17
13.6611,-0.16
13.6639,-0.165
13.6667,-0.18
13.6694,-0.18
13.6722,-0.18
13.675,-0.165
13.6778,-0.15
13.6806,-0.15
13.6833,-0.145
13.6861,-0.155
13.6889,-0.17
13.6917,-0.155
13.6944,-0.13
13.6972,-0.145
13.7,-0.15
13.7028,-0.15
13.7056,-0.155
13.7083,-0.15
13.7111,-0.12
13.7139,-0.125
13.7167,-0.13
13.7194,-0.155
13.7222,-0.16
13.725,-0.14
13.7278,-0.13
13.7306,-0.125
13.7333,-0.13
13.7361,-0.14
13.7389,-0.14
13.7417,-0.115
13.7444,-0.09
13.7472,-0.13
13.75,-0.12
13.7528,-0.135
13.7556,-0.135
13.7583,-0.125
13.7611,-0.115
13.7639,-0.11
13.7667,-0.125
13.7694,-0.125
13.7722,-0.115
13.775,-0.105
13.7778,-0.1
13.7806,-0.105
13.7833,-0.125
13.7861,-0.135
13.7889,-0.135
13.7917,-0.12
13.7944,-0.1
13.7972,-0.105
13.8,-0.115
13.8028,-0.135
13.8056,-0.135
13.8083,-0.105
13.8111,-0.105
13.8139,-0.095
13.8167,-0.105
13.8194,-0.125
13.8222,-0.12
13.825,-0.12
13.8278,-0.1
13.8306,-0.105
13.8333,-0.12
13.8361,-0.125
13.8389,-0.12
13.8417,-0.12
13.8444,-0.105
13.8472,-0.115
13.85,-0.125
13.8528,-0.13
13.8556,-0.14
13.8583,-0.125
13.8611,-0.105
13.8639,-0.11
13.8667,-0.14
13.8694,-0.15
13.8722,-0.145
13.875,-0.135
13.8778,-0.12
13.8806,-0.13
13.8833,-0.145
13.8861,-0.16
13.8889,-0.165
13.8917,-0.145
13.8944,-0.125
13.8972,-0.125
13.9,-0.145
13.9028,-0.135
13.9056,-0.145
13.9083,-0.14
13.9111,-0.13
13.9139,-0.125
13.9167,-0.135
13.9194,-0.15
13.9222,-0.145
13.925,-0.13
13.9278,-0.115
13.9306,-0.125
13.9333,-0.13
13.9361,-0.14
13.9389,-0.115
13.9417,-0.105
13.9444,-0.085
13.9472,-0.08
13.95,-0.095
13.9528,-0.085
13.9556,-0.085
13.9583,-0.07
13.9611,-0.035
13.9639,-0.02
13.9667,-0.025
13.9694,-0.005
13.9722,0.025
13.975,0.065
13.9778,0.095
13.9806,0.085
13.9833,0.075
13.9861,0.065
13.9889,0.07
13.9917,0.09
13.9944,0.095
13.9972,0.065
14.0,0.025
14.0028,-0.01
14.0056,-0.025
14.0083,-0.015
14.0111,-0.02
14.0139,-0.055
14.0167,-0.095
14.0194,-0.12
14.0222,-0.155
14.025,-0.16
14.0278,-0.17
14.0306,-0.195
14.0333,-0.21
14.0361,-0.225
14.0389,-0.225
14.0417,-0.22
14.0444,-0.19
14.0472,-0.205
14.05,-0.215
14.0528,-0.225
14.0556,-0.215
14.0583,-0.2
14.0611,-0.19
14.0639,-0.2
14.0667,-0.215
14.0694,-0.215
14.0722,-0.215
14.075,-0.195
14.0778,-0.195
14.0806,-0.185
14.0833,-0.2
14.0861,-0.21
14.0889,-0.2
14.0917,-0.225
14.0944,-0.225
14.0972,-0.265
14.1,-0.275
14.1028,-0.245
14.1056,-0.14
14.1083,-0.005
14.1111,0.15
14.1139,0.305
14.1167,0.44
14.1194,0.505
14.1222,0.465
14.125,0.325
14.1278,0.095
14.1306,-0.105
14.1333,-0.22
14.1361,-0.27
14.1389,-0.26
14.1417,-0.22
14.1444,-0.19
14.1472,-0.19
14.15,-0.21
14.1528,-0.22
14.1556,-0.23
14.1583,-0.23
14.1611,-0.205
14.1639,-0.21
14.1667,-0.205
14.1694,-0.22
14.1722,-0.23
14.175,-0.225
14.1778,-0.205
14.1806,-0.195
14.1833,-0.215
14.1861,-0.22
14.1889,-0.22
14.1917,-0.205
14.1944,-0.2
14.1972,-0.21
14.2,-0.22
14.2028,-0.235
14.2056,-0.225
14.2083,-0.22
14.2111,-0.19
14.2139,-0.2
14.2167,-0.225
14.2194,-0.225
14.2222,-0.215
14.225,-0.2
14.2278,-0.19
14.2306,-0.18
14.2333,-0.21
14.2361,-0.215
14.2389,-0.205
14.2417,-0.19
14.2444,-0.185
14.2472,-0.19
14.25,-0.215
14.2528,-0.225
14.2556,-0.21
14.2583,-0.2
14.2611,-0.2
14.2639,-0.21
14.2667,-0.2
14.2694,-0.21
14.2722,-0.21
14.275,-0.21
14.2778,-0.195
14.2806,-0.2
14.2833,-0.21
14.2861,-0.22
14.2889,-0.21
14.2917,-0.205
14.2944,-0.21
14.2972,-0.21
14.3,-0.21
14.3028,-0.225
14.3056,-0.215
14.3083,-0.21
14.3111,-0.195
14.3139,-0.205
14.3167,-0.22
14.3194,-0.225
14.3222,-0.225
14.325,-0.21
14.3278,-0.215
14.3306,-0.22
14.3333,-0.225
14.3361,-0.24
14.3389,-0.24
14.3417,-0.21
14.3444,-0.21
14.3472,-0.21
14.35,-0.225
14.3528,-0.235
14.3556,-0.23
14.3583,-0.24
14.3611,-0.23
14.3639,-0.235
14.3667,-0.26
14.3694,-0.26
14.3722,-0.27
14.375,-0.26
14.3778,-0.26
14.3806,-0.27
14.3833,-0.295
14.3861,-0.3
14.3889,-0.305
14.3917,-0.285
14.3944,-0.28
14.3972,-0.295
14.4,-0.305
14.4028,-0.325
14.4056,-0.31
14.4083,-0.305
14.4111,-0.29
14.4139,-0.315
14.4167,-0.32
14.4194,-0.33
14.4222,-0.315
14.425,-0.305
14.4278,-0.3
14.4306,-0.3
14.4333,-0.325
14.4361,-0.325
14.4389,-0.335
14.4417,-0.305
14.4444,-0.3
14.4472,-0.295
14.45,-0.305
14.4528,-0.31
14.4556,-0.31
14.4583,-0.3
14.4611,-0.305
14.4639,-0.3
14.4667,-0.32
14.4694,-0.325
14.4722,-0.32
14.475,-0.3
14.4778,-0.295
14.4806,-0.31
14.4833,-0.31
14.4861,-0.31
14.4889,-0.305
14.4917,-0.3
14.4944,-0.285
14.4972,-0.29
14.5,-0.295
14.5028,-0.305
14.5056,-0.285
14.5083,-0.285
14.5111,-0.26
14.5139,-0.275
14.5167,-0.3
14.5194,-0.31
14.5222,-0.29
14.525,-0.275
14.5278,-0.27
14.5306,-0.28
14.5333,-0.285
14.5361,-0.3
14.5389,-0.29
14.5417,-0.285
14.5444,-0.28
14.5472,-0.27
14.55,-0.295
14.5528,-0.285
14.5556,-0.285
14.5583,-0.265
14.5611,-0.27
14.5639,-0.26
14.5667,-0.255
14.5694,-0.26
14.5722,-0.265
14.575,-0.265
14.5778,-0.24
14.5806,-0.23
14.5833,-0.27
14.5861,-0.27
14.5889,-0.27
14.5917,-0.255
14.5944,-0.24
14.5972,-0.245
14.6,-0.255
14.6028,-0.25
14.6056,-0.245
14.6083,-0.235
14.6111,-0.225
14.6139,-0.255
14.6167,-0.255
14.6194,-0.265
14.6222,-0.235
14.625,-0.24
14.6278,-0.22
14.6306,-0.22
14.6333,-0.245
14.6361,-0.255
14.6389,-0.225
14.6417,-0.22
14.6444,-0.225
14.6472,-0.225
14.65,-0.24
14.6528,-0.255
14.6556,-0.24
14.6583,-0.23
14.6611,-0.21
14.6639,-0.22
14.6667,-0.22
14.6694,-0.23
14.6722,-0.23
14.675,-0.215
14.6778,-0.21
14.6806,-0.21
14.6833,-0.24
14.6861,-0.24
14.6889,-0.235
14.6917,-0.205
14.6944,-0.19
14.6972,-0.205
14.7,-0.22
14.7028,-0.225
14.7056,-0.22
14.7083,-0.215
14.7111,-0.185
14.7139,-0.185
14.7167,-0.21
14.7194,-0.22
14.7222,-0.23
14.725,-0.205
14.7278,-0.185
14.7306,-0.195
14.7333,-0.215
14.7361,-0.205
14.7389,-0.2
14.7417,-0.19
14.7444,-0.18
14.7472,-0.185
14.75,-0.19
14.7528,-0.2
14.7556,-0.2
14.7583,-0.185
14.7611,-0.175
14.7639,-0.18
14.7667,-0.2
14.7694,-0.215
14.7722,-0.205
14.775,-0.19
14.7778,-0.18
14.7806,-0.19
14.7833,-0.185
14.7861,-0.185
14.7889,-0.18
14.7917,-0.16
14.7944,-0.15
14.7972,-0.155
14.8,-0.18
14.8028,-0.175
14.8056,-0.165
14.8083,-0.155
14.8111,-0.11
14.8139,-0.105
14.8167,-0.105
14.8194,-0.11
14.8222,-0.11
14.825,-0.095
14.8278,-0.08
14.8306,-0.055
14.8333,-0.035
14.8361,-0.035
14.8389,-0.015
14.8417,0.0
14.8444,0.04
14.8472,0.05
14.85,0.035
14.8528,0.07
14.8556,0.065
14.8583,0.055
14.8611,0.06
14.8639,0.065
14.8667,0.045
14.8694,0.015
14.8722,0.0
14.875,0.0
14.8778,0.0
14.8806,-0.02
14.8833,-0.07
14.8861,-0.12
14.8889,-0.14
14.8917,-0.15
14.8944,-0.14
14.8972,-0.16
14.9,-0.19
14.9028,-0.205
14.9056,-0.21
14.9083,-0.185
14.9111,-0.175
14.9139,-0.175
14.9167,-0.18
14.9194,-0.2
14.9222,-0.175
14.925,-0.165
14.9278,-0.15
14.9306,-0.145
14.9333,-0.15
14.9361,-0.155
14.9389,-0.155
14.9417,-0.14
14.9444,-0.15
14.9472,-0.13
14.95,-0.155
14.9528,-0.195
14.9556,-0.24
14.9583,-0.23
14.9611,-0.21
14.9639,-0.135
14.9667,-0.01
14.9694,0.125
14.9722,0.3
14.975,0.485
14.9778,0.62
14.9806,0.63
14.9833,0.475
14.9861,0.205
14.9889,-0.015
14.9917,-0.145
14.9944,-0.19
14.9972,-0.185
15.0,-0.17
15.0028,-0.145
15.0056,-0.125
15.0083,-0.12
15.0111,-0.13
15.0139,-0.145
15.0167,-0.155
15.0194,-0.155
15.0222,-0.15
15.025,-0.15
15.0278,-0.14
15.0306,-0.13
15.0333,-0.14
15.0361,-0.145
15.0389,-0.135
15.0417,-0.13
15.0444,-0.125
15.0472,-0.13
15.05,-0.13
15.0528,-0.135
15.0556,-0.13
15.0583,-0.115
15.0611,-0.105
15.0639,-0.11
15.0667,-0.115
15.0694,-0.13
15.0722,-0.125
15.075,-0.11
15.0778,-0.09
15.0806,-0.095
15.0833,-0.115
15.0861,-0.13
15.0889,-0.11
15.0917,-0.11
15.0944,-0.09
15.0972,-0.085
15.1,-0.1
15.1028,-0.105
15.1056,-0.12
15.1083,-0.1
15.1111,-0.09
15.1139,-0.085
15.1167,-0.09
15.1194,-0.115
15.1222,-0.11
15.125,-0.11
15.1278,-0.085
15.1306,-0.085
15.1333,-0.11
15.1361,-0.105
15.1389,-0.105
15.1417,-0.1
15.1444,-0.095
15.1472,-0.105
15.15,-0.11
15.1528,-0.105
15.1556,-0.1
15.1583,-0.1
15.1611,-0.08
15.1639,-0.09
15.1667,-0.09
15.1694,-0.085
15.1722,-0.08
15.175,-0.07
15.1778,-0.08
15.1806,-0.1
15.1833,-0.11
15.1861,-0.095
15.1889,-0.095
15.1917,-0.08
15.1944,-0.09
15.1972,-0.1
15.2,-0.1
15.2028,-0.12
15.2056,-0.12
15.2083,-0.11
15.2111,-0.1
15.2139,-0.125
15.2167,-0.135
15.2194,-0.14
15.2222,-0.145
15.225,-0.15
15.2278,-0.14
15.2306,-0.15
15.2333,-0.175
15.2361,-0.195
15.2389,-0.2
15.2417,-0.19
15.2444,-0.175
15.2472,-0.19
15.25,-0.205
15.2528,-0.215
15.2556,-0.205
15.2583,-0.19
15.2611,-0.205
15.2639,-0.205
15.2667,-0.215
15.2694,-0.205
15.2722,-0.205
15.275,-0.195
15.2778,-0.195
15.2806,-0.21
15.2833,-0.225
15.2861,-0.2
15.2889,-0.195
15.2917,-0.18
15.2944,-0.17
15.2972,-0.195
15.3,-0.205
15.3028,-0.2
15.3056,-0.18
15.3083,-0.165
15.3111,-0.16
15.3139,-0.185
15.3167,-0.195
15.3194,-0.21
15.3222,-0.21
15.325,-0.18
15.3278,-0.16
15.3306,-0.175
15.3333,-0.175
15.3361,-0.2
15.3389,-0.19
15.3417,-0.17
15.3444,-0.155
15.3472,-0.16
15.35,-0.17
15.3528,-0.18
15.3556,-0.18
15.3583,-0.175
15.3611,-0.155
15.3639,-0.17
15.3667,-0.16
15.3694,-0.18
15.3722,-0.15
15.375,-0.135
15.3778,-0.115
15.3806,-0.13
15.3833,-0.14
15.3861,-0.175
15.3889,-0.16
15.3917,-0.145
15.3944,-0.14
15.3972,-0.15
15.4,-0.145
15.4028,-0.16
15.4056,-0.165
15.4083,-0.165
15.4111,-0.15
15.4139,-0.145
15.4167,-0.175
15.4194,-0.17
15.4222,-0.165
15.425,-0.15
15.4278,-0.145
15.4306,-0.155
15.4333,-0.175
15.4361,-0.18
15.4389,-0.175
15.4417,-0.165
15.4444,-0.165
15.4472,-0.165
15.45,-0.175
15.4528,-0.195
15.4556,-0.18
15.4583,-0.195
15.4611,-0.175
15.4639,-0.18
15.4667,-0.185
15.4694,-0.195
15.4722,-0.19
15.475,-0.17
15.4778,-0.175
15.4806,-0.17
15.4833,-0.195
15.4861,-0.2
15.4889,-0.205
15.4917,-0.19
15.4944,-0.185
15.4972,-0.18
15.5,-0.185
15.5028,-0.195
15.5056,-0.185
15.5083,-0.18
15.5111,-0.16
15.5139,-0.17
15.5167,-0.18
15.5194,-0.21
15.5222,-0.2
15.525,-0.185
15.5278,-0.175
15.5306,-0.19
15.5333,-0.2
15.5361,-0.19
15.5389,-0.185
15.5417,-0.185
15.5444,-0.17
15.5472,-0.16
15.55,-0.18
15.5528,-0.175
15.5556,-0.175
15.5583,-0.145
15.5611,-0.135
15.5639,-0.13
15.5667,-0.145
15.5694,-0.125
15.5722,-0.115
15.575,-0.105
15.5778,-0.09
15.5806,-0.08
15.5833,-0.055
15.5861,-0.015
15.5889,0.04
15.5917,0.075
15.5944,0.095
15.5972,0.085
15.6,0.075
15.6028,0.065
15.6056,0.065
15.6083,0.065
15.6111,0.06
15.6139,0.045
15.6167,0.015
15.6194,-0.015
15.6222,-0.02
15.625,-0.045
15.6278,-0.065
15.6306,-0.105
15.6333,-0.145
15.6361,-0.18
15.6389,-0.2
15.6417,-0.2
15.6444,-0.215
15.6472,-0.22
15.65,-0.245
15.6528,-0.26
15.6556,-0.24
15.6583,-0.225
15.6611,-0.235
15.6639,-0.23
15.6667,-0.25
15.6694,-0.265
15.6722,-0.245
15.675,-0.235
15.6778,-0.225
15.6806,-0.225
15.6833,-0.24
15.6861,-0.24
15.6889,-0.225
15.6917,-0.215
15.6944,-0.205
15.6972,-0.21
15.7,-0.23
15.7028,-0.25
15.7056,-0.28
15.7083,-0.295
15.7111,-0.275
15.7139,-0.23
15.7167,-0.13
15.7194,0.025
15.7222,0.245
15.725,0.455
15.7278,0.585
15.7306,0.545
15.7333,0.345
15.7361,0.065
15.7389,-0.145
15.7417,-0.27
15.7444,-0.325
15.7472,-0.33
15.75,-0.3
15.7528,-0.265
15.7556,-0.235
15.7583,-0.215
15.7611,-0.21
15.7639,-0.24
15.7667,-0.25
15.7694,-0.275
15.7722,-0.255
15.775,-0.24
15.7778,-0.225
15.7806,-0.22
15.7833,-0.23
15.7861,-0.245
15.7889,-0.225
15.7917,-0.22
15.7944,-0.22
15.7972,-0.225
15.8,-0.24
15.8028,-0.245
15.8056,-0.245
15.8083,-0.225
15.8111,-0.23
15.8139,-0.22
15.8167,-0.215
15.8194,-0.23
15.8222,-0.225
15.825,-0.215
15.8278,-0.2
15.8306,-0.215
15.8333,-0.235
15.8361,-0.24
15.8389,-0.22
15.8417,-0.2
15.8444,-0.19
15.8472,-0.205
15.85,-0.21
15.8528,-0.215
15.8556,-0.215
15.8583,-0.19
15.8611,-0.165
15.8639,-0.17
15.8667,-0.185
15.8694,-0.205
15.8722,-0.195
15.875,-0.205
15.8778,-0.185
15.8806,-0.185
15.8833,-0.195
15.8861,-0.195
15.8889,-0.195
15.8917,-0.175
15.8944,-0.18
15.8972,-0.18
15.9,-0.19
15.9028,-0.19
15.9056,-0.19
15.9083,-0.18
15.9111,-0.165
15.9139,-0.18
15.9167,-0.185
15.9194,-0.195
15.9222,-0.18
15.925,-0.155
15.9278,-0.155
15.9306,-0.165
15.9333,-0.185
15.9361,-0.2
15.9389,-0.19
15.9417,-0.2
15.9444,-0.18
15.9472,-0.175
15.95,-0.215
15.9528,-0.205
15.9556,-0.21
15.9583,-0.2
15.9611,-0.18
15.9639,-0.215
15.9667,-0.225
15.9694,-0.26
15.9722,-0.24
15.975,-0.245
15.9778,-0.23
15.9806,-0.24
15.9833,-0.265
15.9861,-0.27
15.9889,-0.265
15.9917,-0.26
15.9944,-0.26
15.9972,-0.27
16.0,-0.27
16.0028,-0.3
16.0056,-0.28
16.0083,-0.26
16.0111,-0.245
16.0139,-0.25
16.0167,-0.255
16.0194,-0.255
16.0222,-0.26
16.025,-0.245
16.0278,-0.245
16.0306,-0.245
16.0333,-0.25
16.0361,-0.255
16.0389,-0.24
16.0417,-0.235
16.0444,-0.225
16.0472,-0.22
16.05,-0.245
16.0528,-0.25
16.0556,-0.235
16.0583,-0.23
16.0611,-0.22
16.0639,-0.245
16.0667,-0.24
16.0694,-0.225
16.0722,-0.215
16.075,-0.21
16.0778,-0.195
16.0806,-0.205
16.0833,-0.21
16.0861,-0.205
16.0889,-0.2
16.0917,-0.195
16.0944,-0.18
16.0972,-0.185
16.1,-0.195
16.1028,-0.195
16.1056,-0.19
16.1083,-0.17
16.1111,-0.16
16.1139,-0.16
16.1167,-0.175
16.1194,-0.195
16.1222,-0.2
16.125,-0.18
16.1278,-0.16
16.1306,-0.175
16.1333,-0.19
16.1361,-0.19
16.1389,-0.175
16.1417,-0.16
16.1444,-0.15
16.1472,-0.145
16.15,-0.16
16.1528,-0.165
16.1556,-0.15
16.1583,-0.14
16.1611,-0.125
16.1639,-0.14
16.1667,-0.15
16.1694,-0.165
16.1722,-0.16
16.175,-0.14
16.1778,-0.125
16.1806,-0.13
16.1833,-0.14
16.1861,-0.145
16.1889,-0.135
16.1917,-0.115
16.1944,-0.12
16.1972,-0.135
16.2,-0.135
16.2028,-0.145
16.2056,-0.13
16.2083,-0.12
16.2111,-0.115
16.2139,-0.12
16.2167,-0.14
16.2194,-0.135
16.2222,-0.125
16.225,-0.12
16.2278,-0.115
16.2306,-0.115
16.2333,-0.125
16.2361,-0.125
16.2389,-0.12
16.2417,-0.125
16.2444,-0.105
16.2472,-0.11
16.25,-0.125
16.2528,-0.14
16.2556,-0.135
16.2583,-0.12
16.2611,-0.105
16.2639,-0.11
16.2667,-0.125
16.2694,-0.135
16.2722,-0.115
16.275,-0.11
16.2778,-0.1
16.2806,-0.1
16.2833,-0.125
16.2861,-0.135
16.2889,-0.135
16.2917,-0.105
16.2944,-0.095
16.2972,-0.115
16.3,-0.115
16.3028,-0.12
16.3056,-0.115
16.3083,-0.115
16.3111,-0.09
16.3139,-0.095
16.3167,-0.105
16.3194,-0.115
16.3222,-0.115
16.325,-0.1
16.3278,-0.095
16.3306,-0.11
16.3333,-0.105
16.3361,-0.13
16.3389,-0.115
16.3417,-0.1
16.3444,-0.095
16.3472,-0.11
16.35,-0.115
16.3528,-0.135
16.3556,-0.125
16.3583,-0.1
16.3611,-0.09
16.3639,-0.09
16.3667,-0.11
16.3694,-0.115
16.3722,-0.095
16.375,-0.08
16.3778,-0.08
16.3806,-0.105
16.3833,-0.09
16.3861,-0.115
16.3889,-0.095
16.3917,-0.085
16.3944,-0.075
16.3972,-0.085
16.4,-0.095
16.4028,-0.09
16.4056,-0.085
16.4083,-0.09
16.4111,-0.08
16.4139,-0.065
16.4167,-0.08
16.4194,-0.08
16.4222,-0.08
16.425,-0.07
16.4278,-0.07
16.4306,-0.075
16.4333,-0.085
16.4361,-0.09
16.4389,-0.08
16.4417,-0.085
16.4444,-0.07
16.4472,-0.085
16.45,-0.085
16.4528,-0.09
16.4556,-0.065
16.4583,-0.045
16.4611,-0.025
16.4639,-0.04
16.4667,-0.05
16.4694,-0.045
16.4722,-0.03
16.475,-0.005
16.4778,0.0
16.4806,0.0
16.4833,-0.005
16.4861,0.0
16.4889,0.025
16.4917,0.04
16.4944,0.08
16.4972,0.085
16.5,0.075
16.5028,0.095
16.5056,0.1
16.5083,0.105
16.5111,0.08
16.5139,0.035
16.5167,0.02
16.5194,-0.015
16.5222,-0.025
16.525,-0.035
16.5278,-0.05
16.5306,-0.06
16.5333,-0.09
16.5361,-0.12
16.5389,-0.13
16.5417,-0.12
16.5444,-0.135
16.5472,-0.15
16.55,-0.15
16.5528,-0.155
16.5556,-0.145
16.5583,-0.16
16.5611,-0.14
16.5639,-0.155
16.5667,-0.165
16.5694,-0.16
16.5722,-0.155
16.575,-0.14
16.5778,-0.14
16.5806,-0.135
16.5833,-0.155
16.5861,-0.14
16.5889,-0.13
16.5917,-0.12
16.5944,-0.11
16.5972,-0.12
16.6,-0.125
16.6028,-0.135
16.6056,-0.125
16.6083,-0.115
16.6111,-0.05
16.6139,0.035
16.6167,0.175
16.6194,0.335
16.6222,0.5
16.625,0.64
16.6278,0.68
16.6306,0.58
16.6333,0.385
16.6361,0.13
16.6389,-0.04
16.6417,-0.14
16.6444,-0.17
16.6472,-0.2
16.65,-0.205
16.6528,-0.21
16.6556,-0.2
16.6583,-0.195
16.6611,-0.195
16.6639,-0.205
16.6667,-0.225
16.6694,-0.235
16.6722,-0.235
16.675,-0.22
16.6778,-0.225
16.6806,-0.235
16.6833,-0.245
16.6861,-0.25
16.6889,-0.235
16.6917,-0.235
16.6944,-0.23
16.6972,-0.225
16.7,-0.25
16.7028,-0.24
16.7056,-0.23
16.7083,-0.235
16.7111,-0.215
16.7139,-0.235
16.7167,-0.245
16.7194,-0.25
16.7222,-0.255
16.725,-0.24
16.7278,-0.24
16.7306,-0.245
16.7333,-0.255
16.7361,-0.26
16.7389,-0.235
16.7417,-0.22
16.7444,-0.225
16.7472,-0.235
16.75,-0.235
16.7528,-0.245
16.7556,-0.24
16.7583,-0.23
16.7611,-0.235
16.7639,-0.25
16.7667,-0.27
16.7694,-0.275
16.7722,-0.275
16.775,-0.265
16.7778,-0.255
16.7806,-0.27
16.7833,-0.275
16.7861,-0.265
16.7889,-0.28
16.7917,-0.26
16.7944,-0.235
16.7972,-0.255
16.8,-0.265
16.8028,-0.275
16.8056,-0.255
16.8083,-0.25
16.8111,-0.245
16.8139,-0.245
16.8167,-0.26
16.8194,-0.24
16.8222,-0.245
16.825,-0.24
16.8278,-0.235
16.8306,-0.25
16.8333,-0.245
16.8361,-0.26
16.8389,-0.25
16.8417,-0.225
16.8444,-0.21
16.8472,-0.225
16.85,-0.245
16.8528,-0.245
16.8556,-0.215
16.8583,-0.215
16.8611,-0.2
16.8639,-0.23
16.8667,-0.25
16.8694,-0.245
16.8722,-0.25
16.875,-0.24
16.8778,-0.235
16.8806,-0.245
16.8833,-0.27
16.8861,-0.265
16.8889,-0.26
16.8917,-0.27
16.8944,-0.26
16.8972,-0.275
16.9,-0.275
16.9028,-0.285
16.9056,-0.295
16.9083,-0.285
16.9111,-0.285
16.9139,-0.29
16.9167,-0.295
16.9194,-0.3
16.9222,-0.28
16.925,-0.275
16.9278,-0.27
16.9306,-0.275
16.9333,-0.29
16.9361,-0.295
16.9389,-0.285
16.9417,-0.285
16.9444,-0.26
16.9472,-0.275
16.95,-0.29
16.9528,-0.285
16.9556,-0.28
16.9583,-0.27
16.9611,-0.265
16.9639,-0.265
16.9667,-0.27
16.9694,-0.275
16.9722,-0.265
16.975,-0.25
16.9778,-0.255
16.9806,-0.25
16.9833,-0.27
16.9861,-0.265
16.9889,-0.255
16.9917,-0.235
16.9944,-0.24
16.9972,-0.235
17.0,-0.245
17.0028,-0.25
17.0056,-0.245
17.0083,-0.24
17.0111,-0.225
17.0139,-0.23
17.0167,-0.235
17.0194,-0.24
17.0222,-0.225
17.025,-0.225
17.0278,-0.21
17.0306,-0.21
17.0333,-0.225
17.0361,-0.225
17.0389,-0.215
17.0417,-0.205
17.0444,-0.185
17.0472,-0.195
17.05,-0.2
17.0528,-0.22
17.0556,-0.22
17.0583,-0.2
17.0611,-0.185
17.0639,-0.19
17.0667,-0.205
17.0694,-0.21
17.0722,-0.2
17.075,-0.19
17.0778,-0.185
17.0806,-0.185
17.0833,-0.21
17.0861,-0.205
17.0889,-0.195
17.0917,-0.18
17.0944,-0.165
17.0972,-0.17
17.1,-0.18
17.1028,-0.19
17.1056,-0.18
17.1083,-0.175
17.1111,-0.17
17.1139,-0.165
17.1167,-0.185
17.1194,-0.19
17.1222,-0.175
17.125,-0.17
17.1278,-0.155
17.1306,-0.16
17.1333,-0.19
17.1361,-0.18
17.1389,-0.175
17.1417,-0.16
17.1444,-0.16
17.1472,-0.185
17.15,-0.175
17.1528,-0.175
17.1556,-0.17
17.1583,-0.165
17.1611,-0.155
17.1639,-0.17
17.1667,-0.17
17.1694,-0.17
17.1722,-0.165
17.175,-0.16
17.1778,-0.155
17.1806,-0.17
17.1833,-0.175
17.1861,-0.175
17.1889,-0.165
17.1917,-0.15
17.1944,-0.145
17.1972,-0.14
17.2,-0.155
17.2028,-0.155
17.2056,-0.155
17.2083,-0.125
17.2111,-0.12
17.2139,-0.115
17.2167,-0.135
17.2194,-0.125
17.2222,-0.105
17.225,-0.1
17.2278,-0.09
17.2306,-0.09
17.2333,-0.07
17.2361,-0.06
17.2389,-0.04
17.2417,-0.015
17.2444,0.015
17.2472,0.03
17.25,0.05
17.2528,0.09
17.2556,0.115
17.2583,0.155
17.2611,0.165
17.2639,0.145
17.2667,0.12
17.2694,0.115
17.2722,0.08
17.275,0.085
17.2778,0.06
17.2806,0.05
17.2833,0.04
17.2861,0.01
17.2889,0.01
17.2917,0.005
17.2944,-0.03
17.2972,-0.045
17.3,-0.085
17.3028,-0.13
17.3056,-0.15
17.3083,-0.165
17.3111,-0.175
17.3139,-0.19
17.3167,-0.185
17.3194,-0.19
17.3222,-0.205
17.325,-0.195
17.3278,-0.185
17.3306,-0.19
17.3333,-0.2
17.3361,-0.2
17.3389,-0.185
17.3417,-0.155
17.3444,-0.15
17.3472,-0.145
17.35,-0.155
17.3528,-0.17
17.3556,-0.165
17.3583,-0.155
17.3611,-0.145
17.3639,-0.175
17.3667,-0.19
17.3694,-0.205
17.3722,-0.17
17.375,-0.085
17.3778,0.075
17.3806,0.245
17.3833,0.395
17.3861,0.53
17.3889,0.6
17.3917,0.595
17.3944,0.445
17.3972,0.175
17.4,-0.055
17.4028,-0.2
17.4056,-0.245
17.4083,-0.23
17.4111,-0.2
17.4139,-0.185
17.4167,-0.18
17.4194,-0.185
17.4222,-0.175
17.425,-0.165
17.4278,-0.175
17.4306,-0.17
17.4333,-0.195
17.4361,-0.18
17.4389,-0.175
17.4417,-0.16
17.4444,-0.155
17.4472,-0.165
17.45,-0.19
17.4528,-0.185
17.4556,-0.185
17.4583,-0.175
17.4611,-0.18
17.4639,-0.175
17.4667,-0.18
17.4694,-0.17
17.4722,-0.175
17.475,-0.17
17.4778,-0.175
17.4806,-0.18
17.4833,-0.19
17.4861,-0.2
17.4889,-0.19
17.4917,-0.17
17.4944,-0.17
17.4972,-0.17
17.5,-0.185
17.5028,-0.185
17.5056,-0.18
17.5083,-0.16
17.5111,-0.15
17.5139,-0.17
17.5167,-0.16
17.5194,-0.175
17.5222,-0.15
17.525,-0.13
17.5278,-0.14
17.5306,-0.13
17.5333,-0.15
17.5361,-0.15
17.5389,-0.15
17.5417,-0.145
17.5444,-0.145
17.5472,-0.135
17.55,-0.15
17.5528,-0.16
17.5556,-0.155
17.5583,-0.15
17.5611,-0.145
17.5639,-0.15
17.5667,-0.155
17.5694,-0.155
17.5722,-0.17
17.575,-0.135
17.5778,-0.125
17.5806,-0.155
17.5833,-0.165
17.5861,-0.16
17.5889,-0.14
17.5917,-0.105
17.5944,-0.11
17.5972,-0.1
17.6,-0.13
17.6028,-0.13
17.6056,-0.125
17.6083,-0.12
17.6111,-0.105
17.6139,-0.12
17.6167,-0.14
17.6194,-0.16
17.6222,-0.135
17.625,-0.125
17.6278,-0.125
17.6306,-0.12
17.6333,-0.145
17.6361,-0.15
17.6389,-0.15
17.6417,-0.14
17.6444,-0.15
17.6472,-0.15
17.65,-0.185
17.6528,-0.185
17.6556,-0.185
17.6583,-0.185
17.6611,-0.165
17.6639,-0.22
17.6667,-0.235
17.6694,-0.24
17.6722,-0.235
17.675,-0.22
17.6778,-0.22
17.6806,-0.225
17.6833,-0.24
17.6861,-0.265
17.6889,-0.25
17.6917,-0.215
17.6944,-0.21
17.6972,-0.225
17.7,-0.255
17.7028,-0.25
17.7056,-0.245
17.7083,-0.24
17.7111,-0.23
17.7139,-0.235
17.7167,-0.25
17.7194,-0.25
17.7222,-0.235
17.725,-0.225
17.7278,-0.22
17.7306,-0.23
17.7333,-0.24
17.7361,-0.24
17.7389,-0.245
17.7417,-0.225
17.7444,-0.215
17.7472,-0.215
17.75,-0.23
17.7528,-0.25
17.7556,-0.24
17.7583,-0.235
17.7611,-0.215
17.7639,-0.215
17.7667,-0.235
17.7694,-0.245
17.7722,-0.235
17.775,-0.23
17.7778,-0.22
17.7806,-0.23
17.7833,-0.25
17.7861,-0.235
17.7889,-0.23
17.7917,-0.225
17.7944,-0.255
17.7972,-0.245
17.8,-0.24
17.8028,-0.235
17.8056,-0.24
17.8083,-0.23
17.8111,-0.225
17.8139,-0.22
17.8167,-0.235
17.8194,-0.245
17.8222,-0.255
17.825,-0.235
17.8278,-0.225
17.8306,-0.22
17.8333,-0.23
17.8361,-0.225
17.8389,-0.205
17.8417,-0.195
17.8444,-0.19
17.8472,-0.18
17.85,-0.2
17.8528,-0.205
17.8556,-0.2
17.8583,-0.19
17.8611,-0.18
17.8639,-0.19
17.8667,-0.2
17.8694,-0.215
17.8722,-0.21
17.875,-0.185
17.8778,-0.18
17.8806,-0.2
17.8833,-0.21
17.8861,-0.205
17.8889,-0.2
17.8917,-0.19
17.8944,-0.19
17.8972,-0.205
17.9,-0.205
17.9028,-0.22
17.9056,-0.215
17.9083,-0.18
17.9111,-0.175
17.9139,-0.18
17.9167,-0.22
17.9194,-0.225
17.9222,-0.21
17.925,-0.185
17.9278,-0.165
17.9306,-0.15
17.9333,-0.18
17.9361,-0.19
17.9389,-0.18
17.9417,-0.155
17.9444,-0.14
17.9472,-0.145
17.95,-0.165
17.9528,-0.19
17.9556,-0.195
17.9583,-0.205
17.9611,-0.21
17.9639,-0.21
17.9667,-0.195
17.9694,-0.175
17.9722,-0.16
17.975,-0.16
17.9778,-0.19
17.9806,-0.225
17.9833,-0.26
17.9861,-0.275
17.9889,-0.26
17.9917,-0.235
17.9944,-0.225
17.9972,-0.235
18.0,-0.24
18.0028,-0.225
18.0056,-0.22
18.0083,-0.225
18.0111,-0.215
18.0139,-0.21
18.0167,-0.225
18.0194,-0.22
18.0222,-0.21
18.025,-0.195
18.0278,-0.185
18.0306,-0.175
18.0333,-0.195
18.0361,-0.185
18.0389,-0.195
18.0417,-0.17
18.0444,-0.165
18.0472,-0.175
18.05,-0.175
18.0528,-0.18
18.0556,-0.16
18.0583,-0.14
18.0611,-0.135
18.0639,-0.14
18.0667,-0.135
18.0694,-0.12
18.0722,-0.105
18.075,-0.05
18.0778,-0.035
18.0806,-0.02
18.0833,-0.01
18.0861,0.01
18.0889,0.035
18.0917,0.07
18.0944,0.07
18.0972,0.075
18.1,0.04
18.1028,0.035
18.1056,0.025
18.1083,0.015
18.1111,-0.005
18.1139,-0.025
18.1167,-0.035
18.1194,-0.04
18.1222,-0.04
18.125,-0.07
18.1278,-0.115
18.1306,-0.145
18.1333,-0.17
18.1361,-0.18
18.1389,-0.2
18.1417,-0.195
18.1444,-0.18
18.1472,-0.19
18.15,-0.21
18.1528,-0.22
18.1556,-0.19
18.1583,-0.19
18.1611,-0.17
18.1639,-0.19
18.1667,-0.2
18.1694,-0.195
18.1722,-0.18
18.175,-0.16
18.1778,-0.145
18.1806,-0.155
18.1833,-0.165
18.1861,-0.18
18.1889,-0.185
18.1917,-0.185
18.1944,-0.21
18.1972,-0.235
18.2,-0.22
18.2028,-0.105
18.2056,0.075
18.2083,0.28
18.2111,0.455
18.2139,0.585
18.2167,0.625
18.2194,0.49
18.2222,0.24
18.225,-0.01
18.2278,-0.195
18.2306,-0.265
18.2333,-0.255
18.2361,-0.23
18.2389,-0.21
18.2417,-0.175
18.2444,-0.175
18.2472,-0.19
18.25,-0.205
18.2528,-0.205
18.2556,-0.205
18.2583,-0.205
18.2611,-0.2
18.2639,-0.195
18.2667,-0.205
18.2694,-0.21
18.2722,-0.2
18.275,-0.16
18.2778,-0.17
18.2806,-0.18
18.2833,-0.19
18.2861,-0.195
18.2889,-0.205
18.2917,-0.165
18.2944,-0.165
18.2972,-0.17
18.3,-0.205
18.3028,-0.21
18.3056,-0.175
18.3083,-0.16
18.3111,-0.15
18.3139,-0.17
18.3167,-0.165
18.3194,-0.165
18.3222,-0.15
18.325,-0.14
18.3278,-0.145
18.3306,-0.14
18.3333,-0.165
18.3361,-0.165
18.3389,-0.165
18.3417,-0.145
18.3444,-0.13
18.3472,-0.15
18.35,-0.155
18.3528,-0.17
18.3556,-0.16
18.3583,-0.15
18.3611,-0.135
18.3639,-0.145
18.3667,-0.155
18.3694,-0.165
18.3722,-0.16
18.375,-0.145
18.3778,-0.13
18.3806,-0.135
18.3833,-0.16
18.3861,-0.16
18.3889,-0.15
18.3917,-0.14
18.3944,-0.135
18.3972,-0.15
18.4,-0.165
18.4028,-0.17
18.4056,-0.165
18.4083,-0.14
18.4111,-0.14
18.4139,-0.135
18.4167,-0.155
18.4194,-0.155
18.4222,-0.155
18.425,-0.15
18.4278,-0.155
18.4306,-0.16
18.4333,-0.18
18.4361,-0.19
18.4389,-0.195
18.4417,-0.185
18.4444,-0.18
18.4472,-0.19
18.45,-0.21
18.4528,-0.215
18.4556,-0.205
18.4583,-0.195
18.4611,-0.195
18.4639,-0.21
18.4667,-0.235
18.4694,-0.235
18.4722,-0.22
18.475,-0.205
18.4778,-0.205
18.4806,-0.23
18.4833,-0.265
18.4861,-0.29
18.4889,-0.28
18.4917,-0.275
18.4944,-0.28
18.4972,-0.305
18.5,-0.335
18.5028,-0.345
18.5056,-0.335
18.5083,-0.34
18.5111,-0.345
18.5139,-0.35
18.5167,-0.375
18.5194,-0.36
18.5222,-0.375
18.525,-0.365
18.5278,-0.375
18.5306,-0.375
18.5333,-0.37
18.5361,-0.37
18.5389,-0.37
18.5417,-0.36
18.5444,-0.38
18.5472,-0.39
18.55,-0.425
18.5528,-0.43
18.5556,-0.42
18.5583,-0.39
18.5611,-0.38
18.5639,-0.39
18.5667,-0.42
18.5694,-0.425
18.5722,-0.44
18.575,-0.43
18.5778,-0.415
18.5806,-0.42
18.5833,-0.435
18.5861,-0.445
18.5889,-0.43
18.5917,-0.425
18.5944,-0.43
18.5972,-0.425
18.6,-0.455
18.6028,-0.46
18.6056,-0.455
18.6083,-0.435
18.6111,-0.425
18.6139,-0.43
18.6167,-0.43
18.6194,-0.435
18.6222,-0.42
18.625,-0.405
18.6278,-0.41
18.6306,-0.42
18.6333,-0.415
18.6361,-0.42
18.6389,-0.415
18.6417,-0.415
18.6444,-0.41
18.6472,-0.42
18.65,-0.43
18.6528,-0.425
18.6556,-0.42
18.6583,-0.405
18.6611,-0.405
18.6639,-0.435
18.6667,-0.44
18.6694,-0.44
18.6722,-0.42
18.675,-0.415
18.6778,-0.41
18.6806,-0.425
18.6833,-0.43
18.6861,-0.425
18.6889,-0.425
18.6917,-0.415
18.6944,-0.42
18.6972,-0.415
18.7,-0.43
18.7028,-0.435
18.7056,-0.415
18.7083,-0.415
18.7111,-0.405
18.7139,-0.42
18.7167,-0.435
18.7194,-0.44
18.7222,-0.445
18.725,-0.425
18.7278,-0.415
18.7306,-0.4
18.7333,-0.405
18.7361,-0.395
18.7389,-0.39
18.7417,-0.395
18.7444,-0.39
18.7472,-0.395
18.75,-0.395
18.7528,-0.39
18.7556,-0.375
18.7583,-0.365
18.7611,-0.37
18.7639,-0.385
18.7667,-0.385
18.7694,-0.395
18.7722,-0.375
18.775,-0.35
18.7778,-0.345
18.7806,-0.335
18.7833,-0.345
18.7861,-0.34
18.7889,-0.33
18.7917,-0.315
18.7944,-0.305
18.7972,-0.32
18.8,-0.315
18.8028,-0.33
18.8056,-0.315
18.8083,-0.31
18.8111,-0.29
18.8139,-0.3
18.8167,-0.315
18.8194,-0.31
18.8222,-0.31
18.825,-0.29
18.8278,-0.285
18.8306,-0.29
18.8333,-0.31
18.8361,-0.295
18.8389,-0.275
18.8417,-0.265
18.8444,-0.255
18.8472,-0.26
18.85,-0.265
18.8528,-0.265
18.8556,-0.27
18.8583,-0.25
18.8611,-0.245
18.8639,-0.25
18.8667,-0.26
18.8694,-0.26
18.8722,-0.24
18.875,-0.235
18.8778,-0.23
18.8806,-0.23
18.8833,-0.24
18.8861,-0.245
18.8889,-0.235
18.8917,-0.225
18.8944,-0.215
18.8972,-0.21
18.9,-0.23
18.9028,-0.225
18.9056,-0.195
18.9083,-0.18
18.9111,-0.17
18.9139,-0.17
18.9167,-0.185
18.9194,-0.19
18.9222,-0.175
18.925,-0.15
18.9278,-0.155
18.9306,-0.16
18.9333,-0.175
18.9361,-0.155
18.9389,-0.14
18.9417,-0.11
18.9444,-0.1
18.9472,-0.095
18.95,-0.11
18.9528,-0.115
18.9556,-0.095
18.9583,-0.085
18.9611,-0.06
18.9639,-0.045
18.9667,-0.045
18.9694,-0.04
18.9722,-0.03
18.975,-0.04
18.9778,-0.04
18.9806,-0.075
18.9833,-0.09
18.9861,-0.105
18.9889,-0.1
18.9917,-0.08
18.9944,-0.07
18.9972,-0.08
19.0,-0.12
19.0028,-0.15
19.0056,-0.15
19.0083,-0.16
19.0111,-0.16
19.0139,-0.165
19.0167,-0.195
19.0194,-0.18
19.0222,-0.17
19.025,-0.155
19.0278,-0.145
19.0306,-0.165
19.0333,-0.175
19.0361,-0.17
19.0389,-0.16
19.0417,-0.145
19.0444,-0.135
19.0472,-0.14
19.05,-0.14
19.0528,-0.145
19.0556,-0.14
19.0583,-0.13
19.0611,-0.12
19.0639,-0.13
19.0667,-0.14
19.0694,-0.155
19.0722,-0.165
19.075,-0.195
19.0778,-0.23
19.0806,-0.2
19.0833,-0.13
19.0861,0.03
19.0889,0.215
19.0917,0.415
19.0944,0.535
19.0972,0.57
19.1,0.465
19.1028,0.235
19.1056,-0.02
19.1083,-0.16
19.1111,-0.25
19.1139,-0.27
19.1167,-0.25
19.1194,-0.2
19.1222,-0.145
19.125,-0.105
19.1278,-0.115
19.1306,-0.125
19.1333,-0.14
19.1361,-0.135
19.1389,-0.125
19.1417,-0.125
19.1444,-0.12
19.1472,-0.12
19.15,-0.12
19.1528,-0.14
19.1556,-0.13
19.1583,-0.105
19.1611,-0.105
19.1639,-0.11
19.1667,-0.11
19.1694,-0.125
19.1722,-0.105
19.175,-0.095
19.1778,-0.095
19.1806,-0.11
19.1833,-0.105
19.1861,-0.115
19.1889,-0.115
19.1917,-0.105
19.1944,-0.09
19.1972,-0.105
19.2,-0.13
19.2028,-0.115
19.2056,-0.09
19.2083,-0.09
19.2111,-0.09
19.2139,-0.09
19.2167,-0.1
19.2194,-0.105
19.2222,-0.105
19.225,-0.075
19.2278,-0.075
19.2306,-0.075
19.2333,-0.095
19.2361,-0.1
19.2389,-0.09
19.2417,-0.08
19.2444,-0.07
19.2472,-0.085
19.25,-0.11
19.2528,-0.1
19.2556,-0.095
19.2583,-0.07
19.2611,-0.055
19.2639,-0.08
19.2667,-0.11
19.2694,-0.095
19.2722,-0.09
19.275,-0.08
19.2778,-0.095
19.2806,-0.095
19.2833,-0.09
19.2861,-0.095
19.2889,-0.09
19.2917,-0.08
19.2944,-0.085
19.2972,-0.095
19.3,-0.125
19.3028,-0.12
19.3056,-0.125
19.3083,-0.105
19.3111,-0.1
19.3139,-0.095
19.3167,-0.115
19.3194,-0.11
19.3222,-0.115
19.325,-0.095
19.3278,-0.095
19.3306,-0.11
19.3333,-0.13
19.3361,-0.145
19.3389,-0.155
19.3417,-0.14
19.3444,-0.14
19.3472,-0.165
19.35,-0.185
19.3528,-0.195
19.3556,-0.175
19.3583,-0.17
19.3611,-0.17
19.3639,-0.18
19.3667,-0.195
19.3694,-0.2
19.3722,-0.205
19.375,-0.19
19.3778,-0.2
19.3806,-0.215
19.3833,-0.225
19.3861,-0.235
19.3889,-0.21
19.3917,-0.2
19.3944,-0.225
19.3972,-0.205
19.4,-0.22
19.4028,-0.225
19.4056,-0.215
19.4083,-0.21
19.4111,-0.19
19.4139,-0.2
19.4167,-0.21
19.4194,-0.21
19.4222,-0.205
19.425,-0.2
19.4278,-0.2
19.4306,-0.2
19.4333,-0.21
19.4361,-0.2
19.4389,-0.19
19.4417,-0.18
19.4444,-0.175
19.4472,-0.19
19.45,-0.205
19.4528,-0.19
19.4556,-0.185
19.4583,-0.175
19.4611,-0.165
19.4639,-0.155
19.4667,-0.165
19.4694,-0.165
19.4722,-0.155
19.475,-0.135
19.4778,-0.12
19.4806,-0.14
19.4833,-0.145
19.4861,-0.14
19.4889,-0.14
19.4917,-0.12
19.4944,-0.12
19.4972,-0.125
19.5,-0.135
19.5028,-0.135
19.5056,-0.115
19.5083,-0.11
19.5111,-0.095
19.5139,-0.105
19.5167,-0.12
19.5194,-0.12
19.5222,-0.095
19.525,-0.09
19.5278,-0.09
19.5306,-0.095
19.5333,-0.115
19.5361,-0.11
19.5389,-0.1
19.5417,-0.075
19.5444,-0.08
19.5472,-0.09
19.55,-0.105
19.5528,-0.11
19.5556,-0.1
19.5583,-0.075
19.5611,-0.07
19.5639,-0.08
19.5667,-0.095
19.5694,-0.105
19.5722,-0.075
19.575,-0.07
19.5778,-0.07
19.5806,-0.06
19.5833,-0.08
19.5861,-0.065
19.5889,-0.065
19.5917,-0.055
19.5944,-0.045
19.5972,-0.065
19.6,-0.07
19.6028,-0.09
19.6056,-0.07
19.6083,-0.045
19.6111,-0.05
19.6139,-0.065
19.6167,-0.08
19.6194,-0.08
19.6222,-0.075
19.625,-0.045
19.6278,-0.035
19.6306,-0.035
19.6333,-0.045
19.6361,-0.06
19.6389,-0.045
19.6417,-0.035
19.6444,-0.035
19.6472,-0.045
19.65,-0.035
19.6528,-0.035
19.6556,-0.01
19.6583,-0.005
19.6611,-0.01
19.6639,-0.04
19.6667,-0.02
19.6694,-0.02
19.6722,0.005
19.675,0.005
19.6778,-0.02
19.6806,-0.025
19.6833,-0.025
19.6861,-0.035
19.6889,-0.015
19.6917,-0.005
19.6944,-0.02
19.6972,-0.03
19.7,-0.025
19.7028,-0.04
19.7056,-0.03
19.7083,-0.03
19.7111,-0.015
19.7139,-0.035
19.7167,-0.035
19.7194,-0.04
19.7222,-0.035
19.725,-0.015
19.7278,-0.015
19.7306,-0.015
19.7333,-0.04
19.7361,-0.03
19.7389,-0.025
19.7417,-0.005
19.7444,0.0
19.7472,0.005
19.75,0.01
19.7528,0.005
19.7556,0.025
19.7583,0.045
19.7611,0.05
19.7639,0.06
19.7667,0.06
19.7694,0.075
19.7722,0.08
19.775,0.12
19.7778,0.16
19.7806,0.18
19.7833,0.205
19.7861,0.215
19.7889,0.23
19.7917,0.245
19.7944,0.25
19.7972,0.235
19.8,0.21
19.8028,0.17
19.8056,0.17
19.8083,0.18
19.8111,0.15
19.8139,0.13
19.8167,0.095
19.8194,0.075
19.8222,0.06
19.825,0.045
19.8278,0.02
19.8306,-0.02
19.8333,-0.035
19.8361,-0.055
19.8389,-0.07
19.8417,-0.055
19.8444,-0.065
19.8472,-0.08
19.85,-0.095
19.8528,-0.105
19.8556,-0.09
19.8583,-0.08
19.8611,-0.08
19.8639,-0.08
19.8667,-0.09
19.8694,-0.09
19.8722,-0.095
19.875,-0.07
19.8778,-0.065
19.8806,-0.075
19.8833,-0.08
19.8861,-0.095
19.8889,-0.08
19.8917,-0.07
19.8944,-0.065
19.8972,-0.105
19.9,-0.12
19.9028,-0.14
19.9056,-0.14
19.9083,-0.08
19.9111,0.015
19.9139,0.155
19.9167,0.31
19.9194,0.445
19.9222,0.59
19.925,0.685
19.9278,0.715
19.9306,0.64
19.9333,0.455
19.9361,0.215
19.9389,0.015
19.9417,-0.11
19.9444,-0.155
19.9472,-0.16
19.95,-0.145
19.9528,-0.13
19.9556,-0.11
19.9583,-0.09
19.9611,-0.095
19.9639,-0.13
19.9667,-0.135
19.9694,-0.14
19.9722,-0.12
19.975,-0.09
19.9778,-0.08
19.9806,-0.095
19.9833,-0.11
19.9861,-0.105
19.9889,-0.105
19.9917,-0.085
19.9944,-0.09
19.9972,-0.105
20.0,-0.115
20.0028,-0.105
20.0056,-0.095
20.0083,-0.095
20.0111,-0.075
20.0139,-0.085
20.0167,-0.095
20.0194,-0.08
20.0222,-0.08
20.025,-0.06
20.0278,-0.07
20.0306,-0.075
20.0333,-0.1
20.0361,-0.095
20.0389,-0.085
20.0417,-0.07
20.0444,-0.075
20.0472,-0.08
20.05,-0.085
20.0528,-0.09
20.0556,-0.085
20.0583,-0.05
20.0611,-0.055
20.0639,-0.07
20.0667,-0.085
20.0694,-0.08
20.0722,-0.07
20.075,-0.05
20.0778,-0.035
20.0806,-0.04
20.0833,-0.06
20.0861,-0.065
20.0889,-0.06
20.0917,-0.06
20.0944,-0.055
20.0972,-0.06
20.1,-0.06
20.1028,-0.06
20.1056,-0.055
20.1083,-0.04
20.1111,-0.035
20.1139,-0.035
20.1167,-0.035
20.1194,-0.055
20.1222,-0.04
20.125,-0.035
20.1278,-0.025
20.1306,-0.035
20.1333,-0.05
20.1361,-0.06
20.1389,-0.05
20.1417,-0.01
20.1444,-0.02
20.1472,-0.03
20.15,-0.035
20.1528,-0.04
20.1556,-0.03
20.1583,-0.01
20.1611,-0.015
20.1639,-0.04
20.1667,-0.04
20.1694,-0.06
20.1722,-0.045
20.175,-0.04
20.1778,-0.04
20.1806,-0.055
20.1833,-0.075
20.1861,-0.08
20.1889,-0.075
20.1917,-0.09
20.1944,-0.085
20.1972,-0.135
20.2,-0.135
20.2028,-0.15
20.2056,-0.145
20.2083,-0.13
20.2111,-0.15
20.2139,-0.165
20.2167,-0.185
20.2194,-0.195
20.2222,-0.175
20.225,-0.165
20.2278,-0.175
20.2306,-0.19
20.2333,-0.2
20.2361,-0.21
20.2389,-0.21
20.2417,-0.205
20.2444,-0.205
20.2472,-0.21
20.25,-0.23
20.2528,-0.22
20.2556,-0.215
20.2583,-0.195
20.2611,-0.195
20.2639,-0.205
20.2667,-0.23
20.2694,-0.22
20.2722,-0.205
20.275,-0.195
20.2778,-0.195
20.2806,-0.205
20.2833,-0.205
20.2861,-0.2
20.2889,-0.195
20.2917,-0.205
20.2944,-0.19
20.2972,-0.18
20.3,-0.205
20.3028,-0.19
20.3056,-0.19
20.3083,-0.185
20.3111,-0.17
20.3139,-0.185
20.3167,-0.195
20.3194,-0.195
20.3222,-0.185
20.325,-0.165
20.3278,-0.15
20.3306,-0.175
20.3333,-0.19
20.3361,-0.185
20.3389,-0.17
20.3417,-0.155
20.3444,-0.14
20.3472,-0.145
20.35,-0.155
20.3528,-0.165
20.3556,-0.145
20.3583,-0.13
20.3611,-0.14
20.3639,-0.15
20.3667,-0.17
20.3694,-0.165
20.3722,-0.14
20.375,-0.145
20.3778,-0.14
20.3806,-0.135
20.3833,-0.135
20.3861,-0.15
20.3889,-0.115
20.3917,-0.11
20.3944,-0.12
20.3972,-0.13
20.4,-0.135
20.4028,-0.12
20.4056,-0.115
20.4083,-0.105
20.4111,-0.105
20.4139,-0.125
20.4167,-0.13
20.4194,-0.125
20.4222,-0.12
20.425,-0.11
20.4278,-0.11
20.4306,-0.12
20.4333,-0.135
20.4361,-0.12
20.4389,-0.11
20.4417,-0.105
20.4444,-0.09
20.4472,-0.09
20.45,-0.105
20.4528,-0.1
20.4556,-0.09
20.4583,-0.095
20.4611,-0.09
20.4639,-0.085
20.4667,-0.11
20.4694,-0.11
20.4722,-0.09
20.475,-0.08
20.4778,-0.095
20.4806,-0.095
20.4833,-0.1
20.4861,-0.11
20.4889,-0.11
20.4917,-0.095
20.4944,-0.1
20.4972,-0.115
20.5,-0.12
20.5028,-0.115
20.5056,-0.105
20.5083,-0.105
20.5111,-0.1
20.5139,-0.11
20.5167,-0.125
20.5194,-0.125
20.5222,-0.11
20.525,-0.115
20.5278,-0.11
20.5306,-0.11
20.5333,-0.12
20.5361,-0.115
20.5389,-0.095
20.5417,-0.095
20.5444,-0.08
20.5472,-0.095
20.55,-0.12
20.5528,-0.11
20.5556,-0.105
20.5583,-0.095
20.5611,-0.09
20.5639,-0.11
20.5667,-0.12
20.5694,-0.12
20.5722,-0.1
20.575,-0.09
20.5778,-0.095
20.5806,-0.105
20.5833,-0.095
20.5861,-0.1
20.5889,-0.105
20.5917,-0.085
20.5944,-0.08
20.5972,-0.09
20.6,-0.105
20.6028,-0.115
20.6056,-0.105
20.6083,-0.085
20.6111,-0.095
20.6139,-0.1
20.6167,-0.11
20.6194,-0.12
20.6222,-0.11
20.625,-0.095
20.6278,-0.09
20.6306,-0.1
20.6333,-0.105
20.6361,-0.105
20.6389,-0.09
20.6417,-0.07
20.6444,-0.07
20.6472,-0.08
20.65,-0.1
20.6528,-0.085
20.6556,-0.075
20.6583,-0.085
20.6611,-0.075
20.6639,-0.1
20.6667,-0.095
20.6694,-0.075
20.6722,-0.05
20.675,-0.045
20.6778,-0.045
20.6806,-0.05
20.6833,-0.07
20.6861,-0.055
20.6889,-0.04
20.6917,-0.025
20.6944,-0.005
20.6972,-0.01
20.7,-0.005
20.7028,-0.005
20.7056,0.005
20.7083,0.035
20.7111,0.035
20.7139,0.015
20.7167,-0.01
20.7194,-0.025
20.7222,-0.02
20.725,-0.03
20.7278,-0.05
20.7306,-0.055
20.7333,-0.06
20.7361,-0.065
20.7389,-0.05
20.7417,-0.045
20.7444,-0.07
20.7472,-0.1
20.75,-0.135
20.7528,-0.135
20.7556,-0.12
20.7583,-0.115
20.7611,-0.125
20.7639,-0.13
20.7667,-0.15
20.7694,-0.16
20.7722,-0.155
20.775,-0.12
20.7778,-0.11
20.7806,-0.11
20.7833,-0.12
20.7861,-0.14
20.7889,-0.115
20.7917,-0.095
20.7944,-0.09
20.7972,-0.09
20.8,-0.115
20.8028,-0.11
20.8056,-0.09
20.8083,-0.095
20.8111,-0.105
20.8139,-0.125
20.8167,-0.165
20.8194,-0.16
20.8222,-0.12
20.825,-0.005
20.8278,0.125
20.8306,0.27
20.8333,0.375
20.8361,0.485
20.8389,0.59
20.8417,0.63
20.8444,0.575
20.8472,0.405
20.85,0.175
20.8528,-0.02
20.8556,-0.13
20.8583,-0.16
20.8611,-0.155
20.8639,-0.145
20.8667,-0.13
20.8694,-0.125
20.8722,-0.115
20.875,-0.11
20.8778,-0.135
20.8806,-0.13
20.8833,-0.155
20.8861,-0.135
20.8889,-0.135
20.8917,-0.1
20.8944,-0.1
20.8972,-0.115
20.9,-0.125
20.9028,-0.115
20.9056,-0.11
20.9083,-0.08
20.9111,-0.09
20.9139,-0.1
20.9167,-0.11
20.9194,-0.115
20.9222,-0.1
20.925,-0.085
20.9278,-0.085
20.9306,-0.09
20.9333,-0.11
20.9361,-0.125
20.9389,-0.11
20.9417,-0.095
20.9444,-0.1
20.9472,-0.105
20.95,-0.115
20.9528,-0.11
20.9556,-0.095
20.9583,-0.08
20.9611,-0.07
20.9639,-0.1
20.9667,-0.105
20.9694,-0.11
20.9722,-0.105
20.975,-0.095
20.9778,-0.09
20.9806,-0.105
20.9833,-0.11
20.9861,-0.1
20.9889,-0.09
20.9917,-0.09
20.9944,-0.095
20.9972,-0.1
21.0,-0.115
21.0028,-0.11
21.0056,-0.105
21.0083,-0.09
21.0111,-0.09
21.0139,-0.105
21.0167,-0.11
21.0194,-0.105
21.0222,-0.09
21.025,-0.075
21.0278,-0.08
21.0306,-0.11
21.0333,-0.11
21.0361,-0.115
21.0389,-0.11
21.0417,-0.085
21.0444,-0.07
21.0472,-0.085
21.05,-0.085
21.0528,-0.08
21.0556,-0.085
21.0583,-0.075
21.0611,-0.09
21.0639,-0.095
21.0667,-0.115
21.0694,-0.12
21.0722,-0.125
21.075,-0.12
21.0778,-0.125
21.0806,-0.13
21.0833,-0.145
21.0861,-0.14
21.0889,-0.14
21.0917,-0.14
21.0944,-0.15
21.0972,-0.17
21.1,-0.19
21.1028,-0.205
21.1056,-0.215
21.1083,-0.215
21.1111,-0.225
21.1139,-0.24
21.1167,-0.245
21.1194,-0.245
21.1222,-0.225
21.125,-0.22
21.1278,-0.235
21.1306,-0.255
21.1333,-0.275
21.1361,-0.265
21.1389,-0.255
21.1417,-0.245
21.1444,-0.25
21.1472,-0.27
21.15,-0.295
21.1528,-0.275
21.1556,-0.27
21.1583,-0.275
21.1611,-0.265
21.1639,-0.265
21.1667,-0.305
21.1694,-0.29
21.1722,-0.27
21.175,-0.265
21.1778,-0.28
21.1806,-0.29
21.1833,-0.305
21.1861,-0.29
21.1889,-0.285
21.1917,-0.26
21.1944,-0.26
21.1972,-0.275
21.2,-0.275
21.2028,-0.28
21.2056,-0.275
21.2083,-0.255
21.2111,-0.25
21.2139,-0.255
21.2167,-0.265
21.2194,-0.265
21.2222,-0.265
21.225,-0.24
21.2278,-0.26
21.2306,-0.24
21.2333,-0.25
21.2361,-0.26
21.2389,-0.25
21.2417,-0.215
21.2444,-0.22
21.2472,-0.22
21.25,-0.24
21.2528,-0.245
21.2556,-0.235
21.2583,-0.24
21.2611,-0.23
21.2639,-0.235
21.2667,-0.23
21.2694,-0.23
21.2722,-0.21
21.275,-0.205
21.2778,-0.205
21.2806,-0.22
21.2833,-0.235
21.2861,-0.24
21.2889,-0.215
21.2917,-0.2
21.2944,-0.225
21.2972,-0.225
21.3,-0.225
21.3028,-0.23
21.3056,-0.225
21.3083,-0.21
21.3111,-0.205
21.3139,-0.22
21.3167,-0.23
21.3194,-0.225
21.3222,-0.21
21.325,-0.2
21.3278,-0.2
21.3306,-0.225
21.3333,-0.24
21.3361,-0.25
21.3389,-0.235
21.3417,-0.205
21.3444,-0.2
21.3472,-0.21
21.35,-0.22
21.3528,-0.21
21.3556,-0.22
21.3583,-0.205
21.3611,-0.2
21.3639,-0.2
21.3667,-0.22
21.3694,-0.22
21.3722,-0.195
21.375,-0.185
21.3778,-0.2
21.3806,-0.22
21.3833,-0.225
21.3861,-0.22
21.3889,-0.2
21.3917,-0.19
21.3944,-0.195
21.3972,-0.215
21.4,-0.22
21.4028,-0.205
21.4056,-0.2
21.4083,-0.18
21.4111,-0.185
21.4139,-0.195
21.4167,-0.195
21.4194,-0.195
21.4222,-0.18
21.425,-0.18
21.4278,-0.17
21.4306,-0.185
21.4333,-0.19
21.4361,-0.185
21.4389,-0.16
21.4417,-0.145
21.4444,-0.125
21.4472,-0.12
21.45,-0.115
21.4528,-0.11
21.4556,-0.085
21.4583,-0.065
21.4611,-0.04
21.4639,-0.035
21.4667,-0.005
21.4694,0.035
21.4722,0.065
21.475,0.08
21.4778,0.065
21.4806,0.055
21.4833,0.04
21.4861,0.025
21.4889,0.005
21.4917,0.0
21.4944,-0.005
21.4972,-0.03
21.5,-0.045
21.5028,-0.08
21.5056,-0.085
21.5083,-0.1
21.5111,-0.125
21.5139,-0.165
21.5167,-0.2
21.5194,-0.23
21.5222,-0.21
21.525,-0.21
21.5278,-0.21
21.5306,-0.215
21.5333,-0.225
21.5361,-0.215
21.5389,-0.21
21.5417,-0.205
21.5444,-0.2
21.5472,-0.205
21.55,-0.215
21.5528,-0.21
21.5556,-0.195
21.5583,-0.195
21.5611,-0.2
21.5639,-0.195
21.5667,-0.19
21.5694,-0.19
21.5722,-0.195
21.575,-0.185
21.5778,-0.195
21.5806,-0.235
21.5833,-0.27
21.5861,-0.295
21.5889,-0.275
21.5917,-0.19
21.5944,-0.05
21.5972,0.08
21.6,0.21
21.6028,0.335
21.6056,0.415
21.6083,0.42
21.6111,0.295
21.6139,0.06
21.6167,-0.185
21.6194,-0.325
21.6222,-0.335
21.625,-0.31
21.6278,-0.24
21.6306,-0.21
21.6333,-0.185
21.6361,-0.2
21.6389,-0.185
21.6417,-0.185
21.6444,-0.185
21.6472,-0.195
21.65,-0.22
21.6528,-0.21
21.6556,-0.205
21.6583,-0.185
21.6611,-0.185
21.6639,-0.195
21.6667,-0.215
21.6694,-0.195
21.6722,-0.185
21.675,-0.16
21.6778,-0.165
21.6806,-0.175
21.6833,-0.18
21.6861,-0.175
21.6889,-0.165
21.6917,-0.155
21.6944,-0.16
21.6972,-0.17
21.7,-0.18
21.7028,-0.195
21.7056,-0.165
21.7083,-0.15
21.7111,-0.165
21.7139,-0.15
21.7167,-0.17
21.7194,-0.16
21.7222,-0.15
21.725,-0.135
21.7278,-0.135
21.7306,-0.155
21.7333,-0.15
21.7361,-0.15
21.7389,-0.14
21.7417,-0.125
21.7444,-0.135
21.7472,-0.14
21.75,-0.155
21.7528,-0.145
21.7556,-0.13
21.7583,-0.115
21.7611,-0.115
21.7639,-0.14
21.7667,-0.15
21.7694,-0.15
21.7722,-0.13
21.775,-0.115
21.7778,-0.115
21.7806,-0.125
21.7833,-0.13
21.7861,-0.13
21.7889,-0.14
21.7917,-0.125
21.7944,-0.12
21.7972,-0.125
21.8,-0.135
21.8028,-0.125
21.8056,-0.115
21.8083,-0.125
21.8111,-0.115
21.8139,-0.115
21.8167,-0.13
21.8194,-0.125
21.8222,-0.13
21.825,-0.13
21.8278,-0.135
21.8306,-0.145
21.8333,-0.14
21.8361,-0.15
21.8389,-0.17
21.8417,-0.185
21.8444,-0.175
21.8472,-0.18
21.85,-0.2
21.8528,-0.195
21.8556,-0.185
21.8583,-0.185
21.8611,-0.195
21.8639,-0.2
21.8667,-0.235
21.8694,-0.24
21.8722,-0.23
21.875,-0.23
21.8778,-0.23
21.8806,-0.27
21.8833,-0.265
21.8861,-0.27
21.8889,-0.265
21.8917,-0.245
21.8944,-0.255
21.8972,-0.255
21.9,-0.265
21.9028,-0.285
21.9056,-0.28
21.9083,-0.26
21.9111,-0.255
21.9139,-0.255
21.9167,-0.295
21.9194,-0.28
21.9222,-0.275
21.925,-0.26
21.9278,-0.27
21.9306,-0.29
21.9333,-0.3
21.9361,-0.295
21.9389,-0.28
21.9417,-0.29
21.9444,-0.29
21.9472,-0.27
21.95,-0.295
21.9528,-0.3
21.9556,-0.28
21.9583,-0.275
21.9611,-0.255
21.9639,-0.26
21.9667,-0.27
21.9694,-0.275
21.9722,-0.26
21.975,-0.26
21.9778,-0.255
21.9806,-0.27
21.9833,-0.27
21.9861,-0.27
21.9889,-0.255
21.9917,-0.25
21.9944,-0.26
21.9972,-0.26
22.0,-0.275
22.0028,-0.275
22.0056,-0.265
22.0083,-0.25
22.0111,-0.245
22.0139,-0.255
22.0167,-0.265
22.0194,-0.275
22.0222,-0.265
22.025,-0.25
22.0278,-0.24
22.0306,-0.25
22.0333,-0.255
22.0361,-0.275
22.0389,-0.245
22.0417,-0.245
22.0444,-0.24
22.0472,-0.25
22.05,-0.27
22.0528,-0.26
22.0556,-0.255
22.0583,-0.255
22.0611,-0.235
22.0639,-0.235
22.0667,-0.26
22.0694,-0.255
22.0722,-0.26
22.075,-0.235
22.0778,-0.255
22.0806,-0.24
22.0833,-0.255
22.0861,-0.27
22.0889,-0.26
22.0917,-0.265
22.0944,-0.265
22.0972,-0.27
22.1,-0.27
22.1028,-0.26
22.1056,-0.255
22.1083,-0.235
22.1111,-0.255
22.1139,-0.265
22.1167,-0.27
22.1194,-0.26
22.1222,-0.255
22.125,-0.245
22.1278,-0.255
22.1306,-0.26
22.1333,-0.265
22.1361,-0.275
22.1389,-0.25
22.1417,-0.24
22.1444,-0.24
22.1472,-0.255
22.15,-0.255
22.1528,-0.275
22.1556,-0.255
22.1583,-0.24
22.1611,-0.235
22.1639,-0.255
22.1667,-0.26
22.1694,-0.275
22.1722,-0.26
22.175,-0.265
22.1778,-0.27
22.1806,-0.275
22.1833,-0.28
22.1861,-0.285
22.1889,-0.27
22.1917,-0.26
22.1944,-0.255
22.1972,-0.255
22.2,-0.275
22.2028,-0.255
22.2056,-0.255
22.2083,-0.245
22.2111,-0.255
22.2139,-0.265
22.2167,-0.27
22.2194,-0.265
22.2222,-0.27
22.225,-0.26
22.2278,-0.26
22.2306,-0.27
22.2333,-0.28
22.2361,-0.275
22.2389,-0.25
22.2417,-0.255
22.2444,-0.235
22.2472,-0.26
22.25,-0.275
22.2528,-0.275
22.2556,-0.26
22.2583,-0.25
22.2611,-0.245
22.2639,-0.255
22.2667,-0.275
22.2694,-0.285
22.2722,-0.26
22.275,-0.26
22.2778,-0.24
22.2806,-0.275
22.2833,-0.305
22.2861,-0.285
22.2889,-0.275
22.2917,-0.26
22.2944,-0.265
22.2972,-0.28
22.3,-0.285
22.3028,-0.27
22.3056,-0.26
22.3083,-0.255
22.3111,-0.27
22.3139,-0.27
22.3167,-0.275
22.3194,-0.275
22.3222,-0.265
22.325,-0.265
22.3278,-0.285
22.3306,-0.285
22.3333,-0.295
22.3361,-0.285
22.3389,-0.27
22.3417,-0.26
22.3444,-0.25
22.3472,-0.26
22.35,-0.26
22.3528,-0.25
22.3556,-0.255
22.3583,-0.245
22.3611,-0.235
22.3639,-0.255
22.3667,-0.255
22.3694,-0.235
22.3722,-0.215
22.375,-0.185
22.3778,-0.18
22.3806,-0.18
22.3833,-0.16
22.3861,-0.15
22.3889,-0.13
22.3917,-0.125
22.3944,-0.145
22.3972,-0.17
22.4,-0.2
22.4028,-0.22
22.4056,-0.23
22.4083,-0.22
22.4111,-0.225
22.4139,-0.24
22.4167,-0.255
22.4194,-0.27
22.4222,-0.3
22.425,-0.33
22.4278,-0.335
22.4306,-0.345
22.4333,-0.365
22.4361,-0.355
22.4389,-0.365
22.4417,-0.34
22.4444,-0.335
22.4472,-0.335
22.45,-0.36
22.4528,-0.365
22.4556,-0.35
22.4583,-0.34
22.4611,-0.355
22.4639,-0.36
22.4667,-0.375
22.4694,-0.345
22.4722,-0.335
22.475,-0.325
22.4778,-0.32
22.4806,-0.325
22.4833,-0.31
22.4861,-0.315
22.4889,-0.33
22.4917,-0.35
22.4944,-0.42
22.4972,-0.455
22.5,-0.465
22.5028,-0.39
22.5056,-0.24
22.5083,-0.075
22.5111,0.115
22.5139,0.225
22.5167,0.235
22.5194,0.055
22.5222,-0.2
22.525,-0.43
22.5278,-0.565
22.5306,-0.56
22.5333,-0.485
22.5361,-0.39
22.5389,-0.32
22.5417,-0.275
22.5444,-0.29
22.5472,-0.325
22.55,-0.35
22.5528,-0.355
22.5556,-0.345
22.5583,-0.32
22.5611,-0.33
22.5639,-0.33
22.5667,-0.35
22.5694,-0.35
22.5722,-0.33
22.575,-0.32
22.5778,-0.315
22.5806,-0.33
22.5833,-0.345
22.5861,-0.345
22.5889,-0.33
22.5917,-0.315
22.5944,-0.31
22.5972,-0.32
22.6,-0.335
22.6028,-0.335
22.6056,-0.315
22.6083,-0.3
22.6111,-0.29
22.6139,-0.29
22.6167,-0.305
22.6194,-0.33
22.6222,-0.34
22.625,-0.315
22.6278,-0.32
22.6306,-0.34
22.6333,-0.34
22.6361,-0.34
22.6389,-0.32
22.6417,-0.31
22.6444,-0.315
22.6472,-0.32
22.65,-0.31
22.6528,-0.32
22.6556,-0.3
22.6583,-0.3
22.6611,-0.295
22.6639,-0.295
22.6667,-0.305
22.6694,-0.315
22.6722,-0.29
22.675,-0.29
22.6778,-0.31
22.6806,-0.315
22.6833,-0.33
22.6861,-0.32
22.6889,-0.295
22.6917,-0.295
22.6944,-0.29
22.6972,-0.305
22.7,-0.325
22.7028,-0.325
22.7056,-0.31
22.7083,-0.3
22.7111,-0.3
22.7139,-0.305
22.7167,-0.32
22.7194,-0.315
22.7222,-0.32
22.725,-0.315
22.7278,-0.31
22.7306,-0.33
22.7333,-0.345
22.7361,-0.34
22.7389,-0.33
22.7417,-0.34
22.7444,-0.335
22.7472,-0.345
22.75,-0.365
22.7528,-0.375
22.7556,-0.375
22.7583,-0.375
22.7611,-0.385
22.7639,-0.385
22.7667,-0.4
22.7694,-0.41
22.7722,-0.415
22.775,-0.405
22.7778,-0.415
22.7806,-0.445
22.7833,-0.45
22.7861,-0.455
22.7889,-0.44
22.7917,-0.43
22.7944,-0.45
22.7972,-0.45
22.8,-0.46
22.8028,-0.47
22.8056,-0.46
22.8083,-0.445
22.8111,-0.44
22.8139,-0.45
22.8167,-0.455
22.8194,-0.47
22.8222,-0.46
22.825,-0.45
22.8278,-0.455
22.8306,-0.46
22.8333,-0.47
22.8361,-0.465
22.8389,-0.45
22.8417,-0.445
22.8444,-0.43
22.8472,-0.445
22.85,-0.455
22.8528,-0.44
22.8556,-0.43
22.8583,-0.415
22.8611,-0.415
22.8639,-0.42
22.8667,-0.42
22.8694,-0.425
22.8722,-0.43
22.875,-0.395
22.8778,-0.395
22.8806,-0.38
22.8833,-0.405
22.8861,-0.41
22.8889,-0.4
22.8917,-0.365
22.8944,-0.36
22.8972,-0.375
22.9,-0.365
22.9028,-0.37
22.9056,-0.36
22.9083,-0.33
22.9111,-0.335
22.9139,-0.335
22.9167,-0.335
22.9194,-0.34
22.9222,-0.32
22.925,-0.32
22.9278,-0.315
22.9306,-0.335
22.9333,-0.355
22.9361,-0.345
22.9389,-0.315
22.9417,-0.315
22.9444,-0.295
22.9472,-0.31
22.95,-0.32
22.9528,-0.31
22.9556,-0.3
22.9583,-0.275
22.9611,-0.28
22.9639,-0.29
22.9667,-0.31
22.9694,-0.305
22.9722,-0.295
22.975,-0.26
22.9778,-0.255
22.9806,-0.26
22.9833,-0.29
22.9861,-0.29
22.9889,-0.285
22.9917,-0.28
22.9944,-0.26
22.9972,-0.265
23.0,-0.27
23.0028,-0.275
23.0056,-0.255
23.0083,-0.24
23.0111,-0.245
23.0139,-0.24
23.0167,-0.255
23.0194,-0.25
23.0222,-0.24
23.025,-0.24
23.0278,-0.235
23.0306,-0.245
23.0333,-0.245
23.0361,-0.245
23.0389,-0.225
23.0417,-0.215
23.0444,-0.21
23.0472,-0.23
23.05,-0.235
23.0528,-0.245
23.0556,-0.22
23.0583,-0.205
23.0611,-0.21
23.0639,-0.215
23.0667,-0.22
23.0694,-0.2
23.0722,-0.185
23.075,-0.19
23.0778,-0.195
23.0806,-0.21
23.0833,-0.205
23.0861,-0.205
23.0889,-0.195
23.0917,-0.175
23.0944,-0.19
23.0972,-0.2
23.1,-0.205
23.1028,-0.205
23.1056,-0.195
23.1083,-0.17
23.1111,-0.155
23.1139,-0.165
23.1167,-0.185
23.1194,-0.18
23.1222,-0.16
23.125,-0.155
23.1278,-0.14
23.1306,-0.155
23.1333,-0.18
23.1361,-0.17
23.1389,-0.14
23.1417,-0.12
23.1444,-0.105
23.1472,-0.11
23.15,-0.12
23.1528,-0.09
23.1556,-0.06
23.1583,-0.045
23.1611,-0.035
23.1639,-0.02
23.1667,-0.005
23.1694,0.0
23.1722,0.025
23.175,0.075
23.1778,0.105
23.1806,0.11
23.1833,0.11
23.1861,0.095
23.1889,0.12
23.1917,0.125
23.1944,0.12
23.1972,0.07
23.2,0.045
23.2028,0.03
23.2056,0.035
23.2083,0.04
23.2111,0.005
23.2139,-0.045
23.2167,-0.1
23.2194,-0.125
23.2222,-0.13
23.225,-0.135
23.2278,-0.155
23.2306,-0.165
23.2333,-0.175
23.2361,-0.165
23.2389,-0.155
23.2417,-0.145
23.2444,-0.155
23.2472,-0.17
23.25,-0.185
23.2528,-0.18
23.2556,-0.165
23.2583,-0.15
23.2611,-0.16
23.2639,-0.16
23.2667,-0.15
23.2694,-0.155
23.2722,-0.135
23.275,-0.135
23.2778,-0.135
23.2806,-0.18
23.2833,-0.225
23.2861,-0.26
23.2889,-0.235
23.2917,-0.11
23.2944,0.03
23.2972,0.2
23.3,0.385
23.3028,0.58
23.3056,0.755
23.3083,0.785
23.3111,0.64
23.3139,0.325
23.3167,0.015
23.3194,-0.14
23.3222,-0.185
23.325,-0.175
23.3278,-0.12
23.3306,-0.11
23.3333,-0.125
23.3361,-0.125
23.3389,-0.135
23.3417,-0.125
23.3444,-0.135
23.3472,-0.16
23.35,-0.15
23.3528,-0.15
23.3556,-0.135
23.3583,-0.125
23.3611,-0.12
23.3639,-0.135
23.3667,-0.14
23.3694,-0.135
23.3722,-0.125
23.375,-0.115
23.3778,-0.12
23.3806,-0.12
23.3833,-0.12
23.3861,-0.125
23.3889,-0.12
23.3917,-0.11
23.3944,-0.11
23.3972,-0.13
23.4,-0.115
23.4028,-0.12
23.4056,-0.095
23.4083,-0.075
23.4111,-0.095
23.4139,-0.1
23.4167,-0.105
23.4194,-0.09
23.4222,-0.065
23.425,-0.055
23.4278,-0.065
23.4306,-0.08
23.4333,-0.105
23.4361,-0.095
23.4389,-0.095
23.4417,-0.09
23.4444,-0.105
23.4472,-0.1
23.45,-0.105
23.4528,-0.105
23.4556,-0.095
23.4583,-0.09
23.4611,-0.085
23.4639,-0.1
23.4667,-0.11
23.4694,-0.11
23.4722,-0.075
23.475,-0.065
23.4778,-0.075
23.4806,-0.085
23.4833,-0.095
23.4861,-0.1
23.4889,-0.08
23.4917,-0.065
23.4944,-0.07
23.4972,-0.08
23.5,-0.085
23.5028,-0.095
23.5056,-0.085
23.5083,-0.07
23.5111,-0.08
23.5139,-0.1
23.5167,-0.095
23.5194,-0.11
23.5222,-0.1
23.525,-0.08
23.5278,-0.08
23.5306,-0.09
23.5333,-0.115
23.5361,-0.12
23.5389,-0.135
23.5417,-0.115
23.5444,-0.125
23.5472,-0.14
23.55,-0.17
23.5528,-0.16
23.5556,-0.175
23.5583,-0.16
23.5611,-0.17
23.5639,-0.19
23.5667,-0.205
23.5694,-0.205
23.5722,-0.195
23.575,-0.19
23.5778,-0.19
23.5806,-0.2
23.5833,-0.205
23.5861,-0.205
23.5889,-0.18
23.5917,-0.17
23.5944,-0.17
23.5972,-0.195
23.6,-0.195
23.6028,-0.195
23.6056,-0.185
23.6083,-0.155
23.6111,-0.16
23.6139,-0.18
23.6167,-0.165
23.6194,-0.16
23.6222,-0.15
23.625,-0.135
23.6278,-0.135
23.6306,-0.15
23.6333,-0.165
23.6361,-0.17
23.6389,-0.15
23.6417,-0.14
23.6444,-0.14
23.6472,-0.14
23.65,-0.14
23.6528,-0.145
23.6556,-0.13
23.6583,-0.105
23.6611,-0.115
23.6639,-0.12
23.6667,-0.155
23.6694,-0.13
23.6722,-0.12
23.675,-0.11
23.6778,-0.11
23.6806,-0.13
23.6833,-0.13
23.6861,-0.125
23.6889,-0.105
23.6917,-0.075
23.6944,-0.09
23.6972,-0.1
23.7,-0.115
23.7028,-0.11
23.7056,-0.09
23.7083,-0.075
23.7111,-0.075
23.7139,-0.08
23.7167,-0.115
23.7194,-0.11
23.7222,-0.08
23.725,-0.07
23.7278,-0.055
23.7306,-0.075
23.7333,-0.09
23.7361,-0.07
23.7389,-0.06
23.7417,-0.045
23.7444,-0.065
23.7472,-0.075
23.75,-0.09
23.7528,-0.08
23.7556,-0.08
23.7583,-0.045
23.7611,-0.055
23.7639,-0.07
23.7667,-0.085
23.7694,-0.075
23.7722,-0.065
23.775,-0.045
23.7778,-0.045
23.7806,-0.065
23.7833,-0.06
23.7861,-0.075
23.7889,-0.065
23.7917,-0.045
23.7944,-0.05
23.7972,-0.06
23.8,-0.075
23.8028,-0.08
23.8056,-0.055
23.8083,-0.035
23.8111,-0.04
23.8139,-0.08
23.8167,-0.08
23.8194,-0.075
23.8222,-0.055
23.825,-0.035
23.8278,-0.03
23.8306,-0.055
23.8333,-0.065
23.8361,-0.065
23.8389,-0.05
23.8417,-0.03
23.8444,-0.03
23.8472,-0.045
23.85,-0.055
23.8528,-0.06
23.8556,-0.04
23.8583,-0.035
23.8611,-0.025
23.8639,-0.04
23.8667,-0.045
23.8694,-0.065
23.8722,-0.06
23.875,-0.035
23.8778,-0.03
23.8806,-0.04
23.8833,-0.035
23.8861,-0.04
23.8889,-0.04
23.8917,-0.025
23.8944,-0.035
23.8972,-0.025
23.9,-0.03
23.9028,-0.025
23.9056,-0.015
23.9083,0.01
23.9111,0.015
23.9139,0.015
23.9167,0.01
23.9194,0.03
23.9222,0.035
23.925,0.075
23.9278,0.075
23.9306,0.095
23.9333,0.11
23.9361,0.15
23.9389,0.21
23.9417,0.245
23.9444,0.26
23.9472,0.245
23.95,0.225
23.9528,0.215
23.9556,0.2
23.9583,0.19
23.9611,0.155
23.9639,0.125
23.9667,0.115
23.9694,0.115
23.9722,0.11
23.975,0.105
23.9778,0.04
23.9806,0.005
23.9833,-0.035
23.9861,-0.05
23.9889,-0.06
23.9917,-0.065
23.9944,-0.06
23.9972,-0.08
24.0,-0.105
24.0028,-0.09
24.0056,-0.075
24.0083,-0.06
24.0111,-0.07
24.0139,-0.085
24.0167,-0.095
24.0194,-0.1
24.0222,-0.07
24.025,-0.055
24.0278,-0.045
24.0306,-0.07
24.0333,-0.075
24.0361,-0.08
24.0389,-0.065
24.0417,-0.06
24.0444,-0.04
24.0472,-0.06
24.05,-0.105
24.0528,-0.135
24.0556,-0.105
24.0583,-0.01
24.0611,0.145
24.0639,0.35
24.0667,0.55
24.0694,0.735
24.0722,0.82
24.075,0.75
24.0778,0.485
24.0806,0.17
24.0833,-0.07
24.0861,-0.18
24.0889,-0.19
24.0917,-0.155
24.0944,-0.09
24.0972,-0.075
24.1,-0.09
24.1028,-0.08
24.1056,-0.075
24.1083,-0.075
24.1111,-0.08
24.1139,-0.095
24.1167,-0.105
24.1194,-0.1
24.1222,-0.07
24.125,-0.06
24.1278,-0.065
24.1306,-0.08
24.1333,-0.085
24.1361,-0.085
24.1389,-0.065
24.1417,-0.055
24.1444,-0.04
24.1472,-0.055
24.15,-0.065
24.1528,-0.055
24.1556,-0.06
24.1583,-0.055
24.1611,-0.06
24.1639,-0.07
24.1667,-0.08
24.1694,-0.09
24.1722,-0.075
24.175,-0.045
24.1778,-0.045
24.1806,-0.06
24.1833,-0.06
24.1861,-0.065
24.1889,-0.05
24.1917,-0.03
24.1944,-0.045
24.1972,-0.055
24.2,-0.065
24.2028,-0.085
24.2056,-0.06
24.2083,-0.035
24.2111,-0.04
24.2139,-0.055
24.2167,-0.07
24.2194,-0.08
24.2222,-0.065
24.225,-0.045
24.2278,-0.06
24.2306,-0.08
24.2333,-0.085
24.2361,-0.085
24.2389,-0.07
24.2417,-0.04
24.2444,-0.06
24.2472,-0.065
24.25,-0.075
24.2528,-0.075
24.2556,-0.055
24.2583,-0.05
24.2611,-0.055
24.2639,-0.075
24.2667,-0.085
24.2694,-0.085
24.2722,-0.085
24.275,-0.055
24.2778,-0.07
24.2806,-0.075
24.2833,-0.105
24.2861,-0.11
24.2889,-0.09
24.2917,-0.085
24.2944,-0.1
24.2972,-0.12
24.3,-0.145
24.3028,-0.125
24.3056,-0.12
24.3083,-0.135
24.3111,-0.14
24.3139,-0.145
24.3167,-0.155
24.3194,-0.165
24.3222,-0.18
24.325,-0.18
24.3278,-0.19
24.3306,-0.205
24.3333,-0.22
24.3361,-0.22
24.3389,-0.21
24.3417,-0.21
24.3444,-0.22
24.3472,-0.22
24.35,-0.24
24.3528,-0.24
24.3556,-0.225
24.3583,-0.22
24.3611,-0.245
24.3639,-0.26
24.3667,-0.275
24.3694,-0.265
24.3722,-0.25
24.375,-0.24
24.3778,-0.245
24.3806,-0.245
24.3833,-0.255
24.3861,-0.25
24.3889,-0.23
24.3917,-0.22
24.3944,-0.235
24.3972,-0.24
24.4,-0.255
24.4028,-0.25
24.4056,-0.25
24.4083,-0.23
24.4111,-0.23
24.4139,-0.24
24.4167,-0.26
24.4194,-0.255
24.4222,-0.245
24.425,-0.21
24.4278,-0.225
24.4306,-0.225
24.4333,-0.25
24.4361,-0.25
24.4389,-0.23
24.4417,-0.205
24.4444,-0.2
24.4472,-0.215
24.45,-0.215
24.4528,-0.215
24.4556,-0.205
24.4583,-0.19
24.4611,-0.2
24.4639,-0.21
24.4667,-0.215
24.4694,-0.235
24.4722,-0.22
24.475,-0.215
24.4778,-0.23
24.4806,-0.22
24.4833,-0.235
24.4861,-0.23
24.4889,-0.215
24.4917,-0.205
24.4944,-0.21
24.4972,-0.225
24.5,-0.225
24.5028,-0.22
24.5056,-0.22
24.5083,-0.205
24.5111,-0.225
24.5139,-0.22
24.5167,-0.225
24.5194,-0.225
24.5222,-0.215
24.525,-0.2
24.5278,-0.205
24.5306,-0.22
24.5333,-0.23
24.5361,-0.23
24.5389,-0.21
24.5417,-0.205
24.5444,-0.205
24.5472,-0.225
24.55,-0.235
24.5528,-0.23
24.5556,-0.215
24.5583,-0.21
24.5611,-0.215
24.5639,-0.22
24.5667,-0.235
24.5694,-0.24
24.5722,-0.23
24.575,-0.215
24.5778,-0.225
24.5806,-0.22
24.5833,-0.21
24.5861,-0.22
24.5889,-0.215
24.5917,-0.2
24.5944,-0.215
24.5972,-0.225
24.6,-0.24
24.6028,-0.235
24.6056,-0.22
24.6083,-0.205
24.6111,-0.205
24.6139,-0.215
24.6167,-0.215
24.6194,-0.235
24.6222,-0.235
24.625,-0.225
24.6278,-0.23
24.6306,-0.24
24.6333,-0.25
24.6361,-0.25
24.6389,-0.24
24.6417,-0.21
24.6444,-0.2
24.6472,-0.205
24.65,-0.21
24.6528,-0.23
24.6556,-0.22
24.6583,-0.2
24.6611,-0.21
24.6639,-0.23
24.6667,-0.255
24.6694,-0.255
24.6722,-0.225
24.675,-0.215
24.6778,-0.205
24.6806,-0.225
24.6833,-0.24
24.6861,-0.265
24.6889,-0.265
24.6917,-0.245
24.6944,-0.23
24.6972,-0.24
24.7,-0.23
24.7028,-0.25
24.7056,-0.215
24.7083,-0.205
24.7111,-0.21
24.7139,-0.22
24.7167,-0.23
24.7194,-0.23
24.7222,-0.23
24.725,-0.23
24.7278,-0.25
24.7306,-0.25
24.7333,-0.26
24.7361,-0.265
24.7389,-0.24
24.7417,-0.21
24.7444,-0.22
24.7472,-0.225
24.75,-0.24
24.7528,-0.245
24.7556,-0.235
24.7583,-0.23
24.7611,-0.23
24.7639,-0.225
24.7667,-0.23
24.7694,-0.23
24.7722,-0.21
24.775,-0.2
24.7778,-0.21
24.7806,-0.22
24.7833,-0.23
24.7861,-0.215
24.7889,-0.195
24.7917,-0.185
24.7944,-0.19
24.7972,-0.195
24.8,-0.19
24.8028,-0.18
24.8056,-0.15
24.8083,-0.13
24.8111,-0.11
24.8139,-0.11
24.8167,-0.12
24.8194,-0.12
24.8222,-0.135
24.825,-0.135
24.8278,-0.15
24.8306,-0.185
24.8333,-0.2
24.8361,-0.2
24.8389,-0.19
24.8417,-0.18
24.8444,-0.19
24.8472,-0.21
24.85,-0.23
24.8528,-0.24
24.8556,-0.24
24.8583,-0.24
24.8611,-0.265
24.8639,-0.28
24.8667,-0.29
24.8694,-0.295
24.8722,-0.285
24.875,-0.27
24.8778,-0.275
24.8806,-0.285
24.8833,-0.28
24.8861,-0.285
24.8889,-0.26
24.8917,-0.255
24.8944,-0.26
24.8972,-0.27
24.9,-0.27
24.9028,-0.255
24.9056,-0.235
24.9083,-0.24
24.9111,-0.25
24.9139,-0.25
24.9167,-0.26
24.9194,-0.275
24.9222,-0.3
24.925,-0.3
24.9278,-0.275
24.9306,-0.18
24.9333,-0.035
24.9361,0.15
24.9389,0.295
24.9417,0.345
24.9444,0.26
24.9472,0.055
24.95,-0.19
24.9528,-0.34
24.9556,-0.405
24.9583,-0.375
24.9611,-0.335
24.9639,-0.305
24.9667,-0.285
24.9694,-0.27
24.9722,-0.265
24.975,-0.245
24.9778,-0.265
24.9806,-0.275
24.9833,-0.29
24.9861,-0.29
24.9889,-0.28
24.9917,-0.265
24.9944,-0.26
24.9972,-0.27
25.0,-0.27
25.0028,-0.255
25.0056,-0.25
25.0083,-0.23
25.0111,-0.24
25.0139,-0.245
25.0167,-0.25
25.0194,-0.25
25.0222,-0.24
25.025,-0.23
25.0278,-0.235
25.0306,-0.25
25.0333,-0.255
25.0361,-0.24
25.0389,-0.235
25.0417,-0.21
25.0444,-0.22
25.0472,-0.22
25.05,-0.235
25.0528,-0.23
25.0556,-0.23
25.0583,-0.225
25.0611,-0.22
25.0639,-0.23
25.0667,-0.23
25.0694,-0.23
25.0722,-0.21
25.075,-0.195
25.0778,-0.2
25.0806,-0.2
25.0833,-0.23
25.0861,-0.205
25.0889,-0.205
25.0917,-0.195
25.0944,-0.215
25.0972,-0.225
25.1,-0.24
25.1028,-0.235
25.1056,-0.22
25.1083,-0.21
25.1111,-0.21
25.1139,-0.235
25.1167,-0.24
25.1194,-0.23
25.1222,-0.205
25.125,-0.19
25.1278,-0.205
25.1306,-0.21
25.1333,-0.215
25.1361,-0.225
25.1389,-0.21
25.1417,-0.195
25.1444,-0.2
25.1472,-0.215
25.15,-0.21
25.1528,-0.2
25.1556,-0.19
25.1583,-0.185
25.1611,-0.215
25.1639,-0.24
25.1667,-0.26
25.1694,-0.245
25.1722,-0.22
25.175,-0.19
25.1778,-0.19
25.1806,-0.215
25.1833,-0.265
25.1861,-0.265
25.1889,-0.25
25.1917,-0.25
25.1944,-0.255
25.1972,-0.27
25.2,-0.285
25.2028,-0.28
25.2056,-0.28
25.2083,-0.275
25.2111,-0.285
25.2139,-0.3
25.2167,-0.32
25.2194,-0.325
25.2222,-0.305
25.225,-0.295
25.2278,-0.305
25.2306,-0.335
25.2333,-0.325
25.2361,-0.335
25.2389,-0.325
25.2417,-0.315
25.2444,-0.32
25.2472,-0.32
25.25,-0.32
25.2528,-0.32
25.2556,-0.315
25.2583,-0.31
25.2611,-0.32
25.2639,-0.345
25.2667,-0.34
25.2694,-0.33
25.2722,-0.315
25.275,-0.29
25.2778,-0.3
25.2806,-0.305
25.2833,-0.32
25.2861,-0.325
25.2889,-0.32
25.2917,-0.305
25.2944,-0.295
25.2972,-0.31
25.3,-0.32
25.3028,-0.305
25.3056,-0.29
25.3083,-0.27
25.3111,-0.285
25.3139,-0.285
25.3167,-0.295
25.3194,-0.28
25.3222,-0.275
25.325,-0.27
25.3278,-0.255
25.3306,-0.275
25.3333,-0.275
25.3361,-0.275
25.3389,-0.27
25.3417,-0.255
25.3444,-0.25
25.3472,-0.27
25.35,-0.245
25.3528,-0.23
25.3556,-0.215
25.3583,-0.21
25.3611,-0.215
25.3639,-0.215
25.3667,-0.22
25.3694,-0.21
25.3722,-0.21
25.375,-0.21
25.3778,-0.215
25.3806,-0.215
25.3833,-0.23
25.3861,-0.23
25.3889,-0.2
25.3917,-0.18
25.3944,-0.195
25.3972,-0.215
25.4,-0.24
25.4028,-0.23
25.4056,-0.215
25.4083,-0.185
25.4111,-0.195
25.4139,-0.21
25.4167,-0.225
25.4194,-0.215
25.4222,-0.185
25.425,-0.18
25.4278,-0.18
25.4306,-0.185
25.4333,-0.185
25.4361,-0.185
25.4389,-0.21
25.4417,-0.215
25.4444,-0.2
25.4472,-0.195
25.45,-0.19
25.4528,-0.18
25.4556,-0.175
25.4583,-0.155
25.4611,-0.165
25.4639,-0.18
25.4667,-0.195
25.4694,-0.18
25.4722,-0.175
25.475,-0.155
25.4778,-0.165
25.4806,-0.19
25.4833,-0.205
25.4861,-0.19
25.4889,-0.19
25.4917,-0.155
25.4944,-0.18
25.4972,-0.195
25.5,-0.2
25.5028,-0.17
25.5056,-0.145
25.5083,-0.125
25.5111,-0.14
25.5139,-0.145
25.5167,-0.165
25.5194,-0.175
25.5222,-0.17
25.525,-0.155
25.5278,-0.16
25.5306,-0.155
25.5333,-0.155
25.5361,-0.14
25.5389,-0.13
25.5417,-0.115
25.5444,-0.11
25.5472,-0.125
25.55,-0.105
25.5528,-0.08
25.5556,-0.07
25.5583,-0.05
25.5611,-0.055
25.5639,-0.06
25.5667,-0.04
25.5694,-0.01
25.5722,0.01
25.575,0.05
25.5778,0.08
25.5806,0.065
25.5833,0.09
25.5861,0.105
25.5889,0.13
25.5917,0.135
25.5944,0.12
25.5972,0.095
25.6,0.06
25.6028,0.025
25.6056,0.035
25.6083,0.05
25.6111,0.05
25.6139,0.025
25.6167,-0.015
25.6194,-0.035
25.6222,-0.065
25.625,-0.06
25.6278,-0.09
25.6306,-0.105
25.6333,-0.12
25.6361,-0.13
25.6389,-0.14
25.6417,-0.125
25.6444,-0.13
25.6472,-0.15
25.65,-0.16
25.6528,-0.165
25.6556,-0.17
25.6583,-0.15
25.6611,-0.135
25.6639,-0.115
25.6667,-0.115
25.6694,-0.125
25.6722,-0.125
25.675,-0.12
25.6778,-0.125
25.6806,-0.11
25.6833,-0.125
25.6861,-0.11
25.6889,-0.1
25.6917,-0.1
25.6944,-0.115
25.6972,-0.145
25.7,-0.15
25.7028,-0.105
25.7056,0.03
25.7083,0.21
25.7111,0.395
25.7139,0.555
25.7167,0.725
25.7194,0.84
25.7222,0.865
25.725,0.755
25.7278,0.51
25.7306,0.24
25.7333,0.015
25.7361,-0.095
25.7389,-0.12
25.7417,-0.11
25.7444,-0.1
25.7472,-0.09
25.75,-0.11
25.7528,-0.115
25.7556,-0.11
25.7583,-0.1
25.7611,-0.115
25.7639,-0.105
25.7667,-0.105
25.7694,-0.1
25.7722,-0.085
25.775,-0.075
25.7778,-0.07
25.7806,-0.1
25.7833,-0.11
25.7861,-0.11
25.7889,-0.07
25.7917,-0.065
25.7944,-0.06
25.7972,-0.065
25.8,-0.07
25.8028,-0.075
25.8056,-0.08
25.8083,-0.065
25.8111,-0.055
25.8139,-0.055
25.8167,-0.07
25.8194,-0.085
25.8222,-0.07
25.825,-0.045
25.8278,-0.065
25.8306,-0.075
25.8333,-0.095
25.8361,-0.08
25.8389,-0.065
25.8417,-0.045
25.8444,-0.055
25.8472,-0.06
25.85,-0.08
25.8528,-0.07
25.8556,-0.045
25.8583,-0.035
25.8611,-0.04
25.8639,-0.055
25.8667,-0.08
25.8694,-0.08
25.8722,-0.05
25.875,-0.04
25.8778,-0.045
25.8806,-0.06
25.8833,-0.065
25.8861,-0.075
25.8889,-0.075
25.8917,-0.055
25.8944,-0.05
25.8972,-0.065
25.9,-0.085
25.9028,-0.09
25.9056,-0.075
25.9083,-0.075
25.9111,-0.065
25.9139,-0.055
25.9167,-0.06
25.9194,-0.07
25.9222,-0.07
25.925,-0.045
25.9278,-0.055
25.9306,-0.065
25.9333,-0.07
25.9361,-0.06
25.9389,-0.065
25.9417,-0.05
25.9444,-0.08
25.9472,-0.075
25.95,-0.09
25.9528,-0.07
25.9556,-0.065
25.9583,-0.065
25.9611,-0.09
25.9639,-0.105
25.9667,-0.12
25.9694,-0.13
25.9722,-0.125
25.975,-0.115
25.9778,-0.12
25.9806,-0.135
25.9833,-0.145
25.9861,-0.155
25.9889,-0.135
25.9917,-0.14
25.9944,-0.15
25.9972,-0.17
26.0,-0.205
26.0028,-0.195
26.0056,-0.18
26.0083,-0.175
26.0111,-0.185
26.0139,-0.21
26.0167,-0.2
26.0194,-0.19
26.0222,-0.16
26.025,-0.145
26.0278,-0.16
26.0306,-0.195
26.0333,-0.19
26.0361,-0.18
26.0389,-0.19
26.0417,-0.17
26.0444,-0.16
26.0472,-0.165
26.05,-0.185
26.0528,-0.19
26.0556,-0.18
26.0583,-0.155
26.0611,-0.16
26.0639,-0.165
26.0667,-0.18
26.0694,-0.175
26.0722,-0.16
26.075,-0.165
26.0778,-0.15
26.0806,-0.175
26.0833,-0.185
26.0861,-0.19
26.0889,-0.17
26.0917,-0.16
26.0944,-0.16
26.0972,-0.15
26.1,-0.135
26.1028,-0.14
26.1056,-0.11
26.1083,-0.11
26.1111,-0.11
26.1139,-0.125
26.1167,-0.145
26.1194,-0.135
26.1222,-0.11
26.125,-0.12
26.1278,-0.12
26.1306,-0.14
26.1333,-0.17
26.1361,-0.14
26.1389,-0.13
26.1417,-0.105
26.1444,-0.09
26.1472,-0.095
26.15,-0.11
26.1528,-0.11
26.1556,-0.115
26.1583,-0.095
26.1611,-0.095
26.1639,-0.105
26.1667,-0.13
26.1694,-0.11
26.1722,-0.085
26.175,-0.085
26.1778,-0.065
26.1806,-0.07
26.1833,-0.08
26.1861,-0.075
26.1889,-0.07
26.1917,-0.06
26.1944,-0.075
26.1972,-0.085
26.2,-0.1
26.2028,-0.08
26.2056,-0.055
26.2083,-0.05
26.2111,-0.055
26.2139,-0.075
26.2167,-0.085
26.2194,-0.07
26.2222,-0.055
26.225,-0.055
26.2278,-0.07
26.2306,-0.085
26.2333,-0.09
26.2361,-0.07
26.2389,-0.06
26.2417,-0.045
26.2444,-0.055
26.2472,-0.08
26.25,-0.085
26.2528,-0.085
26.2556,-0.05
26.2583,-0.045
26.2611,-0.04
26.2639,-0.05
26.2667,-0.055
26.2694,-0.055
26.2722,-0.05
26.275,-0.035
26.2778,-0.05
26.2806,-0.06
26.2833,-0.06
26.2861,-0.045
26.2889,-0.01
26.2917,-0.005
26.2944,-0.02
26.2972,-0.045
26.3,-0.04
26.3028,-0.045
26.3056,-0.045
26.3083,-0.04
26.3111,-0.05
26.3139,-0.07
26.3167,-0.05
26.3194,-0.045
26.3222,-0.01
26.325,-0.005
26.3278,-0.02
26.3306,-0.03
26.3333,-0.05
26.3361,-0.03
26.3389,-0.015
26.3417,-0.015
26.3444,-0.02
26.3472,-0.025
26.35,-0.04
26.3528,-0.045
26.3556,-0.04
26.3583,-0.035
26.3611,-0.04
26.3639,-0.045
26.3667,-0.055
26.3694,-0.055
26.3722,-0.035
26.375,-0.025
26.3778,-0.02
26.3806,-0.035
26.3833,-0.04
26.3861,-0.04
26.3889,-0.02
26.3917,-0.005
26.3944,-0.01
26.3972,-0.025
26.4,-0.055
26.4028,-0.025
26.4056,-0.02
26.4083,-0.03
26.4111,-0.025
26.4139,-0.04
26.4167,-0.06
26.4194,-0.04
26.4222,-0.02
26.425,-0.005
26.4278,-0.01
26.4306,-0.02
26.4333,-0.035
26.4361,-0.04
26.4389,-0.025
26.4417,-0.015
26.4444,-0.015
26.4472,-0.025
26.45,-0.045
26.4528,-0.04
26.4556,-0.03
26.4583,-0.015
26.4611,-0.03
26.4639,-0.045
26.4667,-0.05
26.4694,-0.04
26.4722,0.0
26.475,0.01
26.4778,0.015
26.4806,0.005
26.4833,-0.01
26.4861,-0.025
26.4889,-0.015
26.4917,0.005
26.4944,0.0
26.4972,-0.005
26.5,0.005
26.5028,0.01
26.5056,0.02
26.5083,0.02
26.5111,0.025
26.5139,0.01
26.5167,0.005
26.5194,0.02
26.5222,0.045
26.525,0.075
26.5278,0.095
26.5306,0.1
26.5333,0.065
26.5361,0.075
26.5389,0.055
26.5417,0.055
26.5444,0.035
26.5472,0.0
26.55,-0.015
26.5528,-0.02
26.5556,-0.005
26.5583,0.005
26.5611,0.01
26.5639,-0.02
26.5667,-0.045
26.5694,-0.06
26.5722,-0.05
26.575,-0.04
26.5778,-0.05
26.5806,-0.09
26.5833,-0.08
26.5861,-0.065
26.5889,-0.05
26.5917,-0.04
26.5944,-0.05
26.5972,-0.07
26.6,-0.08
26.6028,-0.085
26.6056,-0.085
26.6083,-0.055
26.6111,-0.06
26.6139,-0.05
26.6167,-0.08
26.6194,-0.065
26.6222,-0.04
26.625,-0.035
26.6278,-0.035
26.6306,-0.04
26.6333,-0.04
26.6361,-0.06
26.6389,-0.07
26.6417,-0.06
26.6444,-0.035
26.6472,0.065
26.65,0.215
26.6528,0.395
26.6556,0.6
26.6583,0.785
26.6611,0.915
26.6639,0.94
26.6667,0.825
26.6694,0.585
26.6722,0.35
26.675,0.17
26.6778,0.055
26.6806,-0.03
26.6833,-0.07
26.6861,-0.055
26.6889,-0.05
26.6917,-0.03
26.6944,-0.02
26.6972,-0.05
26.7,-0.085
26.7028,-0.085
26.7056,-0.065
26.7083,-0.03
26.7111,-0.025
26.7139,-0.02
26.7167,-0.04
26.7194,-0.04
26.7222,-0.03
26.725,-0.005
26.7278,-0.015
26.7306,-0.015
26.7333,-0.05
26.7361,-0.045
26.7389,-0.025
26.7417,-0.005
26.7444,0.01
26.7472,0.01
26.75,0.005
26.7528,0.0
26.7556,0.015
26.7583,0.035
26.7611,0.005
26.7639,0.0
26.7667,-0.02
26.7694,-0.01
26.7722,0.0
26.775,0.02
26.7778,0.01
26.7806,-0.01
26.7833,-0.02
26.7861,-0.01
26.7889,0.005
26.7917,0.015
26.7944,0.01
26.7972,0.005
26.8,-0.005
26.8028,0.01
26.8056,0.01
26.8083,0.005
26.8111,0.02
26.8139,0.015
26.8167,0.015
26.8194,0.015
26.8222,0.035
26.825,0.03
26.8278,0.025
26.8306,0.005
26.8333,-0.015
26.8361,0.0
26.8389,0.0
26.8417,0.01
26.8444,0.005
26.8472,-0.005
26.85,-0.005
26.8528,-0.015
26.8556,-0.01
26.8583,0.015
26.8611,0.005
26.8639,0.025
26.8667,0.01
26.8694,0.01
26.8722,0.015
26.875,0.005
26.8778,0.01
26.8806,0.0
26.8833,-0.01
26.8861,-0.01
26.8889,0.005
26.8917,0.015
26.8944,0.005
26.8972,-0.005
26.9,-0.005
26.9028,0.005
26.9056,0.01
26.9083,0.015
26.9111,0.0
26.9139,-0.025
26.9167,-0.045
26.9194,-0.035
26.9222,-0.025
26.925,-0.025
26.9278,-0.045
26.9306,-0.065
26.9333,-0.1
26.9361,-0.08
26.9389,-0.075
26.9417,-0.07
26.9444,-0.055
26.9472,-0.085
26.95,-0.095
26.9528,-0.09
26.9556,-0.07
26.9583,-0.07
26.9611,-0.095
26.9639,-0.115
26.9667,-0.12
26.9694,-0.105
26.9722,-0.1
26.975,-0.08
26.9778,-0.085
26.9806,-0.095
26.9833,-0.105
26.9861,-0.105
26.9889,-0.09
26.9917,-0.06
26.9944,-0.085
26.9972,-0.095
27.0,-0.12
27.0028,-0.11
27.0056,-0.09
27.0083,-0.08
27.0111,-0.08
27.0139,-0.105
27.0167,-0.105
27.0194,-0.1
27.0222,-0.085
27.025,-0.085
27.0278,-0.095
27.0306,-0.105
27.0333,-0.125
27.0361,-0.11
27.0389,-0.1
27.0417,-0.075
27.0444,-0.08
27.0472,-0.1
27.05,-0.115
27.0528,-0.1
27.0556,-0.105
27.0583,-0.095
27.0611,-0.09
27.0639,-0.105
27.0667,-0.1
27.0694,-0.11
27.0722,-0.1
27.075,-0.075
27.0778,-0.055
27.0806,-0.08
27.0833,-0.1
27.0861,-0.105
27.0889,-0.085
27.0917,-0.075
27.0944,-0.07
27.0972,-0.08
27.1,-0.08
27.1028,-0.075
27.1056,-0.095
27.1083,-0.075
27.1111,-0.065
27.1139,-0.07
27.1167,-0.075
27.1194,-0.075
27.1222,-0.075
27.125,-0.06
27.1278,-0.07
27.1306,-0.075
27.1333,-0.085
27.1361,-0.09
27.1389,-0.08
27.1417,-0.07
27.1444,-0.065
27.1472,-0.07
27.15,-0.07
27.1528,-0.065
27.1556,-0.065
27.1583,-0.035
27.1611,-0.065
27.1639,-0.07
27.1667,-0.075
27.1694,-0.065
27.1722,-0.05
27.175,-0.045
27.1778,-0.05
27.1806,-0.065
27.1833,-0.075
27.1861,-0.065
27.1889,-0.065
27.1917,-0.055
27.1944,-0.065
27.1972,-0.08
27.2,-0.105
27.2028,-0.1
27.2056,-0.07
27.2083,-0.07
27.2111,-0.08
27.2139,-0.085
27.2167,-0.08
27.2194,-0.08
27.2222,-0.075
27.225,-0.065
27.2278,-0.06
27.2306,-0.075
27.2333,-0.095
27.2361,-0.09
27.2389,-0.065
27.2417,-0.05
27.2444,-0.045
27.2472,-0.075
27.25,-0.08
27.2528,-0.08
27.2556,-0.08
27.2583,-0.06
27.2611,-0.065
27.2639,-0.08
27.2667,-0.085
27.2694,-0.095
27.2722,-0.08
27.275,-0.065
27.2778,-0.08
27.2806,-0.085
27.2833,-0.085
27.2861,-0.09
27.2889,-0.09
27.2917,-0.085
27.2944,-0.08
27.2972,-0.095
27.3,-0.09
27.3028,-0.09
27.3056,-0.075
27.3083,-0.07
27.3111,-0.08
27.3139,-0.105
27.3167,-0.125
27.3194,-0.125
27.3222,-0.1
27.325,-0.095
27.3278,-0.08
27.3306,-0.095
27.3333,-0.125
27.3361,-0.125
27.3389,-0.095
27.3417,-0.09
27.3444,-0.085
27.3472,-0.1
27.35,-0.11
27.3528,-0.1
27.3556,-0.08
27.3583,-0.06
27.3611,-0.06
27.3639,-0.08
27.3667,-0.08
27.3694,-0.06
27.3722,-0.04
27.375,-0.025
27.3778,-0.045
27.3806,-0.03
27.3833,-0.035
27.3861,-0.015
27.3889,0.02
27.3917,0.055
27.3944,0.07
27.3972,0.065
27.4,0.06
27.4028,0.065
27.4056,0.05
27.4083,0.03
27.4111,0.0
27.4139,-0.02
27.4167,-0.045
27.4194,-0.055
27.4222,-0.07
27.425,-0.12
27.4278,-0.14
27.4306,-0.165
27.4333,-0.185
27.4361,-0.19
27.4389,-0.205
27.4417,-0.21
27.4444,-0.215
27.4472,-0.23
27.45,-0.245
27.4528,-0.24
27.4556,-0.225
27.4583,-0.225
27.4611,-0.23
27.4639,-0.26
27.4667,-0.26
27.4694,-0.255
27.4722,-0.235
27.475,-0.22
27.4778,-0.24
27.4806,-0.25
27.4833,-0.255
27.4861,-0.25
27.4889,-0.26
27.4917,-0.29
27.4944,-0.3
27.4972,-0.23
27.5,-0.11
27.5028,0.075
27.5056,0.285
27.5083,0.465
27.5111,0.575
27.5139,0.615
27.5167,0.515
27.5194,0.285
27.5222,0.005
27.525,-0.21
27.5278,-0.35
27.5306,-0.36
27.5333,-0.345
27.5361,-0.34
27.5389,-0.31
27.5417,-0.305
27.5444,-0.32
27.5472,-0.35
27.55,-0.38
27.5528,-0.375
27.5556,-0.36
27.5583,-0.35
27.5611,-0.365
27.5639,-0.37
27.5667,-0.37
27.5694,-0.375
27.5722,-0.36
27.575,-0.365
27.5778,-0.36
27.5806,-0.38
27.5833,-0.38
27.5861,-0.39
27.5889,-0.37
27.5917,-0.365
27.5944,-0.385
27.5972,-0.395
27.6,-0.41
27.6028,-0.415
27.6056,-0.395
27.6083,-0.395
27.6111,-0.395
27.6139,-0.405
27.6167,-0.405
27.6194,-0.405
27.6222,-0.385
27.625,-0.38
27.6278,-0.38
27.6306,-0.415
27.6333,-0.42
27.6361,-0.425
27.6389,-0.42
27.6417,-0.39
27.6444,-0.39
27.6472,-0.39
27.65,-0.415
27.6528,-0.41
27.6556,-0.405
27.6583,-0.405
27.6611,-0.405
27.6639,-0.43
27.6667,-0.445
27.6694,-0.42
27.6722,-0.415
27.675,-0.425
27.6778,-0.43
27.6806,-0.455
27.6833,-0.44
27.6861,-0.435
27.6889,-0.43
27.6917,-0.415
27.6944,-0.42
27.6972,-0.445
27.7,-0.45
27.7028,-0.45
27.7056,-0.43
27.7083,-0.415
27.7111,-0.435
27.7139,-0.445
27.7167,-0.465
27.7194,-0.455
27.7222,-0.44
27.725,-0.43
27.7278,-0.44
27.7306,-0.46
27.7333,-0.475
27.7361,-0.475
27.7389,-0.475
27.7417,-0.47
27.7444,-0.46
27.7472,-0.47
27.75,-0.485
27.7528,-0.49
27.7556,-0.49
27.7583,-0.485
27.7611,-0.495
27.7639,-0.515
27.7667,-0.525
27.7694,-0.54
27.7722,-0.535
27.775,-0.535
27.7778,-0.535
27.7806,-0.545
27.7833,-0.565
27.7861,-0.565
27.7889,-0.57
27.7917,-0.565
27.7944,-0.575
27.7972,-0.6
27.8,-0.595
27.8028,-0.585
27.8056,-0.555
27.8083,-0.53
27.8111,-0.555
27.8139,-0.58
27.8167,-0.59
27.8194,-0.59
27.8222,-0.575
27.825,-0.56
27.8278,-0.56
27.8306,-0.585
27.8333,-0.58
27.8361,-0.58
27.8389,-0.565
27.8417,-0.55
27.8444,-0.55
27.8472,-0.57
27.85,-0.595
27.8528,-0.585
27.8556,-0.57
27.8583,-0.57
27.8611,-0.56
27.8639,-0.565
27.8667,-0.58
27.8694,-0.585
27.8722,-0.575
27.875,-0.555
27.8778,-0.565
27.8806,-0.57
27.8833,-0.575
27.8861,-0.58
27.8889,-0.58
27.8917,-0.575
27.8944,-0.565
27.8972,-0.565
27.9,-0.565
27.9028,-0.575
27.9056,-0.55
27.9083,-0.54
27.9111,-0.535
27.9139,-0.55
27.9167,-0.56
27.9194,-0.57
27.9222,-0.55
27.925,-0.545
27.9278,-0.54
27.9306,-0.56
27.9333,-0.585
27.9361,-0.56
27.9389,-0.555
27.9417,-0.555
27.9444,-0.57
27.9472,-0.58
27.95,-0.59
27.9528,-0.58
27.9556,-0.555
27.9583,-0.54
27.9611,-0.545
27.9639,-0.54
27.9667,-0.545
27.9694,-0.54
27.9722,-0.56
27.975,-0.555
27.9778,-0.555
27.9806,-0.56
27.9833,-0.575
27.9861,-0.575
27.9889,-0.54
27.9917,-0.54
27.9944,-0.54
27.9972,-0.54
28.0,-0.555
28.0028,-0.57
28.0056,-0.555
28.0083,-0.54
28.0111,-0.54
28.0139,-0.55
28.0167,-0.555
28.0194,-0.555
28.0222,-0.555
28.025,-0.535
28.0278,-0.53
28.0306,-0.55
28.0333,-0.59
28.0361,-0.58
28.0389,-0.55
28.0417,-0.54
28.0444,-0.56
28.0472,-0.55
28.05,-0.55
28.0528,-0.56
28.0556,-0.545
28.0583,-0.555
28.0611,-0.585
28.0639,-0.585
28.0667,-0.585
28.0694,-0.58
28.0722,-0.55
28.075,-0.55
28.0778,-0.55
28.0806,-0.55
28.0833,-0.57
28.0861,-0.565
28.0889,-0.55
28.0917,-0.54
28.0944,-0.555
28.0972,-0.555
28.1,-0.58
28.1028,-0.58
28.1056,-0.57
28.1083,-0.555
28.1111,-0.565
28.1139,-0.58
28.1167,-0.605
28.1194,-0.585
28.1222,-0.56
28.125,-0.555
28.1278,-0.555
28.1306,-0.565
28.1333,-0.575
28.1361,-0.57
28.1389,-0.57
28.1417,-0.565
28.1444,-0.56
28.1472,-0.57
28.15,-0.585
28.1528,-0.57
28.1556,-0.545
28.1583,-0.545
28.1611,-0.565
28.1639,-0.58
28.1667,-0.59
28.1694,-0.56
28.1722,-0.535
28.175,-0.515
28.1778,-0.535
28.1806,-0.535
28.1833,-0.535
28.1861,-0.5
28.1889,-0.48
28.1917,-0.455
28.1944,-0.46
28.1972,-0.45
28.2,-0.445
28.2028,-0.425
28.2056,-0.375
28.2083,-0.33
28.2111,-0.315
28.2139,-0.315
28.2167,-0.335
28.2194,-0.335
28.2222,-0.34
28.225,-0.325
28.2278,-0.36
28.2306,-0.395
28.2333,-0.41
28.2361,-0.395
28.2389,-0.39
28.2417,-0.4
28.2444,-0.44
28.2472,-0.485
28.25,-0.52
28.2528,-0.53
28.2556,-0.53
28.2583,-0.535
28.2611,-0.54
28.2639,-0.54
28.2667,-0.56
28.2694,-0.56
28.2722,-0.545
28.275,-0.52
28.2778,-0.54
28.2806,-0.565
28.2833,-0.57
28.2861,-0.56
28.2889,-0.545
28.2917,-0.525
28.2944,-0.515
28.2972,-0.52
28.3,-0.52
28.3028,-0.52
28.3056,-0.51
28.3083,-0.525
28.3111,-0.53
28.3139,-0.56
28.3167,-0.595
28.3194,-0.61
28.3222,-0.6
28.325,-0.505
28.3278,-0.355
28.3306,-0.19
28.3333,-0.02
28.3361,0.125
28.3389,0.135
28.3417,-0.06
28.3444,-0.35
28.3472,-0.555
28.35,-0.65
28.3528,-0.655
28.3556,-0.585
28.3583,-0.535
28.3611,-0.515
28.3639,-0.515
28.3667,-0.53
28.3694,-0.545
28.3722,-0.54
28.375,-0.52
28.3778,-0.525
28.3806,-0.515
28.3833,-0.515
28.3861,-0.5
28.3889,-0.48
28.3917,-0.47
28.3944,-0.47
28.3972,-0.475
28.4,-0.495
28.4028,-0.475
28.4056,-0.45
28.4083,-0.44
28.4111,-0.445
28.4139,-0.45
28.4167,-0.455
28.4194,-0.455
28.4222,-0.43
28.425,-0.41
28.4278,-0.415
28.4306,-0.435
28.4333,-0.455
28.4361,-0.435
28.4389,-0.43
28.4417,-0.41
28.4444,-0.415
28.4472,-0.44
28.45,-0.45
28.4528,-0.44
28.4556,-0.425
28.4583,-0.42
28.4611,-0.425
28.4639,-0.44
28.4667,-0.45
28.4694,-0.42
28.4722,-0.41
28.475,-0.4
28.4778,-0.405
28.4806,-0.43
28.4833,-0.415
28.4861,-0.415
28.4889,-0.39
28.4917,-0.375
28.4944,-0.385
28.4972,-0.405
28.5,-0.415
28.5028,-0.405
28.5056,-0.4
28.5083,-0.395
28.5111,-0.41
28.5139,-0.41
28.5167,-0.41
28.5194,-0.395
28.5222,-0.39
28.525,-0.395
28.5278,-0.41
28.5306,-0.415
28.5333,-0.435
28.5361,-0.425
28.5389,-0.42
28.5417,-0.395
28.5444,-0.4
28.5472,-0.41
28.55,-0.44
28.5528,-0.435
28.5556,-0.415
28.5583,-0.41
28.5611,-0.42
28.5639,-0.42
28.5667,-0.43
28.5694,-0.43
28.5722,-0.435
28.575,-0.43
28.5778,-0.45
28.5806,-0.46
28.5833,-0.475
28.5861,-0.47
28.5889,-0.46
28.5917,-0.445
28.5944,-0.465
28.5972,-0.475
28.6,-0.49
28.6028,-0.475
28.6056,-0.45
28.6083,-0.455
28.6111,-0.46
28.6139,-0.49
28.6167,-0.48
28.6194,-0.48
28.6222,-0.465
28.625,-0.455
28.6278,-0.475
28.6306,-0.465
28.6333,-0.47
28.6361,-0.475
28.6389,-0.455
28.6417,-0.435
28.6444,-0.43
28.6472,-0.435
28.65,-0.44
28.6528,-0.43
28.6556,-0.42
28.6583,-0.415
28.6611,-0.415
28.6639,-0.415
28.6667,-0.415
28.6694,-0.4
28.6722,-0.4
28.675,-0.385
28.6778,-0.38
28.6806,-0.395
28.6833,-0.4
28.6861,-0.385
28.6889,-0.375
28.6917,-0.355
28.6944,-0.355
28.6972,-0.35
28.7,-0.345
28.7028,-0.34
28.7056,-0.325
28.7083,-0.325
28.7111,-0.315
28.7139,-0.33
28.7167,-0.34
28.7194,-0.345
28.7222,-0.345
28.725,-0.33
28.7278,-0.325
28.7306,-0.325
28.7333,-0.33
28.7361,-0.305
28.7389,-0.305
28.7417,-0.295
28.7444,-0.315
28.7472,-0.315
28.75,-0.31
28.7528,-0.31
28.7556,-0.295
28.7583,-0.29
28.7611,-0.29
28.7639,-0.295
28.7667,-0.295
28.7694,-0.275
28.7722,-0.275
28.775,-0.255
28.7778,-0.27
28.7806,-0.275
28.7833,-0.285
28.7861,-0.295
28.7889,-0.285
28.7917,-0.26
28.7944,-0.27
28.7972,-0.28
28.8,-0.265
28.8028,-0.27
28.8056,-0.245
28.8083,-0.25
28.8111,-0.255
28.8139,-0.26
28.8167,-0.275
28.8194,-0.26
28.8222,-0.25
28.825,-0.23
28.8278,-0.23
28.8306,-0.255
28.8333,-0.27
28.8361,-0.25
28.8389,-0.235
28.8417,-0.21
28.8444,-0.215
28.8472,-0.235
28.85,-0.27
28.8528,-0.27
28.8556,-0.26
28.8583,-0.245
28.8611,-0.24
28.8639,-0.26
28.8667,-0.27
28.8694,-0.27
28.8722,-0.24
28.875,-0.225
28.8778,-0.23
28.8806,-0.26
28.8833,-0.26
28.8861,-0.245
28.8889,-0.24
28.8917,-0.215
28.8944,-0.195
28.8972,-0.195
28.9,-0.205
28.9028,-0.185
28.9056,-0.165
28.9083,-0.145
28.9111,-0.14
28.9139,-0.135
28.9167,-0.135
28.9194,-0.1
28.9222,-0.065
28.925,-0.015
28.9278,-0.005
28.9306,0.005
28.9333,-0.005
28.9361,-0.015
28.9389,0.0
28.9417,0.005
28.9444,-0.005
28.9472,-0.055
28.95,-0.085
28.9528,-0.075
28.9556,-0.07
28.9583,-0.06
28.9611,-0.085
28.9639,-0.12
28.9667,-0.165
28.9694,-0.19
28.9722,-0.205
28.975,-0.2
28.9778,-0.23
28.9806,-0.26
28.9833,-0.26
28.9861,-0.265
28.9889,-0.25
28.9917,-0.23
28.9944,-0.255
28.9972,-0.265
29.0,-0.265
29.0028,-0.25
29.0056,-0.22
29.0083,-0.21
29.0111,-0.22
29.0139,-0.235
29.0167,-0.265
29.0194,-0.265
29.0222,-0.245
29.025,-0.235
29.0278,-0.24
29.0306,-0.24
29.0333,-0.265
29.0361,-0.25
29.0389,-0.27
29.0417,-0.275
29.0444,-0.22
29.0472,-0.1
29.05,0.095
29.0528,0.355
29.0556,0.57
29.0583,0.73
29.0611,0.79
29.0639,0.71
29.0667,0.49
29.0694,0.205
29.0722,-0.005
29.075,-0.145
29.0778,-0.19
29.0806,-0.2
29.0833,-0.21
29.0861,-0.2
29.0889,-0.2
29.0917,-0.21
29.0944,-0.21
29.0972,-0.235
29.1,-0.245
29.1028,-0.23
29.1056,-0.215
29.1083,-0.215
29.1111,-0.23
29.1139,-0.235
29.1167,-0.255
29.1194,-0.235
29.1222,-0.215
29.125,-0.21
29.1278,-0.215
29.1306,-0.235
29.1333,-0.23
29.1361,-0.215
29.1389,-0.185
29.1417,-0.18
29.1444,-0.2
29.1472,-0.205
29.15,-0.23
29.1528,-0.205
29.1556,-0.19
29.1583,-0.18
29.1611,-0.185
29.1639,-0.205
29.1667,-0.225
29.1694,-0.21
29.1722,-0.185
29.175,-0.16
29.1778,-0.155
29.1806,-0.185
29.1833,-0.2
29.1861,-0.205
29.1889,-0.175
29.1917,-0.16
29.1944,-0.165
29.1972,-0.17
29.2,-0.18
29.2028,-0.155
29.2056,-0.135
29.2083,-0.145
29.2111,-0.15
29.2139,-0.175
29.2167,-0.19
29.2194,-0.19
29.2222,-0.18
29.225,-0.165
29.2278,-0.16
29.2306,-0.155
29.2333,-0.15
29.2361,-0.145
29.2389,-0.13
29.2417,-0.12
29.2444,-0.125
29.2472,-0.12
29.25,-0.14
29.2528,-0.125
29.2556,-0.125
29.2583,-0.15
29.2611,-0.155
29.2639,-0.145
29.2667,-0.135
29.2694,-0.12
29.2722,-0.11
29.275,-0.095
29.2778,-0.105
29.2806,-0.13
29.2833,-0.145
29.2861,-0.15
29.2889,-0.165
29.2917,-0.145
29.2944,-0.145
29.2972,-0.165
29.3,-0.175
29.3028,-0.19
29.3056,-0.19
29.3083,-0.175
29.3111,-0.19
29.3139,-0.19
29.3167,-0.21
29.3194,-0.21
29.3222,-0.185
29.325,-0.185
29.3278,-0.185
29.3306,-0.21
29.3333,-0.215
29.3361,-0.205
29.3389,-0.2
29.3417,-0.19
29.3444,-0.205
29.3472,-0.215
29.35,-0.215
29.3528,-0.215
29.3556,-0.195
29.3583,-0.185
29.3611,-0.205
29.3639,-0.235
29.3667,-0.23
29.3694,-0.22
29.3722,-0.19
29.375,-0.175
29.3778,-0.19
29.3806,-0.21
29.3833,-0.22
29.3861,-0.21
29.3889,-0.2
29.3917,-0.195
29.3944,-0.19
29.3972,-0.21
29.4,-0.22
29.4028,-0.215
29.4056,-0.195
29.4083,-0.17
29.4111,-0.185
29.4139,-0.18
29.4167,-0.18
29.4194,-0.18
29.4222,-0.165
29.425,-0.155
29.4278,-0.165
29.4306,-0.165
29.4333,-0.18
29.4361,-0.16
29.4389,-0.145
29.4417,-0.135
29.4444,-0.15
29.4472,-0.17
29.45,-0.185
29.4528,-0.18
29.4556,-0.175
29.4583,-0.165
29.4611,-0.175
29.4639,-0.18
29.4667,-0.19
29.4694,-0.155
29.4722,-0.14
29.475,-0.13
29.4778,-0.14
29.4806,-0.165
29.4833,-0.19
29.4861,-0.175
29.4889,-0.165
29.4917,-0.155
29.4944,-0.15
29.4972,-0.17
29.5,-0.165
29.5028,-0.165
29.5056,-0.17
29.5083,-0.16
29.5111,-0.16
29.5139,-0.155
29.5167,-0.155
29.5194,-0.15
29.5222,-0.155
29.525,-0.135
29.5278,-0.145
29.5306,-0.145
29.5333,-0.145
29.5361,-0.13
29.5389,-0.125
29.5417,-0.125
29.5444,-0.145
29.5472,-0.155
29.55,-0.16
29.5528,-0.14
29.5556,-0.135
29.5583,-0.125
29.5611,-0.135
29.5639,-0.15
29.5667,-0.16
29.5694,-0.165
29.5722,-0.15
29.575,-0.135
29.5778,-0.14
29.5806,-0.16
29.5833,-0.165
29.5861,-0.15
29.5889,-0.135
29.5917,-0.12
29.5944,-0.135
29.5972,-0.135
29.6,-0.155
29.6028,-0.15
29.6056,-0.15
29.6083,-0.135
29.6111,-0.15
29.6139,-0.16
29.6167,-0.17
29.6194,-0.155
29.6222,-0.145
29.625,-0.13
29.6278,-0.14
29.6306,-0.16
29.6333,-0.165
29.6361,-0.15
29.6389,-0.135
29.6417,-0.13
29.6444,-0.15
29.6472,-0.15
29.65,-0.145
29.6528,-0.14
29.6556,-0.125
29.6583,-0.12
29.6611,-0.115
29.6639,-0.145
29.6667,-0.16
29.6694,-0.165
29.6722,-0.17
29.675,-0.155
29.6778,-0.155
29.6806,-0.165
29.6833,-0.17
29.6861,-0.165
29.6889,-0.135
29.6917,-0.135
29.6944,-0.14
29.6972,-0.15
29.7,-0.175
29.7028,-0.14
29.7056,-0.135
29.7083,-0.11
29.7111,-0.13
29.7139,-0.14
29.7167,-0.16
29.7194,-0.155
29.7222,-0.135
29.725,-0.12
29.7278,-0.13
29.7306,-0.145
29.7333,-0.16
29.7361,-0.165
29.7389,-0.14
29.7417,-0.12
29.7444,-0.13
29.7472,-0.135
29.75,-0.165
29.7528,-0.145
29.7556,-0.145
29.7583,-0.125
29.7611,-0.13
29.7639,-0.125
29.7667,-0.13
29.7694,-0.12
29.7722,-0.105
29.775,-0.1
29.7778,-0.095
29.7806,-0.105
29.7833,-0.12
29.7861,-0.115
29.7889,-0.105
29.7917,-0.095
29.7944,-0.1
29.7972,-0.125
29.8,-0.11
29.8028,-0.085
29.8056,-0.07
29.8083,-0.05
29.8111,-0.065
29.8139,-0.07
29.8167,-0.07
29.8194,-0.045
29.8222,-0.015
29.825,-0.015
29.8278,-0.04
29.8306,-0.065
29.8333,-0.085
29.8361,-0.08
29.8389,-0.075
29.8417,-0.07
29.8444,-0.085
29.8472,-0.105
29.85,-0.14
29.8528,-0.16
29.8556,-0.18
29.8583,-0.17
29.8611,-0.185
29.8639,-0.195
29.8667,-0.2
29.8694,-0.185
29.8722,-0.165
29.875,-0.145
29.8778,-0.15
29.8806,-0.18
29.8833,-0.2
29.8861,-0.2
29.8889,-0.18
29.8917,-0.17
29.8944,-0.175
29.8972,-0.18
29.9,-0.2
29.9028,-0.2
29.9056,-0.185
29.9083,-0.18
29.9111,-0.175
29.9139,-0.18
29.9167,-0.2
29.9194,-0.21
29.9222,-0.225
29.925,-0.205
29.9278,-0.15
29.9306,-0.025
29.9333,0.14
29.9361,0.35
29.9389,0.535
29.9417,0.665
29.9444,0.63
29.9472,0.435
29.95,0.15
29.9528,-0.07
29.9556,-0.195
29.9583,-0.26
29.9611,-0.26
29.9639,-0.25
29.9667,-0.25
29.9694,-0.225
29.9722,-0.225
29.975,-0.225
29.9778,-0.24
29.9806,-0.255
29.9833,-0.255
29.9861,-0.265
29.9889,-0.255
29.9917,-0.25
29.9944,-0.265
29.9972,-0.26
