time,signal
0.0,-0.165
0.0028,-0.165
0.0056,-0.155
0.0083,-0.145
0.0111,-0.155
0.0139,-0.17
0.0167,-0.175
0.0194,-0.17
0.0222,-0.165
0.025,-0.155
0.0278,-0.135
0.0306,-0.155
0.0333,-0.145
0.0361,-0.14
0.0389,-0.125
0.0417,-0.1
0.0444,-0.095
0.0472,-0.12
0.05,-0.145
0.0528,-0.16
0.0556,-0.17
0.0583,-0.17
0.0611,-0.205
0.0639,-0.24
0.0667,-0.275
0.0694,-0.295
0.0722,-0.315
0.075,-0.36
0.0778,-0.43
0.0806,-0.495
0.0833,-0.57
0.0861,-0.62
0.0889,-0.705
0.0917,-0.77
0.0944,-0.915
0.0972,-1.045
0.1,-1.095
0.1028,-1.09
0.1056,-1.04
0.1083,-0.985
0.1111,-0.94
0.1139,-0.875
0.1167,-0.815
0.1194,-0.74
0.1222,-0.68
0.125,-0.635
0.1278,-0.605
0.1306,-0.57
0.1333,-0.525
0.1361,-0.495
0.1389,-0.465
0.1417,-0.42
0.1444,-0.365
0.1472,-0.33
0.15,-0.26
0.1528,-0.205
0.1556,-0.15
0.1583,-0.115
0.1611,-0.11
0.1639,-0.095
0.1667,-0.1
0.1694,-0.095
0.1722,-0.08
0.175,-0.06
0.1778,-0.06
0.1806,-0.085
0.1833,-0.085
0.1861,-0.075
0.1889,-0.05
0.1917,-0.04
0.1944,-0.045
0.1972,-0.055
0.2,-0.055
0.2028,-0.045
0.2056,-0.035
0.2083,-0.025
0.2111,-0.035
0.2139,-0.035
0.2167,-0.045
0.2194,-0.03
0.2222,-0.025
0.225,-0.015
0.2278,-0.01
0.2306,-0.03
0.2333,-0.04
0.2361,-0.03
0.2389,-0.015
0.2417,0.0
0.2444,-0.005
0.2472,-0.015
0.25,-0.015
0.2528,0.0
0.2556,0.005
0.2583,0.025
0.2611,0.01
0.2639,0.01
0.2667,0.02
0.2694,0.015
0.2722,0.035
0.275,0.05
0.2778,0.045
0.2806,0.03
0.2833,0.035
0.2861,0.04
0.2889,0.05
0.2917,0.055
0.2944,0.06
0.2972,0.065
0.3,0.045
0.3028,0.045
0.3056,0.075
0.3083,0.075
0.3111,0.08
0.3139,0.08
0.3167,0.075
0.3194,0.09
0.3222,0.09
0.325,0.095
0.3278,0.11
0.3306,0.095
0.3333,0.1
0.3361,0.105
0.3389,0.105
0.3417,0.12
0.3444,0.13
0.3472,0.125
0.35,0.12
0.3528,0.125
0.3556,0.13
0.3583,0.14
0.3611,0.135
0.3639,0.135
0.3667,0.125
0.3694,0.14
0.3722,0.16
0.375,0.17
0.3778,0.175
0.3806,0.16
0.3833,0.17
0.3861,0.175
0.3889,0.19
0.3917,0.2
0.3944,0.2
0.3972,0.19
0.4,0.185
0.4028,0.18
0.4056,0.205
0.4083,0.22
0.4111,0.22
0.4139,0.2
0.4167,0.195
0.4194,0.205
0.4222,0.215
0.425,0.22
0.4278,0.23
0.4306,0.22
0.4333,0.215
0.4361,0.225
0.4389,0.24
0.4417,0.265
0.4444,0.245
0.4472,0.24
0.45,0.23
0.4528,0.23
0.4556,0.23
0.4583,0.25
0.4611,0.24
0.4639,0.23
0.4667,0.23
0.4694,0.22
0.4722,0.23
0.475,0.245
0.4778,0.235
0.4806,0.23
0.4833,0.235
0.4861,0.24
0.4889,0.25
0.4917,0.255
0.4944,0.265
0.4972,0.245
0.5,0.24
0.5028,0.24
0.5056,0.265
0.5083,0.275
0.5111,0.27
0.5139,0.26
0.5167,0.245
0.5194,0.27
0.5222,0.285
0.525,0.29
0.5278,0.29
0.5306,0.275
0.5333,0.275
0.5361,0.29
0.5389,0.305
0.5417,0.325
0.5444,0.32
0.5472,0.325
0.55,0.32
0.5528,0.35
0.5556,0.36
0.5583,0.375
0.5611,0.38
0.5639,0.365
0.5667,0.385
0.5694,0.4
0.5722,0.415
0.575,0.44
0.5778,0.445
0.5806,0.435
0.5833,0.435
0.5861,0.46
0.5889,0.48
0.5917,0.485
0.5944,0.495
0.5972,0.49
0.6,0.5
0.6028,0.52
0.6056,0.535
0.6083,0.545
0.6111,0.545
0.6139,0.535
0.6167,0.545
0.6194,0.55
0.6222,0.565
0.625,0.56
0.6278,0.58
0.6306,0.565
0.6333,0.575
0.6361,0.565
0.6389,0.58
0.6417,0.58
0.6444,0.575
0.6472,0.56
0.65,0.55
0.6528,0.56
0.6556,0.57
0.6583,0.565
0.6611,0.555
0.6639,0.545
0.6667,0.535
0.6694,0.52
0.6722,0.525
0.675,0.525
0.6778,0.515
0.6806,0.485
0.6833,0.47
0.6861,0.475
0.6889,0.465
0.6917,0.46
0.6944,0.445
0.6972,0.43
0.7,0.41
0.7028,0.405
0.7056,0.405
0.7083,0.405
0.7111,0.4
0.7139,0.365
0.7167,0.345
0.7194,0.335
0.7222,0.34
0.725,0.335
0.7278,0.325
0.7306,0.31
0.7333,0.285
0.7361,0.29
0.7389,0.29
0.7417,0.285
0.7444,0.27
0.7472,0.26
0.75,0.25
0.7528,0.25
0.7556,0.25
0.7583,0.26
0.7611,0.27
0.7639,0.265
0.7667,0.26
0.7694,0.255
0.7722,0.27
0.775,0.295
0.7778,0.295
0.7806,0.29
0.7833,0.285
0.7861,0.295
0.7889,0.33
0.7917,0.375
0.7944,0.395
0.7972,0.37
0.8,0.325
0.8028,0.295
0.8056,0.275
0.8083,0.265
0.8111,0.225
0.8139,0.2
0.8167,0.14
0.8194,0.11
0.8222,0.075
0.825,0.05
0.8278,0.01
0.8306,-0.05
0.8333,-0.105
0.8361,-0.125
0.8389,-0.1
0.8417,-0.07
0.8444,-0.055
0.8472,-0.055
0.85,-0.055
0.8528,-0.07
0.8556,-0.085
0.8583,-0.095
0.8611,-0.085
0.8639,-0.1
0.8667,-0.125
0.8694,-0.15
0.8722,-0.205
0.875,-0.23
0.8778,-0.285
0.8806,-0.37
0.8833,-0.45
0.8861,-0.525
0.8889,-0.585
0.8917,-0.625
0.8944,-0.665
0.8972,-0.69
0.9,-0.71
0.9028,-0.695
0.9056,-0.685
0.9083,-0.68
0.9111,-0.69
0.9139,-0.69
0.9167,-0.69
0.9194,-0.68
0.9222,-0.68
0.925,-0.67
0.9278,-0.655
0.9306,-0.665
0.9333,-0.67
0.9361,-0.665
0.9389,-0.66
0.9417,-0.65
0.9444,-0.655
0.9472,-0.66
0.95,-0.675
0.9528,-0.655
0.9556,-0.655
0.9583,-0.635
0.9611,-0.64
0.9639,-0.66
0.9667,-0.67
0.9694,-0.665
0.9722,-0.65
0.975,-0.635
0.9778,-0.64
0.9806,-0.655
0.9833,-0.64
0.9861,-0.635
0.9889,-0.625
0.9917,-0.6
0.9944,-0.605
0.9972,-0.62
1.0,-0.635
1.0028,-0.65
1.0056,-0.635
1.0083,-0.625
1.0111,-0.63
1.0139,-0.63
1.0167,-0.625
1.0194,-0.625
1.0222,-0.61
1.025,-0.605
1.0278,-0.6
1.0306,-0.595
1.0333,-0.605
1.0361,-0.61
1.0389,-0.605
1.0417,-0.59
1.0444,-0.595
1.0472,-0.6
1.05,-0.605
1.0528,-0.6
1.0556,-0.585
1.0583,-0.58
1.0611,-0.585
1.0639,-0.6
1.0667,-0.6
1.0694,-0.585
1.0722,-0.575
1.075,-0.585
1.0778,-0.6
1.0806,-0.61
1.0833,-0.605
1.0861,-0.605
1.0889,-0.6
1.0917,-0.58
1.0944,-0.575
1.0972,-0.595
1.1,-0.59
1.1028,-0.58
1.1056,-0.565
1.1083,-0.56
1.1111,-0.56
1.1139,-0.565
1.1167,-0.56
1.1194,-0.56
1.1222,-0.545
1.125,-0.535
1.1278,-0.55
1.1306,-0.54
1.1333,-0.57
1.1361,-0.56
1.1389,-0.545
1.1417,-0.53
1.1444,-0.52
1.1472,-0.52
1.15,-0.515
1.1528,-0.495
1.1556,-0.475
1.1583,-0.445
1.1611,-0.435
1.1639,-0.42
1.1667,-0.395
1.1694,-0.33
1.1722,-0.265
1.175,-0.2
1.1778,-0.145
1.1806,-0.11
1.1833,-0.055
1.1861,0.03
1.1889,0.115
1.1917,0.195
1.1944,0.265
1.1972,0.32
1.2,0.365
1.2028,0.415
1.2056,0.495
1.2083,0.54
1.2111,0.57
1.2139,0.59
1.2167,0.625
1.2194,0.65
1.2222,0.68
1.225,0.725
1.2278,0.755
1.2306,0.765
1.2333,0.775
1.2361,0.795
1.2389,0.775
1.2417,0.775
1.2444,0.715
1.2472,0.655
1.25,0.61
1.2528,0.545
1.2556,0.48
1.2583,0.39
1.2611,0.285
1.2639,0.185
1.2667,0.12
1.2694,0.07
1.2722,0.03
1.275,0.005
1.2778,-0.03
1.2806,-0.075
1.2833,-0.105
1.2861,-0.125
1.2889,-0.15
1.2917,-0.185
1.2944,-0.24
1.2972,-0.295
1.3,-0.35
1.3028,-0.4
1.3056,-0.44
1.3083,-0.465
1.3111,-0.495
1.3139,-0.545
1.3167,-0.555
1.3194,-0.575
1.3222,-0.58
1.325,-0.595
1.3278,-0.605
1.3306,-0.615
1.3333,-0.625
1.3361,-0.615
1.3389,-0.625
1.3417,-0.615
1.3444,-0.61
1.3472,-0.62
1.35,-0.62
1.3528,-0.62
1.3556,-0.625
1.3583,-0.63
1.3611,-0.635
1.3639,-0.63
1.3667,-0.65
1.3694,-0.64
1.3722,-0.63
1.375,-0.615
1.3778,-0.62
1.3806,-0.63
1.3833,-0.62
1.3861,-0.63
1.3889,-0.615
1.3917,-0.625
1.3944,-0.605
1.3972,-0.625
1.4,-0.63
1.4028,-0.62
1.4056,-0.605
1.4083,-0.605
1.4111,-0.61
1.4139,-0.605
1.4167,-0.61
1.4194,-0.61
1.4222,-0.585
1.425,-0.585
1.4278,-0.585
1.4306,-0.595
1.4333,-0.585
1.4361,-0.57
1.4389,-0.57
1.4417,-0.54
1.4444,-0.54
1.4472,-0.545
1.45,-0.545
1.4528,-0.55
1.4556,-0.535
1.4583,-0.51
1.4611,-0.5
1.4639,-0.505
1.4667,-0.51
1.4694,-0.51
1.4722,-0.505
1.475,-0.49
1.4778,-0.495
1.4806,-0.5
1.4833,-0.495
1.4861,-0.49
1.4889,-0.485
1.4917,-0.46
1.4944,-0.47
1.4972,-0.465
1.5,-0.465
1.5028,-0.44
1.5056,-0.425
1.5083,-0.405
1.5111,-0.41
1.5139,-0.41
1.5167,-0.41
1.5194,-0.395
1.5222,-0.355
1.525,-0.335
1.5278,-0.305
1.5306,-0.285
1.5333,-0.255
1.5361,-0.22
1.5389,-0.19
1.5417,-0.16
1.5444,-0.13
1.5472,-0.105
1.55,-0.065
1.5528,-0.035
1.5556,-0.005
1.5583,0.04
1.5611,0.055
1.5639,0.1
1.5667,0.125
1.5694,0.185
1.5722,0.255
1.575,0.32
1.5778,0.385
1.5806,0.44
1.5833,0.48
1.5861,0.545
1.5889,0.635
1.5917,0.725
1.5944,0.79
1.5972,0.865
1.6,0.93
1.6028,1.005
1.6056,1.06
1.6083,1.1
1.6111,1.12
1.6139,1.145
1.6167,1.185
1.6194,1.21
1.6222,1.205
1.625,1.155
1.6278,1.04
1.6306,0.925
1.6333,0.815
1.6361,0.71
1.6389,0.595
1.6417,0.455
1.6444,0.32
1.6472,0.2
1.65,0.08
1.6528,-0.055
1.6556,-0.2
1.6583,-0.315
1.6611,-0.42
1.6639,-0.505
1.6667,-0.53
1.6694,-0.545
1.6722,-0.545
1.675,-0.53
1.6778,-0.54
1.6806,-0.555
1.6833,-0.57
1.6861,-0.57
1.6889,-0.555
1.6917,-0.55
1.6944,-0.58
1.6972,-0.605
1.7,-0.61
1.7028,-0.595
1.7056,-0.575
1.7083,-0.57
1.7111,-0.58
1.7139,-0.585
1.7167,-0.595
1.7194,-0.6
1.7222,-0.585
1.725,-0.585
1.7278,-0.59
1.7306,-0.61
1.7333,-0.615
1.7361,-0.61
1.7389,-0.605
1.7417,-0.615
1.7444,-0.62
1.7472,-0.63
1.75,-0.625
1.7528,-0.62
1.7556,-0.61
1.7583,-0.615
1.7611,-0.615
1.7639,-0.615
1.7667,-0.615
1.7694,-0.615
1.7722,-0.615
1.775,-0.61
1.7778,-0.615
1.7806,-0.615
1.7833,-0.605
1.7861,-0.625
1.7889,-0.61
1.7917,-0.605
1.7944,-0.59
1.7972,-0.6
1.8,-0.625
1.8028,-0.615
1.8056,-0.58
1.8083,-0.58
1.8111,-0.575
1.8139,-0.575
1.8167,-0.58
1.8194,-0.565
1.8222,-0.55
1.825,-0.54
1.8278,-0.54
1.8306,-0.545
1.8333,-0.56
1.8361,-0.535
1.8389,-0.525
1.8417,-0.525
1.8444,-0.535
1.8472,-0.53
1.85,-0.525
1.8528,-0.52
1.8556,-0.505
1.8583,-0.495
1.8611,-0.49
1.8639,-0.505
1.8667,-0.5
1.8694,-0.5
1.8722,-0.48
1.875,-0.455
1.8778,-0.465
1.8806,-0.475
1.8833,-0.47
1.8861,-0.455
1.8889,-0.45
1.8917,-0.44
1.8944,-0.44
1.8972,-0.455
1.9,-0.46
1.9028,-0.435
1.9056,-0.435
1.9083,-0.425
1.9111,-0.425
1.9139,-0.425
1.9167,-0.43
1.9194,-0.435
1.9222,-0.42
1.925,-0.42
1.9278,-0.405
1.9306,-0.405
1.9333,-0.405
1.9361,-0.395
1.9389,-0.39
1.9417,-0.39
1.9444,-0.375
1.9472,-0.385
1.95,-0.385
1.9528,-0.385
1.9556,-0.37
1.9583,-0.36
1.9611,-0.37
1.9639,-0.375
1.9667,-0.385
1.9694,-0.37
1.9722,-0.35
1.975,-0.34
1.9778,-0.345
1.9806,-0.36
1.9833,-0.35
1.9861,-0.34
1.9889,-0.335
1.9917,-0.31
1.9944,-0.32
1.9972,-0.32
2.0,-0.31
2.0028,-0.29
2.0056,-0.285
2.0083,-0.255
2.0111,-0.255
2.0139,-0.245
2.0167,-0.25
2.0194,-0.245
2.0222,-0.24
2.025,-0.21
2.0278,-0.24
2.0306,-0.225
2.0333,-0.225
2.0361,-0.215
2.0389,-0.195
2.0417,-0.18
2.0444,-0.19
2.0472,-0.175
2.05,-0.195
2.0528,-0.175
2.0556,-0.165
2.0583,-0.165
2.0611,-0.175
2.0639,-0.185
2.0667,-0.19
2.0694,-0.18
2.0722,-0.17
2.075,-0.16
2.0778,-0.16
2.0806,-0.165
2.0833,-0.17
2.0861,-0.17
2.0889,-0.155
2.0917,-0.16
2.0944,-0.16
2.0972,-0.16
2.1,-0.17
2.1028,-0.16
2.1056,-0.155
2.1083,-0.14
2.1111,-0.155
2.1139,-0.16
2.1167,-0.155
2.1194,-0.155
2.1222,-0.145
2.125,-0.145
2.1278,-0.135
2.1306,-0.145
2.1333,-0.16
2.1361,-0.15
2.1389,-0.145
2.1417,-0.15
2.1444,-0.15
2.1472,-0.155
2.15,-0.165
2.1528,-0.155
2.1556,-0.145
2.1583,-0.13
2.1611,-0.135
2.1639,-0.15
2.1667,-0.16
2.1694,-0.15
2.1722,-0.145
2.175,-0.14
2.1778,-0.13
2.1806,-0.145
2.1833,-0.15
2.1861,-0.145
2.1889,-0.13
2.1917,-0.15
2.1944,-0.15
2.1972,-0.145
2.2,-0.165
2.2028,-0.16
2.2056,-0.14
2.2083,-0.14
2.2111,-0.135
2.2139,-0.145
2.2167,-0.145
2.2194,-0.135
2.2222,-0.145
2.225,-0.125
2.2278,-0.135
2.2306,-0.135
2.2333,-0.145
2.2361,-0.135
2.2389,-0.145
2.2417,-0.135
2.2444,-0.125
2.2472,-0.145
2.25,-0.155
2.2528,-0.145
2.2556,-0.14
2.2583,-0.13
2.2611,-0.125
2.2639,-0.135
2.2667,-0.135
2.2694,-0.12
2.2722,-0.095
2.275,-0.09
2.2778,-0.085
2.2806,-0.125
2.2833,-0.14
2.2861,-0.13
2.2889,-0.15
2.2917,-0.145
2.2944,-0.15
2.2972,-0.18
2.3,-0.2
2.3028,-0.23
2.3056,-0.24
2.3083,-0.275
2.3111,-0.33
2.3139,-0.405
2.3167,-0.485
2.3194,-0.525
2.3222,-0.595
2.325,-0.68
2.3278,-0.775
2.3306,-0.91
2.3333,-1.04
2.3361,-1.09
2.3389,-1.1
2.3417,-1.05
2.3444,-1.02
2.3472,-0.975
2.35,-0.91
2.3528,-0.8
2.3556,-0.7
2.3583,-0.65
2.3611,-0.61
2.3639,-0.575
2.3667,-0.53
2.3694,-0.48
2.3722,-0.42
2.375,-0.37
2.3778,-0.335
2.3806,-0.305
2.3833,-0.27
2.3861,-0.19
2.3889,-0.13
2.3917,-0.075
2.3944,-0.055
2.3972,-0.045
2.4,-0.04
2.4028,-0.02
2.4056,-0.015
2.4083,-0.01
2.4111,0.0
2.4139,0.0
2.4167,-0.01
2.4194,0.0
2.4222,0.015
2.425,0.03
2.4278,0.02
2.4306,0.005
2.4333,0.0
2.4361,0.025
2.4389,0.035
2.4417,0.04
2.4444,0.05
2.4472,0.045
2.45,0.045
2.4528,0.05
2.4556,0.065
2.4583,0.065
2.4611,0.075
2.4639,0.06
2.4667,0.065
2.4694,0.08
2.4722,0.075
2.475,0.095
2.4778,0.09
2.4806,0.08
2.4833,0.085
2.4861,0.095
2.4889,0.105
2.4917,0.125
2.4944,0.105
2.4972,0.115
2.5,0.125
2.5028,0.135
2.5056,0.15
2.5083,0.155
2.5111,0.16
2.5139,0.155
2.5167,0.155
2.5194,0.165
2.5222,0.185
2.525,0.185
2.5278,0.17
2.5306,0.155
2.5333,0.165
2.5361,0.175
2.5389,0.195
2.5417,0.205
2.5444,0.215
2.5472,0.2
2.55,0.2
2.5528,0.205
2.5556,0.24
2.5583,0.25
2.5611,0.25
2.5639,0.245
2.5667,0.255
2.5694,0.255
2.5722,0.265
2.575,0.28
2.5778,0.285
2.5806,0.275
2.5833,0.27
2.5861,0.28
2.5889,0.285
2.5917,0.3
2.5944,0.285
2.5972,0.29
2.6,0.285
2.6028,0.31
2.6056,0.32
2.6083,0.33
2.6111,0.33
2.6139,0.31
2.6167,0.315
2.6194,0.31
2.6222,0.325
2.625,0.345
2.6278,0.33
2.6306,0.315
2.6333,0.32
2.6361,0.33
2.6389,0.335
2.6417,0.34
2.6444,0.335
2.6472,0.33
2.65,0.325
2.6528,0.32
2.6556,0.34
2.6583,0.35
2.6611,0.34
2.6639,0.33
2.6667,0.335
2.6694,0.345
2.6722,0.345
2.675,0.33
2.6778,0.345
2.6806,0.33
2.6833,0.335
2.6861,0.34
2.6889,0.35
2.6917,0.355
2.6944,0.345
2.6972,0.345
2.7,0.34
2.7028,0.35
2.7056,0.36
2.7083,0.36
2.7111,0.35
2.7139,0.35
2.7167,0.36
2.7194,0.36
2.7222,0.375
2.725,0.39
2.7278,0.375
2.7306,0.37
2.7333,0.365
2.7361,0.385
2.7389,0.4
2.7417,0.41
2.7444,0.415
2.7472,0.39
2.75,0.39
2.7528,0.415
2.7556,0.42
2.7583,0.435
2.7611,0.425
2.7639,0.42
2.7667,0.44
2.7694,0.455
2.7722,0.465
2.775,0.475
2.7778,0.47
2.7806,0.46
2.7833,0.46
2.7861,0.47
2.7889,0.49
2.7917,0.495
2.7944,0.49
2.7972,0.485
2.8,0.475
2.8028,0.49
2.8056,0.505
2.8083,0.5
2.8111,0.49
2.8139,0.475
2.8167,0.475
2.8194,0.485
2.8222,0.495
2.825,0.485
2.8278,0.475
2.8306,0.465
2.8333,0.455
2.8361,0.465
2.8389,0.46
2.8417,0.46
2.8444,0.445
2.8472,0.43
2.85,0.405
2.8528,0.4
2.8556,0.41
2.8583,0.405
2.8611,0.385
2.8639,0.365
2.8667,0.355
2.8694,0.355
2.8722,0.36
2.875,0.36
2.8778,0.36
2.8806,0.34
2.8833,0.33
2.8861,0.32
2.8889,0.325
2.8917,0.315
2.8944,0.29
2.8972,0.29
2.9,0.27
2.9028,0.275
2.9056,0.28
2.9083,0.275
2.9111,0.265
2.9139,0.26
2.9167,0.24
2.9194,0.245
2.9222,0.24
2.925,0.245
2.9278,0.245
2.9306,0.23
2.9333,0.235
2.9361,0.25
2.9389,0.25
2.9417,0.25
2.9444,0.235
2.9472,0.245
2.95,0.265
2.9528,0.3
2.9556,0.31
2.9583,0.29
2.9611,0.265
2.9639,0.24
2.9667,0.23
2.9694,0.23
2.9722,0.21
2.975,0.19
2.9778,0.145
2.9806,0.07
2.9833,-0.01
2.9861,-0.125
2.9889,-0.245
2.9917,-0.34
2.9944,-0.42
2.9972,-0.47
3.0,-0.505
3.0028,-0.535
3.0056,-0.535
3.0083,-0.545
3.0111,-0.54
3.0139,-0.55
3.0167,-0.575
3.0194,-0.6
3.0222,-0.63
3.025,-0.65
3.0278,-0.66
3.0306,-0.655
3.0333,-0.635
3.0361,-0.61
3.0389,-0.59
3.0417,-0.585
3.0444,-0.58
3.0472,-0.585
3.05,-0.58
3.0528,-0.555
3.0556,-0.53
3.0583,-0.53
3.0611,-0.54
3.0639,-0.53
3.0667,-0.525
3.0694,-0.535
3.0722,-0.52
3.075,-0.505
3.0778,-0.51
3.0806,-0.525
3.0833,-0.515
3.0861,-0.505
3.0889,-0.47
3.0917,-0.475
3.0944,-0.465
3.0972,-0.465
3.1,-0.475
3.1028,-0.45
3.1056,-0.425
3.1083,-0.425
3.1111,-0.44
3.1139,-0.45
3.1167,-0.465
3.1194,-0.425
3.1222,-0.415
3.125,-0.405
3.1278,-0.415
3.1306,-0.435
3.1333,-0.43
3.1361,-0.42
3.1389,-0.405
3.1417,-0.395
3.1444,-0.405
3.1472,-0.41
3.15,-0.42
3.1528,-0.405
3.1556,-0.385
3.1583,-0.385
3.1611,-0.38
3.1639,-0.395
3.1667,-0.405
3.1694,-0.39
3.1722,-0.38
3.175,-0.36
3.1778,-0.36
3.1806,-0.365
3.1833,-0.38
3.1861,-0.35
3.1889,-0.34
3.1917,-0.345
3.1944,-0.35
3.1972,-0.345
3.2,-0.35
3.2028,-0.34
3.2056,-0.33
3.2083,-0.335
3.2111,-0.33
3.2139,-0.33
3.2167,-0.325
3.2194,-0.315
3.2222,-0.315
3.225,-0.3
3.2278,-0.295
3.2306,-0.31
3.2333,-0.31
3.2361,-0.295
3.2389,-0.27
3.2417,-0.28
3.2444,-0.28
3.2472,-0.3
3.25,-0.295
3.2528,-0.275
3.2556,-0.27
3.2583,-0.26
3.2611,-0.27
3.2639,-0.265
3.2667,-0.27
3.2694,-0.285
3.2722,-0.265
3.275,-0.245
3.2778,-0.24
3.2806,-0.23
3.2833,-0.225
3.2861,-0.21
3.2889,-0.195
3.2917,-0.2
3.2944,-0.21
3.2972,-0.23
3.3,-0.23
3.3028,-0.23
3.3056,-0.215
3.3083,-0.21
3.3111,-0.23
3.3139,-0.255
3.3167,-0.275
3.3194,-0.285
3.3222,-0.305
3.325,-0.315
3.3278,-0.33
3.3306,-0.335
3.3333,-0.365
3.3361,-0.35
3.3389,-0.36
3.3417,-0.37
3.3444,-0.41
3.3472,-0.43
3.35,-0.435
3.3528,-0.46
3.3556,-0.485
3.3583,-0.53
3.3611,-0.58
3.3639,-0.635
3.3667,-0.655
3.3694,-0.675
3.3722,-0.665
3.375,-0.645
3.3778,-0.615
3.3806,-0.58
3.3833,-0.55
3.3861,-0.505
3.3889,-0.46
3.3917,-0.445
3.3944,-0.42
3.3972,-0.41
3.4,-0.38
3.4028,-0.31
3.4056,-0.24
3.4083,-0.175
3.4111,-0.14
3.4139,-0.13
3.4167,-0.095
3.4194,-0.04
3.4222,-0.005
3.425,-0.01
3.4278,-0.04
3.4306,-0.1
3.4333,-0.155
3.4361,-0.205
3.4389,-0.235
3.4417,-0.245
3.4444,-0.27
3.4472,-0.3
3.45,-0.285
3.4528,-0.285
3.4556,-0.27
3.4583,-0.26
3.4611,-0.27
3.4639,-0.29
3.4667,-0.285
3.4694,-0.26
3.4722,-0.23
3.475,-0.2
3.4778,-0.195
3.4806,-0.21
3.4833,-0.19
3.4861,-0.165
3.4889,-0.145
3.4917,-0.14
3.4944,-0.14
3.4972,-0.145
3.5,-0.12
3.5028,-0.12
3.5056,-0.085
3.5083,-0.07
3.5111,-0.07
3.5139,-0.075
3.5167,-0.075
3.5194,-0.06
3.5222,-0.055
3.525,-0.045
3.5278,-0.03
3.5306,-0.025
3.5333,-0.035
3.5361,-0.045
3.5389,-0.025
3.5417,-0.015
3.5444,-0.015
3.5472,-0.015
3.55,-0.02
3.5528,0.0
3.5556,0.025
3.5583,0.03
3.5611,0.02
3.5639,0.005
3.5667,0.02
3.5694,0.03
3.5722,0.04
3.575,0.045
3.5778,0.04
3.5806,0.045
3.5833,0.055
3.5861,0.065
3.5889,0.075
3.5917,0.08
3.5944,0.08
3.5972,0.07
3.6,0.075
3.6028,0.09
3.6056,0.105
3.6083,0.11
3.6111,0.11
3.6139,0.105
3.6167,0.12
3.6194,0.12
3.6222,0.15
3.625,0.155
3.6278,0.14
3.6306,0.12
3.6333,0.105
3.6361,0.1
3.6389,0.085
3.6417,0.04
3.6444,0.0
3.6472,-0.05
3.65,-0.085
3.6528,-0.105
3.6556,-0.12
3.6583,-0.155
3.6611,-0.2
3.6639,-0.24
3.6667,-0.285
3.6694,-0.315
3.6722,-0.35
3.675,-0.39
3.6778,-0.45
3.6806,-0.495
3.6833,-0.54
3.6861,-0.575
3.6889,-0.61
3.6917,-0.67
3.6944,-0.73
3.6972,-0.82
3.7,-0.905
3.7028,-0.955
3.7056,-0.995
3.7083,-1.02
3.7111,-1.07
3.7139,-1.08
3.7167,-1.075
3.7194,-1.06
3.7222,-1.04
3.725,-1.015
3.7278,-0.965
3.7306,-0.93
3.7333,-0.885
3.7361,-0.825
3.7389,-0.745
3.7417,-0.705
3.7444,-0.66
3.7472,-0.62
3.75,-0.555
3.7528,-0.5
3.7556,-0.465
3.7583,-0.445
3.7611,-0.445
3.7639,-0.435
3.7667,-0.45
3.7694,-0.425
3.7722,-0.385
3.775,-0.345
3.7778,-0.32
3.7806,-0.29
3.7833,-0.265
3.7861,-0.24
3.7889,-0.19
3.7917,-0.155
3.7944,-0.155
3.7972,-0.13
3.8,-0.135
3.8028,-0.12
3.8056,-0.105
3.8083,-0.09
3.8111,-0.095
3.8139,-0.09
3.8167,-0.08
3.8194,-0.05
3.8222,-0.035
3.825,-0.025
3.8278,-0.02
3.8306,-0.015
3.8333,0.005
3.8361,0.035
3.8389,0.07
3.8417,0.085
3.8444,0.095
3.8472,0.085
3.85,0.09
3.8528,0.115
3.8556,0.13
3.8583,0.13
3.8611,0.12
3.8639,0.115
3.8667,0.125
3.8694,0.145
3.8722,0.165
3.875,0.185
3.8778,0.165
3.8806,0.175
3.8833,0.18
3.8861,0.195
3.8889,0.22
3.8917,0.225
3.8944,0.225
3.8972,0.235
3.9,0.235
3.9028,0.255
3.9056,0.28
3.9083,0.29
3.9111,0.29
3.9139,0.285
3.9167,0.29
3.9194,0.3
3.9222,0.32
3.925,0.35
3.9278,0.35
3.9306,0.345
3.9333,0.35
3.9361,0.355
3.9389,0.365
3.9417,0.38
3.9444,0.38
3.9472,0.36
3.95,0.38
3.9528,0.395
3.9556,0.405
3.9583,0.4
3.9611,0.375
3.9639,0.35
3.9667,0.32
3.9694,0.3
3.9722,0.275
3.975,0.24
3.9778,0.18
3.9806,0.125
3.9833,0.07
3.9861,0.01
3.9889,-0.025
3.9917,-0.085
3.9944,-0.165
3.9972,-0.22
4.0,-0.27
4.0028,-0.28
4.0056,-0.31
4.0083,-0.355
4.0111,-0.43
4.0139,-0.47
4.0167,-0.5
4.0194,-0.525
4.0222,-0.545
4.025,-0.59
4.0278,-0.645
4.0306,-0.685
4.0333,-0.72
4.0361,-0.75
4.0389,-0.77
4.0417,-0.81
4.0444,-0.865
4.0472,-0.905
4.05,-0.93
4.0528,-0.94
4.0556,-0.94
4.0583,-0.94
4.0611,-0.945
4.0639,-0.93
4.0667,-0.925
4.0694,-0.89
4.0722,-0.845
4.075,-0.825
4.0778,-0.815
4.0806,-0.805
4.0833,-0.765
4.0861,-0.735
4.0889,-0.69
4.0917,-0.66
4.0944,-0.655
4.0972,-0.655
4.1,-0.645
4.1028,-0.62
4.1056,-0.585
4.1083,-0.555
4.1111,-0.525
4.1139,-0.5
4.1167,-0.46
4.1194,-0.4
4.1222,-0.345
4.125,-0.305
4.1278,-0.275
4.1306,-0.24
4.1333,-0.215
4.1361,-0.175
4.1389,-0.125
4.1417,-0.09
4.1444,-0.075
4.1472,-0.06
4.15,-0.025
4.1528,0.005
4.1556,0.035
4.1583,0.06
4.1611,0.06
4.1639,0.065
4.1667,0.08
4.1694,0.11
4.1722,0.14
4.175,0.15
4.1778,0.165
4.1806,0.185
4.1833,0.185
4.1861,0.21
4.1889,0.225
4.1917,0.255
4.1944,0.25
4.1972,0.255
4.2,0.26
4.2028,0.27
4.2056,0.3
4.2083,0.31
4.2111,0.315
4.2139,0.315
4.2167,0.315
4.2194,0.335
4.2222,0.35
4.225,0.35
4.2278,0.345
4.2306,0.345
4.2333,0.345
4.2361,0.355
4.2389,0.365
4.2417,0.375
4.2444,0.36
4.2472,0.355
4.25,0.365
4.2528,0.385
4.2556,0.4
4.2583,0.4
4.2611,0.41
4.2639,0.41
4.2667,0.41
4.2694,0.425
4.2722,0.45
4.275,0.475
4.2778,0.47
4.2806,0.49
4.2833,0.49
4.2861,0.535
4.2889,0.56
4.2917,0.58
4.2944,0.575
4.2972,0.585
4.3,0.595
4.3028,0.595
4.3056,0.595
4.3083,0.56
4.3111,0.53
4.3139,0.48
4.3167,0.415
4.3194,0.375
4.3222,0.345
4.325,0.295
4.3278,0.21
4.3306,0.15
4.3333,0.065
4.3361,-0.015
4.3389,-0.09
4.3417,-0.16
4.3444,-0.23
4.3472,-0.28
4.35,-0.32
4.3528,-0.39
4.3556,-0.445
4.3583,-0.51
4.3611,-0.575
4.3639,-0.615
4.3667,-0.655
4.3694,-0.68
4.3722,-0.68
4.375,-0.73
4.3778,-0.765
4.3806,-0.795
4.3833,-0.825
4.3861,-0.81
4.3889,-0.8
4.3917,-0.785
4.3944,-0.785
4.3972,-0.795
4.4,-0.785
4.4028,-0.765
4.4056,-0.75
4.4083,-0.755
4.4111,-0.755
4.4139,-0.75
4.4167,-0.725
4.4194,-0.69
4.4222,-0.65
4.425,-0.645
4.4278,-0.62
4.4306,-0.61
4.4333,-0.58
4.4361,-0.54
4.4389,-0.52
4.4417,-0.53
4.4444,-0.555
4.4472,-0.57
4.45,-0.56
4.4528,-0.53
4.4556,-0.495
4.4583,-0.48
4.4611,-0.47
4.4639,-0.455
4.4667,-0.445
4.4694,-0.405
4.4722,-0.365
4.475,-0.36
4.4778,-0.355
4.4806,-0.345
4.4833,-0.35
4.4861,-0.325
4.4889,-0.31
4.4917,-0.295
4.4944,-0.3
4.4972,-0.31
4.5,-0.285
4.5028,-0.27
4.5056,-0.235
4.5083,-0.23
4.5111,-0.22
4.5139,-0.215
4.5167,-0.2
4.5194,-0.18
4.5222,-0.155
4.525,-0.14
4.5278,-0.14
4.5306,-0.125
4.5333,-0.135
4.5361,-0.12
4.5389,-0.09
4.5417,-0.075
4.5444,-0.075
4.5472,-0.045
4.55,-0.03
4.5528,0.005
4.5556,0.035
4.5583,0.055
4.5611,0.07
4.5639,0.09
4.5667,0.105
4.5694,0.135
4.5722,0.165
4.575,0.185
4.5778,0.19
4.5806,0.175
4.5833,0.2
4.5861,0.205
4.5889,0.235
4.5917,0.24
4.5944,0.23
4.5972,0.22
4.6,0.225
4.6028,0.235
4.6056,0.255
4.6083,0.275
4.6111,0.285
4.6139,0.285
4.6167,0.305
4.6194,0.32
4.6222,0.36
4.625,0.365
4.6278,0.375
4.6306,0.385
4.6333,0.4
4.6361,0.42
4.6389,0.435
4.6417,0.42
4.6444,0.41
4.6472,0.425
4.65,0.415
4.6528,0.45
4.6556,0.475
4.6583,0.505
4.6611,0.51
4.6639,0.53
4.6667,0.535
4.6694,0.555
4.6722,0.59
4.675,0.6
4.6778,0.585
4.6806,0.535
4.6833,0.51
4.6861,0.455
4.6889,0.46
4.6917,0.41
4.6944,0.335
4.6972,0.215
4.7,0.095
4.7028,0.015
4.7056,-0.055
4.7083,-0.125
4.7111,-0.205
4.7139,-0.295
4.7167,-0.37
4.7194,-0.405
4.7222,-0.43
4.725,-0.45
4.7278,-0.48
4.7306,-0.515
4.7333,-0.555
4.7361,-0.585
4.7389,-0.6
4.7417,-0.64
4.7444,-0.655
4.7472,-0.635
4.75,-0.63
4.7528,-0.635
4.7556,-0.63
4.7583,-0.635
4.7611,-0.625
4.7639,-0.62
4.7667,-0.625
4.7694,-0.605
4.7722,-0.595
4.775,-0.575
4.7778,-0.57
4.7806,-0.555
4.7833,-0.53
4.7861,-0.485
4.7889,-0.45
4.7917,-0.42
4.7944,-0.4
4.7972,-0.38
4.8,-0.39
4.8028,-0.39
4.8056,-0.38
4.8083,-0.4
4.8111,-0.435
4.8139,-0.47
4.8167,-0.505
4.8194,-0.495
4.8222,-0.475
4.825,-0.465
4.8278,-0.47
4.8306,-0.475
4.8333,-0.485
4.8361,-0.46
4.8389,-0.43
4.8417,-0.435
4.8444,-0.44
4.8472,-0.445
4.85,-0.445
4.8528,-0.425
4.8556,-0.415
4.8583,-0.41
4.8611,-0.415
4.8639,-0.415
4.8667,-0.41
4.8694,-0.39
4.8722,-0.38
4.875,-0.38
4.8778,-0.4
4.8806,-0.415
4.8833,-0.4
4.8861,-0.4
4.8889,-0.38
4.8917,-0.38
4.8944,-0.39
4.8972,-0.4
4.9,-0.4
4.9028,-0.385
4.9056,-0.37
4.9083,-0.365
4.9111,-0.365
4.9139,-0.385
4.9167,-0.37
4.9194,-0.355
4.9222,-0.33
4.925,-0.345
4.9278,-0.345
4.9306,-0.345
4.9333,-0.335
4.9361,-0.315
4.9389,-0.3
4.9417,-0.315
4.9444,-0.32
4.9472,-0.33
4.95,-0.32
4.9528,-0.295
4.9556,-0.285
4.9583,-0.285
4.9611,-0.275
4.9639,-0.28
4.9667,-0.285
4.9694,-0.27
4.9722,-0.255
4.975,-0.275
4.9778,-0.28
4.9806,-0.295
4.9833,-0.29
4.9861,-0.28
4.9889,-0.25
4.9917,-0.245
4.9944,-0.24
4.9972,-0.235
5.0,-0.21
5.0028,-0.19
5.0056,-0.15
5.0083,-0.145
5.0111,-0.145
5.0139,-0.14
5.0167,-0.135
5.0194,-0.135
5.0222,-0.105
5.025,-0.075
5.0278,-0.04
5.0306,0.01
5.0333,0.05
5.0361,0.105
5.0389,0.16
5.0417,0.195
5.0444,0.205
5.0472,0.17
5.05,0.085
5.0528,0.025
5.0556,0.015
5.0583,0.01
5.0611,-0.005
5.0639,-0.04
5.0667,-0.04
5.0694,-0.03
5.0722,-0.025
5.075,-0.045
5.0778,-0.085
5.0806,-0.135
5.0833,-0.16
5.0861,-0.195
5.0889,-0.2
5.0917,-0.22
5.0944,-0.235
5.0972,-0.26
5.1,-0.3
5.1028,-0.325
5.1056,-0.315
5.1083,-0.3
5.1111,-0.285
5.1139,-0.25
5.1167,-0.215
5.1194,-0.17
5.1222,-0.12
5.125,-0.1
5.1278,-0.07
5.1306,-0.045
5.1333,-0.025
5.1361,0.015
5.1389,0.045
5.1417,0.05
5.1444,0.05
5.1472,0.02
5.15,-0.025
5.1528,-0.075
5.1556,-0.1
5.1583,-0.14
5.1611,-0.165
5.1639,-0.185
5.1667,-0.17
5.1694,-0.15
5.1722,-0.135
5.175,-0.145
5.1778,-0.14
5.1806,-0.155
5.1833,-0.145
5.1861,-0.12
5.1889,-0.11
5.1917,-0.09
5.1944,-0.1
5.1972,-0.09
5.2,-0.085
5.2028,-0.075
5.2056,-0.065
5.2083,-0.065
5.2111,-0.07
5.2139,-0.085
5.2167,-0.075
5.2194,-0.065
5.2222,-0.065
5.225,-0.065
5.2278,-0.065
5.2306,-0.075
5.2333,-0.075
5.2361,-0.07
5.2389,-0.05
5.2417,-0.035
5.2444,-0.03
5.2472,-0.04
5.25,-0.04
5.2528,-0.015
5.2556,0.005
5.2583,0.01
5.2611,0.015
5.2639,0.0
5.2667,0.01
5.2694,0.025
5.2722,0.045
5.275,0.045
5.2778,0.045
5.2806,0.055
5.2833,0.045
5.2861,0.055
5.2889,0.065
5.2917,0.07
5.2944,0.045
5.2972,0.045
5.3,0.05
5.3028,0.07
5.3056,0.085
5.3083,0.085
5.3111,0.08
5.3139,0.07
5.3167,0.075
5.3194,0.09
5.3222,0.115
5.325,0.1
5.3278,0.1
5.3306,0.085
5.3333,0.08
5.3361,0.075
5.3389,0.09
5.3417,0.085
5.3444,0.07
5.3472,0.06
5.35,0.045
5.3528,0.04
5.3556,0.035
5.3583,0.02
5.3611,0.01
5.3639,-0.005
5.3667,-0.025
5.3694,-0.035
5.3722,-0.04
5.375,-0.06
5.3778,-0.075
5.3806,-0.12
5.3833,-0.14
5.3861,-0.125
5.3889,-0.12
5.3917,-0.15
5.3944,-0.22
5.3972,-0.31
5.4,-0.375
5.4028,-0.42
5.4056,-0.445
5.4083,-0.47
5.4111,-0.505
5.4139,-0.55
5.4167,-0.6
5.4194,-0.645
5.4222,-0.685
5.425,-0.74
5.4278,-0.79
5.4306,-0.87
5.4333,-0.92
5.4361,-0.945
5.4389,-0.935
5.4417,-0.94
5.4444,-0.92
5.4472,-0.9
5.45,-0.85
5.4528,-0.825
5.4556,-0.8
5.4583,-0.76
5.4611,-0.715
5.4639,-0.695
5.4667,-0.655
5.4694,-0.625
5.4722,-0.59
5.475,-0.56
5.4778,-0.515
5.4806,-0.47
5.4833,-0.46
5.4861,-0.43
5.4889,-0.4
5.4917,-0.335
5.4944,-0.275
5.4972,-0.185
5.5,-0.105
5.5028,-0.02
5.5056,0.045
5.5083,0.095
5.5111,0.12
5.5139,0.14
5.5167,0.16
5.5194,0.16
5.5222,0.145
5.525,0.14
5.5278,0.115
5.5306,0.12
5.5333,0.135
5.5361,0.145
5.5389,0.17
5.5417,0.18
5.5444,0.175
5.5472,0.155
5.55,0.16
5.5528,0.185
5.5556,0.21
5.5583,0.215
5.5611,0.195
5.5639,0.18
5.5667,0.175
5.5694,0.195
5.5722,0.205
5.575,0.215
5.5778,0.2
5.5806,0.185
5.5833,0.19
5.5861,0.2
5.5889,0.215
5.5917,0.21
5.5944,0.195
5.5972,0.18
5.6,0.2
5.6028,0.21
5.6056,0.225
5.6083,0.225
5.6111,0.22
5.6139,0.215
5.6167,0.215
5.6194,0.245
5.6222,0.265
5.625,0.27
5.6278,0.25
5.6306,0.255
5.6333,0.265
5.6361,0.275
5.6389,0.29
5.6417,0.28
5.6444,0.26
5.6472,0.27
5.65,0.275
5.6528,0.29
5.6556,0.31
5.6583,0.295
5.6611,0.28
5.6639,0.27
5.6667,0.275
5.6694,0.285
5.6722,0.33
5.675,0.325
5.6778,0.3
5.6806,0.265
5.6833,0.25
5.6861,0.275
5.6889,0.3
5.6917,0.28
5.6944,0.27
5.6972,0.24
5.7,0.22
5.7028,0.21
5.7056,0.215
5.7083,0.21
5.7111,0.19
5.7139,0.175
5.7167,0.16
5.7194,0.15
5.7222,0.15
5.725,0.12
5.7278,0.09
5.7306,0.07
5.7333,0.045
5.7361,0.035
5.7389,0.01
5.7417,0.015
5.7444,0.005
5.7472,-0.01
5.75,-0.04
5.7528,-0.06
5.7556,-0.06
5.7583,-0.09
5.7611,-0.12
5.7639,-0.16
5.7667,-0.2
5.7694,-0.245
5.7722,-0.26
5.775,-0.27
5.7778,-0.29
5.7806,-0.3
5.7833,-0.3
5.7861,-0.305
5.7889,-0.305
5.7917,-0.335
5.7944,-0.39
5.7972,-0.455
5.8,-0.52
5.8028,-0.58
5.8056,-0.64
5.8083,-0.68
5.8111,-0.67
5.8139,-0.685
5.8167,-0.69
5.8194,-0.68
5.8222,-0.68
5.825,-0.675
5.8278,-0.69
5.8306,-0.7
5.8333,-0.68
5.8361,-0.66
5.8389,-0.69
5.8417,-0.745
5.8444,-0.76
5.8472,-0.755
5.85,-0.71
5.8528,-0.685
5.8556,-0.665
5.8583,-0.65
5.8611,-0.635
5.8639,-0.605
5.8667,-0.535
5.8694,-0.46
5.8722,-0.41
5.875,-0.385
5.8778,-0.35
5.8806,-0.31
5.8833,-0.24
5.8861,-0.125
5.8889,-0.015
5.8917,0.055
5.8944,0.085
5.8972,0.095
5.9,0.11
5.9028,0.135
5.9056,0.17
5.9083,0.195
5.9111,0.2
5.9139,0.19
5.9167,0.205
5.9194,0.22
5.9222,0.26
5.925,0.28
5.9278,0.285
5.9306,0.29
5.9333,0.3
5.9361,0.33
5.9389,0.345
5.9417,0.34
5.9444,0.325
5.9472,0.3
5.95,0.31
5.9528,0.33
5.9556,0.365
5.9583,0.36
5.9611,0.36
5.9639,0.345
5.9667,0.375
5.9694,0.405
5.9722,0.425
5.975,0.425
5.9778,0.415
5.9806,0.405
5.9833,0.4
5.9861,0.415
5.9889,0.44
5.9917,0.42
5.9944,0.42
5.9972,0.43
6.0,0.43
6.0028,0.43
6.0056,0.455
6.0083,0.465
6.0111,0.46
6.0139,0.465
6.0167,0.46
6.0194,0.46
6.0222,0.455
6.025,0.44
6.0278,0.41
6.0306,0.39
6.0333,0.38
6.0361,0.375
6.0389,0.385
6.0417,0.365
6.0444,0.36
6.0472,0.36
6.05,0.365
6.0528,0.36
6.0556,0.37
6.0583,0.33
6.0611,0.28
6.0639,0.25
6.0667,0.245
6.0694,0.26
6.0722,0.25
6.075,0.215
6.0778,0.195
6.0806,0.185
6.0833,0.22
6.0861,0.235
6.0889,0.225
6.0917,0.16
6.0944,0.105
6.0972,0.07
6.1,0.015
6.1028,-0.02
6.1056,-0.055
6.1083,-0.075
6.1111,-0.09
6.1139,-0.125
6.1167,-0.145
6.1194,-0.155
6.1222,-0.165
6.125,-0.175
6.1278,-0.225
6.1306,-0.265
6.1333,-0.315
6.1361,-0.38
6.1389,-0.44
6.1417,-0.5
6.1444,-0.53
6.1472,-0.545
6.15,-0.535
6.1528,-0.52
6.1556,-0.515
6.1583,-0.535
6.1611,-0.555
6.1639,-0.58
6.1667,-0.57
6.1694,-0.57
6.1722,-0.585
6.175,-0.62
6.1778,-0.665
6.1806,-0.695
6.1833,-0.735
6.1861,-0.76
6.1889,-0.77
6.1917,-0.785
6.1944,-0.81
6.1972,-0.825
6.2,-0.835
6.2028,-0.82
6.2056,-0.8
6.2083,-0.785
6.2111,-0.78
6.2139,-0.77
6.2167,-0.75
6.2194,-0.7
6.2222,-0.655
6.225,-0.625
6.2278,-0.615
6.2306,-0.605
6.2333,-0.57
6.2361,-0.525
6.2389,-0.455
6.2417,-0.405
6.2444,-0.36
6.2472,-0.325
6.25,-0.28
6.2528,-0.25
6.2556,-0.205
6.2583,-0.18
6.2611,-0.145
6.2639,-0.07
6.2667,0.005
6.2694,0.075
6.2722,0.135
6.275,0.18
6.2778,0.21
6.2806,0.23
6.2833,0.3
6.2861,0.355
6.2889,0.425
6.2917,0.44
6.2944,0.455
6.2972,0.47
6.3,0.5
6.3028,0.515
6.3056,0.54
6.3083,0.545
6.3111,0.55
6.3139,0.56
6.3167,0.58
6.3194,0.6
6.3222,0.625
6.325,0.625
6.3278,0.61
6.3306,0.6
6.3333,0.62
6.3361,0.635
6.3389,0.635
6.3417,0.63
6.3444,0.62
6.3472,0.61
6.35,0.61
6.3528,0.615
6.3556,0.595
6.3583,0.575
6.3611,0.545
6.3639,0.53
6.3667,0.525
6.3694,0.53
6.3722,0.54
6.375,0.54
6.3778,0.515
6.3806,0.49
6.3833,0.47
6.3861,0.47
6.3889,0.475
6.3917,0.455
6.3944,0.435
6.3972,0.405
6.4,0.38
6.4028,0.385
6.4056,0.38
6.4083,0.38
6.4111,0.37
6.4139,0.375
6.4167,0.38
6.4194,0.42
6.4222,0.455
6.425,0.445
6.4278,0.38
6.4306,0.3
6.4333,0.23
6.4361,0.185
6.4389,0.18
6.4417,0.125
6.4444,0.1
6.4472,0.075
6.45,0.06
6.4528,0.025
6.4556,0.01
6.4583,-0.035
6.4611,-0.065
6.4639,-0.12
6.4667,-0.185
6.4694,-0.245
6.4722,-0.29
6.475,-0.325
6.4778,-0.345
6.4806,-0.36
6.4833,-0.36
6.4861,-0.37
6.4889,-0.395
6.4917,-0.435
6.4944,-0.48
6.4972,-0.52
6.5,-0.545
6.5028,-0.56
6.5056,-0.56
6.5083,-0.585
6.5111,-0.6
6.5139,-0.645
6.5167,-0.665
6.5194,-0.675
6.5222,-0.66
6.525,-0.66
6.5278,-0.665
6.5306,-0.65
6.5333,-0.645
6.5361,-0.635
6.5389,-0.62
6.5417,-0.625
6.5444,-0.635
6.5472,-0.65
6.55,-0.64
6.5528,-0.64
6.5556,-0.65
6.5583,-0.66
6.5611,-0.66
6.5639,-0.64
6.5667,-0.635
6.5694,-0.625
6.5722,-0.595
6.575,-0.59
6.5778,-0.585
6.5806,-0.58
6.5833,-0.54
6.5861,-0.51
6.5889,-0.46
6.5917,-0.435
6.5944,-0.405
6.5972,-0.36
6.6,-0.325
6.6028,-0.27
6.6056,-0.195
6.6083,-0.155
6.6111,-0.095
6.6139,-0.06
6.6167,-0.015
6.6194,0.05
6.6222,0.11
6.625,0.175
6.6278,0.225
6.6306,0.28
6.6333,0.335
6.6361,0.37
6.6389,0.415
6.6417,0.44
6.6444,0.46
6.6472,0.48
6.65,0.49
6.6528,0.52
6.6556,0.555
6.6583,0.57
6.6611,0.59
6.6639,0.595
6.6667,0.61
6.6694,0.615
6.6722,0.62
6.675,0.605
6.6778,0.59
6.6806,0.565
6.6833,0.56
6.6861,0.555
6.6889,0.55
6.6917,0.52
6.6944,0.49
6.6972,0.445
6.7,0.435
6.7028,0.44
6.7056,0.435
6.7083,0.435
6.7111,0.405
6.7139,0.39
6.7167,0.37
6.7194,0.36
6.7222,0.355
6.725,0.325
6.7278,0.295
6.7306,0.27
6.7333,0.255
6.7361,0.24
6.7389,0.245
6.7417,0.24
6.7444,0.24
6.7472,0.26
6.75,0.275
6.7528,0.315
6.7556,0.345
6.7583,0.35
6.7611,0.315
6.7639,0.275
6.7667,0.23
6.7694,0.215
6.7722,0.18
6.775,0.135
6.7778,0.105
6.7806,0.07
6.7833,0.04
6.7861,0.035
6.7889,0.06
6.7917,0.075
6.7944,0.055
6.7972,0.045
6.8,0.03
6.8028,0.035
6.8056,0.0
6.8083,-0.05
6.8111,-0.135
6.8139,-0.205
6.8167,-0.275
6.8194,-0.305
6.8222,-0.32
6.825,-0.325
6.8278,-0.34
6.8306,-0.375
6.8333,-0.415
6.8361,-0.46
6.8389,-0.49
6.8417,-0.51
6.8444,-0.535
6.8472,-0.55
6.85,-0.555
6.8528,-0.545
6.8556,-0.545
6.8583,-0.555
6.8611,-0.555
6.8639,-0.555
6.8667,-0.555
6.8694,-0.57
6.8722,-0.615
6.875,-0.655
6.8778,-0.72
6.8806,-0.74
6.8833,-0.725
6.8861,-0.705
6.8889,-0.7
6.8917,-0.7
6.8944,-0.71
6.8972,-0.715
6.9,-0.695
6.9028,-0.675
6.9056,-0.66
6.9083,-0.66
6.9111,-0.645
6.9139,-0.64
6.9167,-0.62
6.9194,-0.565
6.9222,-0.505
6.925,-0.47
6.9278,-0.43
6.9306,-0.365
6.9333,-0.325
6.9361,-0.27
6.9389,-0.225
6.9417,-0.175
6.9444,-0.155
6.9472,-0.13
6.95,-0.105
6.9528,-0.035
6.9556,0.015
6.9583,0.055
6.9611,0.1
6.9639,0.135
6.9667,0.18
6.9694,0.235
6.9722,0.27
6.975,0.32
6.9778,0.33
6.9806,0.355
6.9833,0.385
6.9861,0.43
6.9889,0.465
6.9917,0.48
6.9944,0.48
6.9972,0.48
7.0,0.48
7.0028,0.505
7.0056,0.52
7.0083,0.525
7.0111,0.515
7.0139,0.495
7.0167,0.49
7.0194,0.47
7.0222,0.46
7.025,0.425
7.0278,0.385
7.0306,0.37
7.0333,0.355
7.0361,0.355
7.0389,0.375
7.0417,0.37
7.0444,0.34
7.0472,0.33
7.05,0.315
7.0528,0.28
7.0556,0.275
7.0583,0.235
7.0611,0.19
7.0639,0.17
7.0667,0.17
7.0694,0.165
7.0722,0.18
7.075,0.185
7.0778,0.2
7.0806,0.225
7.0833,0.26
7.0861,0.265
7.0889,0.22
7.0917,0.15
7.0944,0.105
7.0972,0.07
7.1,0.05
7.1028,0.03
7.1056,0.01
7.1083,0.0
7.1111,-0.02
7.1139,-0.04
7.1167,-0.03
7.1194,-0.015
7.1222,-0.005
7.125,0.0
7.1278,-0.025
7.1306,-0.075
7.1333,-0.12
7.1361,-0.175
7.1389,-0.21
7.1417,-0.255
7.1444,-0.285
7.1472,-0.29
7.15,-0.285
7.1528,-0.295
7.1556,-0.325
7.1583,-0.36
7.1611,-0.4
7.1639,-0.44
7.1667,-0.455
7.1694,-0.465
7.1722,-0.47
7.175,-0.47
7.1778,-0.475
7.1806,-0.5
7.1833,-0.5
7.1861,-0.515
7.1889,-0.545
7.1917,-0.6
7.1944,-0.645
7.1972,-0.685
7.2,-0.685
7.2028,-0.695
7.2056,-0.69
7.2083,-0.71
7.2111,-0.715
7.2139,-0.72
7.2167,-0.705
7.2194,-0.695
7.2222,-0.665
7.225,-0.645
7.2278,-0.64
7.2306,-0.615
7.2333,-0.565
7.2361,-0.52
7.2389,-0.485
7.2417,-0.45
7.2444,-0.43
7.2472,-0.395
7.25,-0.36
7.2528,-0.29
7.2556,-0.245
7.2583,-0.21
7.2611,-0.205
7.2639,-0.18
7.2667,-0.15
7.2694,-0.1
7.2722,-0.055
7.275,-0.025
7.2778,-0.005
7.2806,0.01
7.2833,0.035
7.2861,0.075
7.2889,0.11
7.2917,0.145
7.2944,0.165
7.2972,0.185
7.3,0.22
7.3028,0.265
7.3056,0.295
7.3083,0.33
7.3111,0.355
7.3139,0.37
7.3167,0.4
7.3194,0.425
7.3222,0.455
7.325,0.46
7.3278,0.485
7.3306,0.49
7.3333,0.51
7.3361,0.525
7.3389,0.535
7.3417,0.54
7.3444,0.535
7.3472,0.51
7.35,0.5
7.3528,0.49
7.3556,0.47
7.3583,0.445
7.3611,0.42
7.3639,0.395
7.3667,0.37
7.3694,0.375
7.3722,0.36
7.375,0.34
7.3778,0.315
7.3806,0.285
7.3833,0.25
7.3861,0.24
7.3889,0.22
7.3917,0.185
7.3944,0.155
7.3972,0.125
7.4,0.14
7.4028,0.14
7.4056,0.155
7.4083,0.16
7.4111,0.17
7.4139,0.185
7.4167,0.195
7.4194,0.17
7.4222,0.135
7.425,0.085
7.4278,0.05
7.4306,0.025
7.4333,0.025
7.4361,0.02
7.4389,0.02
7.4417,0.0
7.4444,-0.045
7.4472,-0.045
7.45,-0.05
7.4528,-0.05
7.4556,-0.075
7.4583,-0.11
7.4611,-0.145
7.4639,-0.195
7.4667,-0.23
7.4694,-0.235
7.4722,-0.225
7.475,-0.215
7.4778,-0.215
7.4806,-0.23
7.4833,-0.26
7.4861,-0.265
7.4889,-0.26
7.4917,-0.29
7.4944,-0.335
7.4972,-0.39
7.5,-0.455
7.5028,-0.525
7.5056,-0.58
7.5083,-0.62
7.5111,-0.65
7.5139,-0.685
7.5167,-0.69
7.5194,-0.685
7.5222,-0.695
7.525,-0.715
7.5278,-0.74
7.5306,-0.75
7.5333,-0.75
7.5361,-0.725
7.5389,-0.68
7.5417,-0.66
7.5444,-0.655
7.5472,-0.64
7.55,-0.605
7.5528,-0.59
7.5556,-0.545
7.5583,-0.52
7.5611,-0.485
7.5639,-0.46
7.5667,-0.43
7.5694,-0.375
7.5722,-0.335
7.575,-0.325
7.5778,-0.285
7.5806,-0.255
7.5833,-0.205
7.5861,-0.13
7.5889,-0.07
7.5917,-0.035
7.5944,-0.025
7.5972,0.01
7.6,0.05
7.6028,0.09
7.6056,0.125
7.6083,0.15
7.6111,0.145
7.6139,0.145
7.6167,0.165
7.6194,0.215
7.6222,0.235
7.625,0.26
7.6278,0.275
7.6306,0.295
7.6333,0.315
7.6361,0.345
7.6389,0.375
7.6417,0.4
7.6444,0.395
7.6472,0.42
7.65,0.425
7.6528,0.455
7.6556,0.465
7.6583,0.47
7.6611,0.47
7.6639,0.45
7.6667,0.465
7.6694,0.48
7.6722,0.485
7.675,0.475
7.6778,0.45
7.6806,0.44
7.6833,0.44
7.6861,0.45
7.6889,0.445
7.6917,0.43
7.6944,0.43
7.6972,0.415
7.7,0.395
7.7028,0.385
7.7056,0.36
7.7083,0.335
7.7111,0.29
7.7139,0.275
7.7167,0.24
7.7194,0.23
7.7222,0.195
7.725,0.19
7.7278,0.16
7.7306,0.155
7.7333,0.16
7.7361,0.17
7.7389,0.205
7.7417,0.235
7.7444,0.235
7.7472,0.2
7.75,0.18
7.7528,0.15
7.7556,0.145
7.7583,0.12
7.7611,0.105
7.7639,0.085
7.7667,0.075
7.7694,0.055
7.7722,0.075
7.775,0.07
7.7778,0.06
7.7806,0.04
7.7833,0.03
7.7861,-0.01
7.7889,-0.05
7.7917,-0.095
7.7944,-0.16
7.7972,-0.23
7.8,-0.29
7.8028,-0.355
7.8056,-0.415
7.8083,-0.475
7.8111,-0.535
7.8139,-0.595
7.8167,-0.655
7.8194,-0.725
7.8222,-0.8
7.825,-0.84
7.8278,-0.855
7.8306,-0.855
7.8333,-0.86
7.8361,-0.835
7.8389,-0.79
7.8417,-0.775
7.8444,-0.75
7.8472,-0.74
7.85,-0.69
7.8528,-0.645
7.8556,-0.61
7.8583,-0.575
7.8611,-0.53
7.8639,-0.5
7.8667,-0.49
7.8694,-0.48
7.8722,-0.45
7.875,-0.415
7.8778,-0.39
7.8806,-0.35
7.8833,-0.31
7.8861,-0.27
7.8889,-0.22
7.8917,-0.19
7.8944,-0.165
7.8972,-0.15
7.9,-0.135
7.9028,-0.095
7.9056,-0.055
7.9083,-0.025
7.9111,0.015
7.9139,0.05
7.9167,0.095
7.9194,0.125
7.9222,0.15
7.925,0.175
7.9278,0.185
7.9306,0.195
7.9333,0.225
7.9361,0.255
7.9389,0.3
7.9417,0.32
7.9444,0.32
7.9472,0.325
7.95,0.335
7.9528,0.37
7.9556,0.395
7.9583,0.4
7.9611,0.405
7.9639,0.415
7.9667,0.44
7.9694,0.45
7.9722,0.455
7.975,0.445
7.9778,0.43
7.9806,0.415
7.9833,0.415
7.9861,0.425
7.9889,0.425
7.9917,0.415
7.9944,0.405
7.9972,0.42
8.0,0.415
8.0028,0.415
8.0056,0.425
8.0083,0.41
8.0111,0.39
8.0139,0.37
8.0167,0.355
8.0194,0.365
8.0222,0.36
8.025,0.355
8.0278,0.32
8.0306,0.295
8.0333,0.285
8.0361,0.265
8.0389,0.245
8.0417,0.225
8.0444,0.22
8.0472,0.235
8.05,0.255
8.0528,0.265
8.0556,0.285
8.0583,0.285
8.0611,0.25
8.0639,0.22
8.0667,0.175
8.0694,0.12
8.0722,0.085
8.075,0.05
8.0778,0.02
8.0806,0.0
8.0833,0.005
8.0861,-0.005
8.0889,-0.025
8.0917,-0.025
8.0944,-0.04
8.0972,-0.03
8.1,-0.05
8.1028,-0.12
8.1056,-0.215
8.1083,-0.335
8.1111,-0.415
8.1139,-0.48
8.1167,-0.515
8.1194,-0.565
8.1222,-0.61
8.125,-0.66
8.1278,-0.69
8.1306,-0.735
8.1333,-0.79
8.1361,-0.805
8.1389,-0.83
8.1417,-0.865
8.1444,-0.89
8.1472,-0.91
8.15,-0.9
8.1528,-0.895
8.1556,-0.86
8.1583,-0.83
8.1611,-0.805
8.1639,-0.76
8.1667,-0.71
8.1694,-0.655
8.1722,-0.625
8.175,-0.6
8.1778,-0.58
8.1806,-0.53
8.1833,-0.475
8.1861,-0.415
8.1889,-0.39
8.1917,-0.355
8.1944,-0.35
8.1972,-0.32
8.2,-0.29
8.2028,-0.26
8.2056,-0.23
8.2083,-0.19
8.2111,-0.165
8.2139,-0.145
8.2167,-0.115
8.2194,-0.085
8.2222,-0.04
8.225,-0.02
8.2278,0.0
8.2306,0.03
8.2333,0.095
8.2361,0.16
8.2389,0.2
8.2417,0.23
8.2444,0.255
8.2472,0.285
8.25,0.32
8.2528,0.355
8.2556,0.375
8.2583,0.375
8.2611,0.365
8.2639,0.37
8.2667,0.395
8.2694,0.445
8.2722,0.465
8.275,0.47
8.2778,0.465
8.2806,0.47
8.2833,0.475
8.2861,0.5
8.2889,0.5
8.2917,0.505
8.2944,0.5
8.2972,0.48
8.3,0.48
8.3028,0.475
8.3056,0.48
8.3083,0.465
8.3111,0.455
8.3139,0.47
8.3167,0.465
8.3194,0.46
8.3222,0.455
8.325,0.445
8.3278,0.425
8.3306,0.405
8.3333,0.375
8.3361,0.375
8.3389,0.38
8.3417,0.345
8.3444,0.32
8.3472,0.31
8.35,0.305
8.3528,0.29
8.3556,0.27
8.3583,0.24
8.3611,0.235
8.3639,0.235
8.3667,0.28
8.3694,0.3
8.3722,0.31
8.375,0.28
8.3778,0.215
8.3806,0.125
8.3833,0.055
8.3861,0.02
8.3889,0.0
8.3917,-0.055
8.3944,-0.08
8.3972,-0.14
8.4,-0.19
8.4028,-0.23
8.4056,-0.245
8.4083,-0.26
8.4111,-0.295
8.4139,-0.34
8.4167,-0.39
8.4194,-0.45
8.4222,-0.505
8.425,-0.575
8.4278,-0.645
8.4306,-0.685
8.4333,-0.7
8.4361,-0.715
8.4389,-0.725
8.4417,-0.755
8.4444,-0.81
8.4472,-0.815
8.45,-0.85
8.4528,-0.855
8.4556,-0.84
8.4583,-0.84
8.4611,-0.84
8.4639,-0.83
8.4667,-0.79
8.4694,-0.745
8.4722,-0.695
8.475,-0.67
8.4778,-0.635
8.4806,-0.59
8.4833,-0.56
8.4861,-0.505
8.4889,-0.47
8.4917,-0.445
8.4944,-0.44
8.4972,-0.42
8.5,-0.39
8.5028,-0.35
8.5056,-0.32
8.5083,-0.3
8.5111,-0.28
8.5139,-0.275
8.5167,-0.22
8.5194,-0.18
8.5222,-0.15
8.525,-0.11
8.5278,-0.09
8.5306,-0.06
8.5333,-0.04
8.5361,0.0
8.5389,0.025
8.5417,0.055
8.5444,0.09
8.5472,0.135
8.55,0.185
8.5528,0.24
8.5556,0.265
8.5583,0.29
8.5611,0.315
8.5639,0.33
8.5667,0.355
8.5694,0.38
8.5722,0.4
8.575,0.415
8.5778,0.425
8.5806,0.42
8.5833,0.455
8.5861,0.49
8.5889,0.505
8.5917,0.51
8.5944,0.5
8.5972,0.495
8.6,0.51
8.6028,0.535
8.6056,0.545
8.6083,0.545
8.6111,0.535
8.6139,0.535
8.6167,0.55
8.6194,0.565
8.6222,0.585
8.625,0.585
8.6278,0.595
8.6306,0.6
8.6333,0.61
8.6361,0.635
8.6389,0.63
8.6417,0.63
8.6444,0.625
8.6472,0.62
8.65,0.615
8.6528,0.625
8.6556,0.64
8.6583,0.64
8.6611,0.62
8.6639,0.63
8.6667,0.62
8.6694,0.635
8.6722,0.61
8.675,0.595
8.6778,0.545
8.6806,0.495
8.6833,0.45
8.6861,0.385
8.6889,0.295
8.6917,0.19
8.6944,0.08
8.6972,-0.02
8.7,-0.11
8.7028,-0.17
8.7056,-0.255
8.7083,-0.335
8.7111,-0.39
8.7139,-0.43
8.7167,-0.46
8.7194,-0.545
8.7222,-0.655
8.725,-0.78
8.7278,-0.89
8.7306,-1.0
8.7333,-1.1
8.7361,-1.175
8.7389,-1.225
8.7417,-1.245
8.7444,-1.23
8.7472,-1.235
8.75,-1.235
8.7528,-1.2
8.7556,-1.16
8.7583,-1.115
8.7611,-1.085
8.7639,-1.035
8.7667,-0.96
8.7694,-0.885
8.7722,-0.83
8.775,-0.795
8.7778,-0.775
8.7806,-0.745
8.7833,-0.705
8.7861,-0.645
8.7889,-0.59
8.7917,-0.52
8.7944,-0.485
8.7972,-0.44
8.8,-0.395
8.8028,-0.35
8.8056,-0.31
8.8083,-0.285
8.8111,-0.27
8.8139,-0.235
8.8167,-0.195
8.8194,-0.16
8.8222,-0.145
8.825,-0.12
8.8278,-0.105
8.8306,-0.095
8.8333,-0.06
8.8361,-0.03
8.8389,0.005
8.8417,0.025
8.8444,0.03
8.8472,0.045
8.85,0.08
8.8528,0.12
8.8556,0.165
8.8583,0.19
8.8611,0.205
8.8639,0.21
8.8667,0.235
8.8694,0.275
8.8722,0.29
8.875,0.3
8.8778,0.31
8.8806,0.32
8.8833,0.325
8.8861,0.36
8.8889,0.375
8.8917,0.385
8.8944,0.385
8.8972,0.38
8.9,0.405
8.9028,0.415
8.9056,0.43
8.9083,0.435
8.9111,0.43
8.9139,0.43
8.9167,0.445
8.9194,0.455
8.9222,0.465
8.925,0.46
8.9278,0.46
8.9306,0.465
8.9333,0.48
8.9361,0.49
8.9389,0.505
8.9417,0.52
8.9444,0.515
8.9472,0.525
8.95,0.54
8.9528,0.57
8.9556,0.585
8.9583,0.58
8.9611,0.585
8.9639,0.575
8.9667,0.585
8.9694,0.595
8.9722,0.615
8.975,0.615
8.9778,0.6
8.9806,0.61
8.9833,0.625
8.9861,0.64
8.9889,0.635
8.9917,0.62
8.9944,0.58
8.9972,0.555
9.0,0.52
9.0028,0.48
9.0056,0.425
9.0083,0.33
9.0111,0.26
9.0139,0.185
9.0167,0.125
9.0194,0.03
9.0222,-0.07
9.025,-0.16
9.0278,-0.255
9.0306,-0.315
9.0333,-0.4
9.0361,-0.485
9.0389,-0.57
9.0417,-0.615
9.0444,-0.675
9.0472,-0.73
9.05,-0.755
9.0528,-0.765
9.0556,-0.775
9.0583,-0.81
9.0611,-0.85
9.0639,-0.875
9.0667,-0.91
9.0694,-0.93
9.0722,-0.98
9.075,-1.02
9.0778,-1.04
9.0806,-1.04
9.0833,-0.99
9.0861,-0.95
9.0889,-0.935
9.0917,-0.955
9.0944,-0.975
9.0972,-0.985
9.1,-0.97
9.1028,-0.955
9.1056,-0.945
9.1083,-0.91
9.1111,-0.9
9.1139,-0.89
9.1167,-0.875
9.1194,-0.845
9.1222,-0.81
9.125,-0.77
9.1278,-0.73
9.1306,-0.695
9.1333,-0.64
9.1361,-0.575
9.1389,-0.515
9.1417,-0.48
9.1444,-0.44
9.1472,-0.42
9.15,-0.37
9.1528,-0.31
9.1556,-0.28
9.1583,-0.235
9.1611,-0.2
9.1639,-0.16
9.1667,-0.115
9.1694,-0.07
9.1722,-0.025
9.175,0.025
9.1778,0.05
9.1806,0.08
9.1833,0.125
9.1861,0.165
9.1889,0.215
9.1917,0.23
9.1944,0.24
9.1972,0.255
9.2,0.27
9.2028,0.3
9.2056,0.305
9.2083,0.315
9.2111,0.315
9.2139,0.32
9.2167,0.335
9.2194,0.365
9.2222,0.36
9.225,0.38
9.2278,0.37
9.2306,0.39
9.2333,0.405
9.2361,0.425
9.2389,0.45
9.2417,0.445
9.2444,0.445
9.2472,0.45
9.25,0.45
9.2528,0.465
9.2556,0.48
9.2583,0.475
9.2611,0.47
9.2639,0.46
9.2667,0.465
9.2694,0.48
9.2722,0.49
9.275,0.5
9.2778,0.48
9.2806,0.485
9.2833,0.5
9.2861,0.52
9.2889,0.535
9.2917,0.525
9.2944,0.53
9.2972,0.53
9.3,0.545
9.3028,0.56
9.3056,0.59
9.3083,0.575
9.3111,0.585
9.3139,0.58
9.3167,0.575
9.3194,0.605
9.3222,0.605
9.325,0.59
9.3278,0.57
9.3306,0.54
9.3333,0.53
9.3361,0.505
9.3389,0.44
9.3417,0.38
9.3444,0.305
9.3472,0.215
9.35,0.135
9.3528,0.055
9.3556,-0.045
9.3583,-0.165
9.3611,-0.27
9.3639,-0.355
9.3667,-0.445
9.3694,-0.52
9.3722,-0.565
9.375,-0.64
9.3778,-0.685
9.3806,-0.715
9.3833,-0.72
9.3861,-0.745
9.3889,-0.775
9.3917,-0.8
9.3944,-0.82
9.3972,-0.81
9.4,-0.78
9.4028,-0.75
9.4056,-0.74
9.4083,-0.74
9.4111,-0.76
9.4139,-0.77
9.4167,-0.785
9.4194,-0.785
9.4222,-0.8
9.425,-0.82
9.4278,-0.875
9.4306,-0.895
9.4333,-0.895
9.4361,-0.87
9.4389,-0.855
9.4417,-0.835
9.4444,-0.825
9.4472,-0.81
9.45,-0.795
9.4528,-0.76
9.4556,-0.735
9.4583,-0.705
9.4611,-0.655
9.4639,-0.615
9.4667,-0.565
9.4694,-0.515
9.4722,-0.475
9.475,-0.455
9.4778,-0.435
9.4806,-0.4
9.4833,-0.36
9.4861,-0.33
9.4889,-0.3
9.4917,-0.28
9.4944,-0.28
9.4972,-0.26
9.5,-0.225
9.5028,-0.175
9.5056,-0.14
9.5083,-0.11
9.5111,-0.075
9.5139,-0.03
9.5167,0.02
9.5194,0.065
9.5222,0.095
9.525,0.15
9.5278,0.155
9.5306,0.18
9.5333,0.205
9.5361,0.245
9.5389,0.28
9.5417,0.3
9.5444,0.315
9.5472,0.335
9.55,0.355
9.5528,0.38
9.5556,0.39
9.5583,0.39
9.5611,0.4
9.5639,0.4
9.5667,0.42
9.5694,0.44
9.5722,0.45
9.575,0.475
9.5778,0.485
9.5806,0.485
9.5833,0.49
9.5861,0.51
9.5889,0.52
9.5917,0.525
9.5944,0.52
9.5972,0.52
9.6,0.55
9.6028,0.56
9.6056,0.575
9.6083,0.57
9.6111,0.565
9.6139,0.57
9.6167,0.595
9.6194,0.63
9.6222,0.645
9.625,0.645
9.6278,0.635
9.6306,0.655
9.6333,0.66
9.6361,0.7
9.6389,0.72
9.6417,0.705
9.6444,0.7
9.6472,0.71
9.65,0.705
9.6528,0.735
9.6556,0.745
9.6583,0.73
9.6611,0.71
9.6639,0.705
9.6667,0.705
9.6694,0.71
9.6722,0.695
9.675,0.68
9.6778,0.665
9.6806,0.665
9.6833,0.665
9.6861,0.67
9.6889,0.68
9.6917,0.675
9.6944,0.67
9.6972,0.675
9.7,0.69
9.7028,0.71
9.7056,0.745
9.7083,0.79
9.7111,0.815
9.7139,0.82
9.7167,0.835
9.7194,0.84
9.7222,0.835
9.725,0.81
9.7278,0.795
9.7306,0.765
9.7333,0.775
9.7361,0.755
9.7389,0.745
9.7417,0.74
9.7444,0.735
9.7472,0.725
9.75,0.72
9.7528,0.71
9.7556,0.68
9.7583,0.635
9.7611,0.585
9.7639,0.515
9.7667,0.45
9.7694,0.385
9.7722,0.34
9.775,0.315
9.7778,0.28
9.7806,0.24
9.7833,0.185
9.7861,0.135
9.7889,0.075
9.7917,0.005
9.7944,-0.085
9.7972,-0.16
9.8,-0.21
9.8028,-0.23
9.8056,-0.255
9.8083,-0.3
9.8111,-0.365
9.8139,-0.45
9.8167,-0.535
9.8194,-0.64
9.8222,-0.72
9.825,-0.795
9.8278,-0.84
9.8306,-0.845
9.8333,-0.865
9.8361,-0.88
9.8389,-0.9
9.8417,-0.91
9.8444,-0.905
9.8472,-0.915
9.85,-0.905
9.8528,-0.905
9.8556,-0.945
9.8583,-1.0
9.8611,-1.09
9.8639,-1.155
9.8667,-1.185
9.8694,-1.19
9.8722,-1.19
9.875,-1.19
9.8778,-1.2
9.8806,-1.2
9.8833,-1.18
9.8861,-1.135
9.8889,-1.11
9.8917,-1.095
9.8944,-1.09
9.8972,-1.07
9.9,-1.025
9.9028,-0.99
9.9056,-0.975
9.9083,-0.955
9.9111,-0.915
9.9139,-0.885
9.9167,-0.82
9.9194,-0.755
9.9222,-0.685
9.925,-0.635
9.9278,-0.595
9.9306,-0.56
9.9333,-0.5
9.9361,-0.445
9.9389,-0.405
9.9417,-0.39
9.9444,-0.395
9.9472,-0.37
9.95,-0.34
9.9528,-0.31
9.9556,-0.29
9.9583,-0.285
9.9611,-0.29
9.9639,-0.295
9.9667,-0.27
9.9694,-0.245
9.9722,-0.23
9.975,-0.225
9.9778,-0.215
9.9806,-0.205
9.9833,-0.195
9.9861,-0.15
9.9889,-0.13
9.9917,-0.12
9.9944,-0.14
9.9972,-0.105
10.0,-0.065
10.0028,-0.04
10.0056,-0.01
10.0083,0.01
10.0111,0.025
10.0139,0.065
10.0167,0.1
10.0194,0.125
10.0222,0.155
10.025,0.175
10.0278,0.2
10.0306,0.27
10.0333,0.32
10.0361,0.36
10.0389,0.37
10.0417,0.39
10.0444,0.405
10.0472,0.41
10.05,0.41
10.0528,0.425
10.0556,0.445
10.0583,0.445
10.0611,0.42
10.0639,0.405
10.0667,0.385
10.0694,0.385
10.0722,0.375
10.075,0.35
10.0778,0.33
10.0806,0.315
10.0833,0.33
10.0861,0.35
10.0889,0.345
10.0917,0.31
10.0944,0.275
10.0972,0.26
10.1,0.25
10.1028,0.23
10.1056,0.235
10.1083,0.195
10.1111,0.17
10.1139,0.11
10.1167,0.1
10.1194,0.11
10.1222,0.105
10.125,0.095
10.1278,0.07
10.1306,0.045
10.1333,0.025
10.1361,-0.01
10.1389,-0.03
10.1417,-0.065
10.1444,-0.11
10.1472,-0.13
10.15,-0.15
10.1528,-0.16
10.1556,-0.19
10.1583,-0.235
10.1611,-0.275
10.1639,-0.295
10.1667,-0.305
10.1694,-0.325
10.1722,-0.34
10.175,-0.385
10.1778,-0.435
10.1806,-0.47
10.1833,-0.495
10.1861,-0.495
10.1889,-0.505
10.1917,-0.515
10.1944,-0.54
10.1972,-0.545
10.2,-0.55
10.2028,-0.56
10.2056,-0.575
10.2083,-0.595
10.2111,-0.605
10.2139,-0.595
10.2167,-0.59
10.2194,-0.57
10.2222,-0.555
10.225,-0.565
10.2278,-0.565
10.2306,-0.555
10.2333,-0.525
10.2361,-0.505
10.2389,-0.495
10.2417,-0.485
10.2444,-0.49
10.2472,-0.48
10.25,-0.475
10.2528,-0.465
10.2556,-0.46
10.2583,-0.48
10.2611,-0.495
10.2639,-0.495
10.2667,-0.505
10.2694,-0.515
10.2722,-0.535
10.275,-0.57
10.2778,-0.6
10.2806,-0.625
10.2833,-0.63
10.2861,-0.645
10.2889,-0.66
10.2917,-0.685
10.2944,-0.705
10.2972,-0.72
10.3,-0.735
10.3028,-0.735
10.3056,-0.745
10.3083,-0.76
10.3111,-0.77
10.3139,-0.78
10.3167,-0.735
10.3194,-0.69
10.3222,-0.685
10.325,-0.69
10.3278,-0.695
10.3306,-0.69
10.3333,-0.61
10.3361,-0.565
10.3389,-0.5
10.3417,-0.46
10.3444,-0.43
10.3472,-0.36
10.35,-0.265
10.3528,-0.16
10.3556,-0.06
10.3583,0.035
10.3611,0.09
10.3639,0.15
10.3667,0.2
10.3694,0.245
10.3722,0.29
10.375,0.325
10.3778,0.345
10.3806,0.345
10.3833,0.345
10.3861,0.385
10.3889,0.38
10.3917,0.38
10.3944,0.355
10.3972,0.345
10.4,0.365
10.4028,0.365
10.4056,0.375
10.4083,0.35
10.4111,0.315
10.4139,0.3
10.4167,0.29
10.4194,0.29
10.4222,0.255
10.425,0.26
10.4278,0.25
10.4306,0.24
10.4333,0.255
10.4361,0.235
10.4389,0.23
10.4417,0.195
10.4444,0.165
10.4472,0.14
10.45,0.135
10.4528,0.13
10.4556,0.115
10.4583,0.1
10.4611,0.08
10.4639,0.075
10.4667,0.075
10.4694,0.06
10.4722,0.06
10.475,0.03
10.4778,0.0
10.4806,-0.025
10.4833,-0.025
10.4861,-0.04
10.4889,-0.055
10.4917,-0.1
10.4944,-0.14
10.4972,-0.155
10.5,-0.17
10.5028,-0.18
10.5056,-0.205
10.5083,-0.215
10.5111,-0.245
10.5139,-0.24
10.5167,-0.24
10.5194,-0.235
10.5222,-0.26
10.525,-0.295
10.5278,-0.34
10.5306,-0.385
10.5333,-0.4
10.5361,-0.405
10.5389,-0.395
10.5417,-0.385
10.5444,-0.37
10.5472,-0.38
10.55,-0.36
10.5528,-0.335
10.5556,-0.32
10.5583,-0.31
10.5611,-0.305
10.5639,-0.31
10.5667,-0.295
10.5694,-0.3
10.5722,-0.305
10.575,-0.335
10.5778,-0.355
10.5806,-0.35
10.5833,-0.335
10.5861,-0.31
10.5889,-0.32
10.5917,-0.335
10.5944,-0.335
10.5972,-0.355
10.6,-0.38
10.6028,-0.41
10.6056,-0.44
10.6083,-0.475
10.6111,-0.525
10.6139,-0.56
10.6167,-0.575
10.6194,-0.58
10.6222,-0.595
10.625,-0.63
10.6278,-0.655
10.6306,-0.675
10.6333,-0.675
10.6361,-0.67
10.6389,-0.7
10.6417,-0.735
10.6444,-0.73
10.6472,-0.725
10.65,-0.7
10.6528,-0.66
10.6556,-0.62
10.6583,-0.595
10.6611,-0.58
10.6639,-0.555
10.6667,-0.51
10.6694,-0.455
10.6722,-0.415
10.675,-0.38
10.6778,-0.345
10.6806,-0.29
10.6833,-0.205
10.6861,-0.12
10.6889,-0.015
10.6917,0.07
10.6944,0.13
10.6972,0.2
10.7,0.27
10.7028,0.35
10.7056,0.415
10.7083,0.44
10.7111,0.455
10.7139,0.48
10.7167,0.515
10.7194,0.55
10.7222,0.57
10.725,0.575
10.7278,0.575
10.7306,0.57
10.7333,0.58
10.7361,0.565
10.7389,0.555
10.7417,0.53
10.7444,0.495
10.7472,0.48
10.75,0.46
10.7528,0.425
10.7556,0.375
10.7583,0.33
10.7611,0.29
10.7639,0.275
10.7667,0.27
10.7694,0.245
10.7722,0.22
10.775,0.18
10.7778,0.135
10.7806,0.105
10.7833,0.09
10.7861,0.055
10.7889,0.02
10.7917,-0.01
10.7944,-0.05
10.7972,-0.065
10.8,-0.075
10.8028,-0.095
10.8056,-0.115
10.8083,-0.145
10.8111,-0.195
10.8139,-0.215
10.8167,-0.23
10.8194,-0.215
10.8222,-0.22
10.825,-0.23
10.8278,-0.26
10.8306,-0.275
10.8333,-0.295
10.8361,-0.305
10.8389,-0.34
10.8417,-0.365
10.8444,-0.405
10.8472,-0.4
10.85,-0.385
10.8528,-0.385
10.8556,-0.4
10.8583,-0.405
10.8611,-0.425
10.8639,-0.435
10.8667,-0.42
10.8694,-0.395
10.8722,-0.385
10.875,-0.375
10.8778,-0.385
10.8806,-0.38
10.8833,-0.36
10.8861,-0.355
10.8889,-0.325
10.8917,-0.335
10.8944,-0.335
10.8972,-0.325
10.9,-0.33
10.9028,-0.32
10.9056,-0.325
10.9083,-0.32
10.9111,-0.31
10.9139,-0.3
10.9167,-0.295
10.9194,-0.29
10.9222,-0.31
10.925,-0.31
10.9278,-0.325
10.9306,-0.345
10.9333,-0.355
10.9361,-0.37
10.9389,-0.405
10.9417,-0.425
10.9444,-0.46
10.9472,-0.47
10.95,-0.475
10.9528,-0.48
10.9556,-0.475
10.9583,-0.505
10.9611,-0.535
10.9639,-0.555
10.9667,-0.565
10.9694,-0.59
10.9722,-0.605
10.975,-0.625
10.9778,-0.635
10.9806,-0.62
10.9833,-0.6
10.9861,-0.555
10.9889,-0.53
10.9917,-0.515
10.9944,-0.505
10.9972,-0.46
11.0,-0.41
11.0028,-0.375
11.0056,-0.34
11.0083,-0.305
11.0111,-0.29
11.0139,-0.27
11.0167,-0.23
11.0194,-0.17
11.0222,-0.145
11.025,-0.1
11.0278,-0.1
11.0306,-0.055
11.0333,0.005
11.0361,0.07
11.0389,0.13
11.0417,0.195
11.0444,0.265
11.0472,0.34
11.05,0.41
11.0528,0.49
11.0556,0.535
11.0583,0.58
11.0611,0.6
11.0639,0.625
11.0667,0.665
11.0694,0.68
11.0722,0.695
11.075,0.715
11.0778,0.695
11.0806,0.695
11.0833,0.705
11.0861,0.725
11.0889,0.71
11.0917,0.695
11.0944,0.675
11.0972,0.66
11.1,0.66
11.1028,0.64
11.1056,0.615
11.1083,0.585
11.1111,0.525
11.1139,0.495
11.1167,0.475
11.1194,0.445
11.1222,0.405
11.125,0.375
11.1278,0.32
11.1306,0.265
11.1333,0.22
11.1361,0.17
11.1389,0.135
11.1417,0.085
11.1444,0.005
11.1472,-0.06
11.15,-0.12
11.1528,-0.185
11.1556,-0.23
11.1583,-0.275
11.1611,-0.32
11.1639,-0.36
11.1667,-0.4
11.1694,-0.405
11.1722,-0.405
11.175,-0.42
11.1778,-0.44
11.1806,-0.44
11.1833,-0.415
11.1861,-0.385
11.1889,-0.365
11.1917,-0.365
11.1944,-0.37
11.1972,-0.375
11.2,-0.375
11.2028,-0.37
11.2056,-0.365
11.2083,-0.375
11.2111,-0.38
11.2139,-0.415
11.2167,-0.41
11.2194,-0.42
11.2222,-0.425
11.225,-0.445
11.2278,-0.47
11.2306,-0.475
11.2333,-0.48
11.2361,-0.47
11.2389,-0.475
11.2417,-0.49
11.2444,-0.515
11.2472,-0.53
11.25,-0.555
11.2528,-0.58
11.2556,-0.595
11.2583,-0.645
11.2611,-0.68
11.2639,-0.7
11.2667,-0.715
11.2694,-0.695
11.2722,-0.715
11.275,-0.745
11.2778,-0.77
11.2806,-0.79
11.2833,-0.79
11.2861,-0.785
11.2889,-0.77
11.2917,-0.755
11.2944,-0.74
11.2972,-0.72
11.3,-0.69
11.3028,-0.67
11.3056,-0.655
11.3083,-0.64
11.3111,-0.63
11.3139,-0.62
11.3167,-0.59
11.3194,-0.545
11.3222,-0.53
11.325,-0.505
11.3278,-0.475
11.3306,-0.46
11.3333,-0.435
11.3361,-0.395
11.3389,-0.38
11.3417,-0.355
11.3444,-0.34
11.3472,-0.315
11.35,-0.28
11.3528,-0.245
11.3556,-0.225
11.3583,-0.205
11.3611,-0.185
11.3639,-0.15
11.3667,-0.125
11.3694,-0.09
11.3722,-0.055
11.375,-0.03
11.3778,0.0
11.3806,0.035
11.3833,0.075
11.3861,0.105
11.3889,0.135
11.3917,0.15
11.3944,0.17
11.3972,0.195
11.4,0.225
11.4028,0.275
11.4056,0.33
11.4083,0.395
11.4111,0.47
11.4139,0.545
11.4167,0.615
11.4194,0.665
11.4222,0.69
11.425,0.705
11.4278,0.73
11.4306,0.75
11.4333,0.77
11.4361,0.785
11.4389,0.79
11.4417,0.77
11.4444,0.75
11.4472,0.74
11.45,0.72
11.4528,0.705
11.4556,0.69
11.4583,0.655
11.4611,0.625
11.4639,0.585
11.4667,0.54
11.4694,0.515
11.4722,0.475
11.475,0.445
11.4778,0.41
11.4806,0.37
11.4833,0.35
11.4861,0.305
11.4889,0.27
11.4917,0.21
11.4944,0.155
11.4972,0.115
11.5,0.075
11.5028,0.035
11.5056,-0.01
11.5083,-0.075
11.5111,-0.1
11.5139,-0.145
11.5167,-0.165
11.5194,-0.185
11.5222,-0.24
11.525,-0.28
11.5278,-0.32
11.5306,-0.355
11.5333,-0.36
11.5361,-0.34
11.5389,-0.33
11.5417,-0.33
11.5444,-0.345
11.5472,-0.345
11.55,-0.32
11.5528,-0.32
11.5556,-0.365
11.5583,-0.4
11.5611,-0.47
11.5639,-0.52
11.5667,-0.565
11.5694,-0.6
11.5722,-0.635
11.575,-0.695
11.5778,-0.71
11.5806,-0.73
11.5833,-0.73
11.5861,-0.73
11.5889,-0.745
11.5917,-0.775
11.5944,-0.8
11.5972,-0.815
11.6,-0.83
11.6028,-0.835
11.6056,-0.835
11.6083,-0.86
11.6111,-0.865
11.6139,-0.86
11.6167,-0.84
11.6194,-0.82
11.6222,-0.785
11.625,-0.77
11.6278,-0.745
11.6306,-0.705
11.6333,-0.66
11.6361,-0.62
11.6389,-0.57
11.6417,-0.535
11.6444,-0.515
11.6472,-0.48
11.65,-0.45
11.6528,-0.405
11.6556,-0.375
11.6583,-0.36
11.6611,-0.35
11.6639,-0.335
11.6667,-0.31
11.6694,-0.265
11.6722,-0.245
11.675,-0.235
11.6778,-0.225
11.6806,-0.21
11.6833,-0.185
11.6861,-0.16
11.6889,-0.14
11.6917,-0.13
11.6944,-0.12
11.6972,-0.095
11.7,-0.055
11.7028,-0.025
11.7056,-0.005
11.7083,0.005
11.7111,0.015
11.7139,0.035
11.7167,0.065
11.7194,0.08
11.7222,0.1
11.725,0.11
11.7278,0.135
11.7306,0.155
11.7333,0.185
11.7361,0.205
11.7389,0.215
11.7417,0.205
11.7444,0.22
11.7472,0.24
11.75,0.275
11.7528,0.325
11.7556,0.385
11.7583,0.455
11.7611,0.535
11.7639,0.595
11.7667,0.645
11.7694,0.68
11.7722,0.71
11.775,0.715
11.7778,0.72
11.7806,0.755
11.7833,0.775
11.7861,0.78
11.7889,0.77
11.7917,0.76
11.7944,0.73
11.7972,0.72
11.8,0.71
11.8028,0.695
11.8056,0.67
11.8083,0.64
11.8111,0.585
11.8139,0.545
11.8167,0.525
11.8194,0.495
11.8222,0.45
11.825,0.4
11.8278,0.365
11.8306,0.33
11.8333,0.315
11.8361,0.28
11.8389,0.22
11.8417,0.18
11.8444,0.15
11.8472,0.105
11.85,0.085
11.8528,0.04
11.8556,-0.01
11.8583,-0.05
11.8611,-0.09
11.8639,-0.125
11.8667,-0.145
11.8694,-0.135
11.8722,-0.16
11.875,-0.2
11.8778,-0.24
11.8806,-0.275
11.8833,-0.26
11.8861,-0.24
11.8889,-0.245
11.8917,-0.225
11.8944,-0.245
11.8972,-0.275
11.9,-0.285
11.9028,-0.31
11.9056,-0.345
11.9083,-0.4
11.9111,-0.465
11.9139,-0.52
11.9167,-0.555
11.9194,-0.59
11.9222,-0.62
11.925,-0.665
11.9278,-0.695
11.9306,-0.735
11.9333,-0.765
11.9361,-0.79
11.9389,-0.82
11.9417,-0.87
11.9444,-0.9
11.9472,-0.91
11.95,-0.915
11.9528,-0.915
11.9556,-0.915
11.9583,-0.91
11.9611,-0.905
11.9639,-0.89
11.9667,-0.845
11.9694,-0.805
11.9722,-0.775
11.975,-0.755
11.9778,-0.73
11.9806,-0.69
11.9833,-0.64
11.9861,-0.59
11.9889,-0.55
11.9917,-0.53
11.9944,-0.51
11.9972,-0.485
12.0,-0.445
12.0028,-0.425
12.0056,-0.385
12.0083,-0.37
12.0111,-0.34
12.0139,-0.315
12.0167,-0.265
12.0194,-0.24
12.0222,-0.225
12.025,-0.22
12.0278,-0.23
12.0306,-0.225
12.0333,-0.21
12.0361,-0.185
12.0389,-0.17
12.0417,-0.175
12.0444,-0.165
12.0472,-0.145
12.05,-0.115
12.0528,-0.1
12.0556,-0.08
12.0583,-0.075
12.0611,-0.065
12.0639,-0.06
12.0667,-0.03
12.0694,-0.005
12.0722,0.01
12.075,0.01
12.0778,0.005
12.0806,0.01
12.0833,0.015
12.0861,0.045
12.0889,0.075
12.0917,0.075
12.0944,0.085
12.0972,0.085
12.1,0.12
12.1028,0.13
12.1056,0.155
12.1083,0.14
12.1111,0.135
12.1139,0.14
12.1167,0.14
12.1194,0.145
12.1222,0.15
12.125,0.145
12.1278,0.15
12.1306,0.145
12.1333,0.16
12.1361,0.19
12.1389,0.19
12.1417,0.19
12.1444,0.17
12.1472,0.175
12.15,0.205
12.1528,0.235
12.1556,0.255
12.1583,0.255
12.1611,0.26
12.1639,0.28
12.1667,0.295
12.1694,0.335
12.1722,0.36
12.175,0.395
12.1778,0.41
12.1806,0.44
12.1833,0.505
12.1861,0.575
12.1889,0.645
12.1917,0.73
12.1944,0.815
12.1972,0.87
12.2,0.945
12.2028,1.03
12.2056,1.075
12.2083,1.1
12.2111,1.125
12.2139,1.13
12.2167,1.15
12.2194,1.155
12.2222,1.13
12.225,1.105
12.2278,1.06
12.2306,1.025
12.2333,1.02
12.2361,1.015
12.2389,0.98
12.2417,0.93
12.2444,0.875
12.2472,0.835
12.25,0.795
12.2528,0.735
12.2556,0.68
12.2583,0.615
12.2611,0.55
12.2639,0.5
12.2667,0.46
12.2694,0.41
12.2722,0.36
12.275,0.315
12.2778,0.265
12.2806,0.205
12.2833,0.16
12.2861,0.13
12.2889,0.09
12.2917,0.03
12.2944,-0.015
12.2972,-0.085
12.3,-0.155
12.3028,-0.215
12.3056,-0.27
12.3083,-0.325
12.3111,-0.38
12.3139,-0.4
12.3167,-0.42
12.3194,-0.43
12.3222,-0.435
12.325,-0.495
12.3278,-0.54
12.3306,-0.585
12.3333,-0.59
12.3361,-0.585
12.3389,-0.605
12.3417,-0.66
12.3444,-0.675
12.3472,-0.7
12.35,-0.715
12.3528,-0.745
12.3556,-0.785
12.3583,-0.805
12.3611,-0.785
12.3639,-0.755
12.3667,-0.715
12.3694,-0.7
12.3722,-0.675
12.375,-0.68
12.3778,-0.67
12.3806,-0.65
12.3833,-0.63
12.3861,-0.6
12.3889,-0.585
12.3917,-0.575
12.3944,-0.565
12.3972,-0.56
12.4,-0.54
12.4028,-0.515
12.4056,-0.505
12.4083,-0.515
12.4111,-0.52
12.4139,-0.525
12.4167,-0.505
12.4194,-0.48
12.4222,-0.475
12.425,-0.48
12.4278,-0.475
12.4306,-0.5
12.4333,-0.49
12.4361,-0.47
12.4389,-0.46
12.4417,-0.46
12.4444,-0.45
12.4472,-0.45
12.45,-0.45
12.4528,-0.425
12.4556,-0.41
12.4583,-0.395
12.4611,-0.405
12.4639,-0.4
12.4667,-0.395
12.4694,-0.37
12.4722,-0.365
12.475,-0.385
12.4778,-0.385
12.4806,-0.375
12.4833,-0.37
12.4861,-0.355
12.4889,-0.35
12.4917,-0.35
12.4944,-0.345
12.4972,-0.345
12.5,-0.335
12.5028,-0.31
12.5056,-0.305
12.5083,-0.315
12.5111,-0.315
12.5139,-0.32
12.5167,-0.295
12.5194,-0.28
12.5222,-0.265
12.525,-0.29
12.5278,-0.285
12.5306,-0.275
12.5333,-0.255
12.5361,-0.245
12.5389,-0.245
12.5417,-0.255
12.5444,-0.255
12.5472,-0.245
12.55,-0.245
12.5528,-0.225
12.5556,-0.215
12.5583,-0.21
12.5611,-0.22
12.5639,-0.225
12.5667,-0.185
12.5694,-0.18
12.5722,-0.17
12.575,-0.165
12.5778,-0.175
12.5806,-0.185
12.5833,-0.175
12.5861,-0.15
12.5889,-0.15
12.5917,-0.125
12.5944,-0.14
12.5972,-0.125
12.6,-0.11
12.6028,-0.08
12.6056,-0.08
12.6083,-0.085
12.6111,-0.07
12.6139,-0.035
12.6167,-0.005
12.6194,0.055
12.6222,0.08
12.625,0.09
12.6278,0.14
12.6306,0.19
12.6333,0.25
12.6361,0.305
12.6389,0.35
12.6417,0.39
12.6444,0.445
12.6472,0.465
12.65,0.54
12.6528,0.63
12.6556,0.69
12.6583,0.775
12.6611,0.8
12.6639,0.845
12.6667,0.88
12.6694,0.9
12.6722,0.91
12.675,0.935
12.6778,1.01
12.6806,1.07
12.6833,1.135
12.6861,1.17
12.6889,1.145
12.6917,1.07
12.6944,1.0
12.6972,0.91
12.7,0.805
12.7028,0.67
12.7056,0.525
12.7083,0.38
12.7111,0.215
12.7139,0.04
12.7167,-0.095
12.7194,-0.195
12.7222,-0.295
12.725,-0.355
12.7278,-0.43
12.7306,-0.485
12.7333,-0.48
12.7361,-0.46
12.7389,-0.455
12.7417,-0.43
12.7444,-0.42
12.7472,-0.43
12.75,-0.425
12.7528,-0.4
12.7556,-0.4
12.7583,-0.415
12.7611,-0.43
12.7639,-0.43
12.7667,-0.415
12.7694,-0.4
12.7722,-0.4
12.775,-0.42
12.7778,-0.41
12.7806,-0.42
12.7833,-0.415
12.7861,-0.41
12.7889,-0.405
12.7917,-0.405
12.7944,-0.42
12.7972,-0.435
12.8,-0.41
12.8028,-0.4
12.8056,-0.405
12.8083,-0.415
12.8111,-0.405
12.8139,-0.415
12.8167,-0.395
12.8194,-0.385
12.8222,-0.375
12.825,-0.39
12.8278,-0.4
12.8306,-0.385
12.8333,-0.37
12.8361,-0.36
12.8389,-0.355
12.8417,-0.335
12.8444,-0.345
12.8472,-0.345
12.85,-0.325
12.8528,-0.315
12.8556,-0.305
12.8583,-0.31
12.8611,-0.3
12.8639,-0.285
12.8667,-0.275
12.8694,-0.285
12.8722,-0.27
12.875,-0.265
12.8778,-0.27
12.8806,-0.27
12.8833,-0.26
12.8861,-0.265
12.8889,-0.23
12.8917,-0.22
12.8944,-0.22
12.8972,-0.215
12.9,-0.205
12.9028,-0.205
12.9056,-0.19
12.9083,-0.18
12.9111,-0.185
12.9139,-0.185
12.9167,-0.18
12.9194,-0.17
12.9222,-0.15
12.925,-0.155
12.9278,-0.17
12.9306,-0.18
12.9333,-0.165
12.9361,-0.145
12.9389,-0.145
12.9417,-0.155
12.9444,-0.165
12.9472,-0.16
12.95,-0.145
12.9528,-0.13
12.9556,-0.12
12.9583,-0.135
12.9611,-0.15
12.9639,-0.15
12.9667,-0.13
12.9694,-0.115
12.9722,-0.135
12.975,-0.165
12.9778,-0.165
12.9806,-0.17
12.9833,-0.165
12.9861,-0.165
12.9889,-0.15
12.9917,-0.155
12.9944,-0.185
12.9972,-0.19
13.0,-0.18
13.0028,-0.155
13.0056,-0.16
13.0083,-0.17
13.0111,-0.175
13.0139,-0.17
13.0167,-0.17
13.0194,-0.16
13.0222,-0.185
13.025,-0.22
13.0278,-0.225
13.0306,-0.2
13.0333,-0.175
13.0361,-0.16
13.0389,-0.16
13.0417,-0.175
13.0444,-0.175
13.0472,-0.18
13.05,-0.165
13.0528,-0.15
13.0556,-0.15
13.0583,-0.18
13.0611,-0.17
13.0639,-0.16
13.0667,-0.145
13.0694,-0.13
13.0722,-0.135
13.075,-0.16
13.0778,-0.16
13.0806,-0.17
13.0833,-0.17
13.0861,-0.165
13.0889,-0.14
13.0917,-0.175
13.0944,-0.195
13.0972,-0.19
13.1,-0.19
13.1028,-0.17
13.1056,-0.15
13.1083,-0.155
13.1111,-0.165
13.1139,-0.175
13.1167,-0.165
13.1194,-0.145
13.1222,-0.15
13.125,-0.17
13.1278,-0.17
13.1306,-0.18
13.1333,-0.16
13.1361,-0.15
13.1389,-0.16
13.1417,-0.165
13.1444,-0.17
13.1472,-0.185
13.15,-0.17
13.1528,-0.155
13.1556,-0.175
13.1583,-0.175
13.1611,-0.175
13.1639,-0.17
13.1667,-0.18
13.1694,-0.165
13.1722,-0.17
13.175,-0.175
13.1778,-0.175
13.1806,-0.17
13.1833,-0.17
13.1861,-0.165
13.1889,-0.155
13.1917,-0.16
13.1944,-0.18
13.1972,-0.18
13.2,-0.17
13.2028,-0.165
13.2056,-0.165
13.2083,-0.175
13.2111,-0.19
13.2139,-0.175
13.2167,-0.165
13.2194,-0.15
13.2222,-0.15
13.225,-0.15
13.2278,-0.16
13.2306,-0.17
13.2333,-0.14
13.2361,-0.125
13.2389,-0.13
13.2417,-0.145
13.2444,-0.16
13.2472,-0.165
13.25,-0.16
13.2528,-0.155
13.2556,-0.155
13.2583,-0.165
13.2611,-0.175
13.2639,-0.185
13.2667,-0.17
13.2694,-0.15
13.2722,-0.15
13.275,-0.14
13.2778,-0.145
13.2806,-0.15
13.2833,-0.135
13.2861,-0.125
13.2889,-0.13
13.2917,-0.15
13.2944,-0.15
13.2972,-0.14
13.3,-0.135
13.3028,-0.13
13.3056,-0.135
13.3083,-0.14
13.3111,-0.15
13.3139,-0.145
13.3167,-0.145
13.3194,-0.13
13.3222,-0.14
13.325,-0.15
13.3278,-0.155
13.3306,-0.145
13.3333,-0.14
13.3361,-0.125
13.3389,-0.135
13.3417,-0.135
13.3444,-0.16
13.3472,-0.16
13.35,-0.14
13.3528,-0.13
13.3556,-0.13
13.3583,-0.135
13.3611,-0.15
13.3639,-0.155
13.3667,-0.145
13.3694,-0.135
13.3722,-0.135
13.375,-0.15
13.3778,-0.15
13.3806,-0.155
13.3833,-0.14
13.3861,-0.12
13.3889,-0.115
13.3917,-0.125
13.3944,-0.135
13.3972,-0.15
13.4,-0.115
13.4028,-0.105
13.4056,-0.115
13.4083,-0.125
13.4111,-0.135
13.4139,-0.13
13.4167,-0.135
13.4194,-0.12
13.4222,-0.115
13.425,-0.13
13.4278,-0.155
13.4306,-0.145
13.4333,-0.135
13.4361,-0.13
13.4389,-0.11
13.4417,-0.12
13.4444,-0.125
13.4472,-0.135
13.45,-0.125
13.4528,-0.1
13.4556,-0.1
13.4583,-0.125
13.4611,-0.135
13.4639,-0.135
13.4667,-0.115
13.4694,-0.105
13.4722,-0.11
13.475,-0.115
13.4778,-0.135
13.4806,-0.135
13.4833,-0.13
13.4861,-0.11
13.4889,-0.115
13.4917,-0.13
13.4944,-0.13
13.4972,-0.14
13.5,-0.12
13.5028,-0.115
13.5056,-0.11
13.5083,-0.12
13.5111,-0.12
13.5139,-0.125
13.5167,-0.105
13.5194,-0.1
13.5222,-0.11
13.525,-0.115
13.5278,-0.13
13.5306,-0.13
13.5333,-0.115
13.5361,-0.105
13.5389,-0.11
13.5417,-0.12
13.5444,-0.13
13.5472,-0.135
13.55,-0.12
13.5528,-0.105
13.5556,-0.11
13.5583,-0.11
13.5611,-0.115
13.5639,-0.105
13.5667,-0.1
13.5694,-0.09
13.5722,-0.095
13.575,-0.11
13.5778,-0.115
13.5806,-0.115
13.5833,-0.105
13.5861,-0.09
13.5889,-0.095
13.5917,-0.105
13.5944,-0.115
13.5972,-0.12
13.6,-0.115
13.6028,-0.095
13.6056,-0.095
13.6083,-0.1
13.6111,-0.105
13.6139,-0.105
13.6167,-0.085
13.6194,-0.075
13.6222,-0.075
13.625,-0.085
13.6278,-0.11
13.6306,-0.105
13.6333,-0.11
13.6361,-0.1
13.6389,-0.085
13.6417,-0.095
13.6444,-0.11
13.6472,-0.12
13.65,-0.11
13.6528,-0.09
13.6556,-0.09
13.6583,-0.105
13.6611,-0.115
13.6639,-0.11
13.6667,-0.105
13.6694,-0.09
13.6722,-0.085
13.675,-0.09
13.6778,-0.1
13.6806,-0.105
13.6833,-0.09
13.6861,-0.075
13.6889,-0.085
13.6917,-0.1
13.6944,-0.1
13.6972,-0.095
13.7,-0.095
13.7028,-0.085
13.7056,-0.09
13.7083,-0.085
13.7111,-0.105
13.7139,-0.12
13.7167,-0.1
13.7194,-0.09
13.7222,-0.075
13.725,-0.1
13.7278,-0.105
13.7306,-0.105
13.7333,-0.09
13.7361,-0.08
13.7389,-0.08
13.7417,-0.09
13.7444,-0.1
13.7472,-0.09
13.75,-0.09
13.7528,-0.065
13.7556,-0.075
13.7583,-0.09
13.7611,-0.105
13.7639,-0.11
13.7667,-0.085
13.7694,-0.085
13.7722,-0.085
13.775,-0.1
13.7778,-0.105
13.7806,-0.095
13.7833,-0.09
13.7861,-0.07
13.7889,-0.08
13.7917,-0.08
13.7944,-0.1
13.7972,-0.105
13.8,-0.09
13.8028,-0.08
13.8056,-0.08
13.8083,-0.09
13.8111,-0.095
13.8139,-0.095
13.8167,-0.1
13.8194,-0.085
13.8222,-0.08
13.825,-0.1
13.8278,-0.105
13.8306,-0.105
13.8333,-0.085
13.8361,-0.09
13.8389,-0.075
13.8417,-0.08
13.8444,-0.09
13.8472,-0.1
13.85,-0.08
13.8528,-0.065
13.8556,-0.065
13.8583,-0.07
13.8611,-0.09
13.8639,-0.095
13.8667,-0.075
13.8694,-0.065
13.8722,-0.08
13.875,-0.09
13.8778,-0.095
13.8806,-0.1
13.8833,-0.085
13.8861,-0.075
13.8889,-0.08
13.8917,-0.09
13.8944,-0.085
13.8972,-0.095
13.9,-0.09
13.9028,-0.075
13.9056,-0.07
13.9083,-0.08
13.9111,-0.085
13.9139,-0.075
13.9167,-0.075
13.9194,-0.07
13.9222,-0.065
13.925,-0.075
13.9278,-0.085
13.9306,-0.095
13.9333,-0.085
13.9361,-0.08
13.9389,-0.085
13.9417,-0.1
13.9444,-0.1
13.9472,-0.1
13.95,-0.09
13.9528,-0.085
13.9556,-0.075
13.9583,-0.08
13.9611,-0.095
13.9639,-0.095
13.9667,-0.09
13.9694,-0.065
13.9722,-0.07
13.975,-0.08
13.9778,-0.09
13.9806,-0.1
13.9833,-0.08
13.9861,-0.07
13.9889,-0.09
13.9917,-0.1
13.9944,-0.1
13.9972,-0.095
14.0,-0.08
14.0028,-0.08
14.0056,-0.075
14.0083,-0.085
14.0111,-0.09
14.0139,-0.08
14.0167,-0.075
14.0194,-0.06
14.0222,-0.065
14.025,-0.08
14.0278,-0.105
14.0306,-0.085
14.0333,-0.075
14.0361,-0.065
14.0389,-0.065
14.0417,-0.085
14.0444,-0.09
14.0472,-0.095
14.05,-0.085
14.0528,-0.075
14.0556,-0.065
14.0583,-0.09
14.0611,-0.095
14.0639,-0.095
14.0667,-0.085
14.0694,-0.08
14.0722,-0.08
14.075,-0.085
14.0778,-0.095
14.0806,-0.09
14.0833,-0.09
14.0861,-0.07
14.0889,-0.07
14.0917,-0.08
14.0944,-0.09
14.0972,-0.085
14.1,-0.08
14.1028,-0.085
14.1056,-0.085
14.1083,-0.095
14.1111,-0.115
14.1139,-0.11
14.1167,-0.115
14.1194,-0.075
14.1222,-0.08
14.125,-0.095
14.1278,-0.1
14.1306,-0.095
14.1333,-0.09
14.1361,-0.085
14.1389,-0.07
14.1417,-0.085
14.1444,-0.095
14.1472,-0.09
14.15,-0.075
14.1528,-0.065
14.1556,-0.05
14.1583,-0.075
14.1611,-0.07
14.1639,-0.065
14.1667,-0.06
14.1694,-0.05
14.1722,-0.035
14.175,-0.05
14.1778,-0.06
14.1806,-0.065
14.1833,-0.06
14.1861,-0.045
14.1889,-0.055
14.1917,-0.07
14.1944,-0.08
14.1972,-0.08
14.2,-0.065
14.2028,-0.065
14.2056,-0.05
14.2083,-0.075
14.2111,-0.075
14.2139,-0.075
14.2167,-0.065
14.2194,-0.06
14.2222,-0.055
14.225,-0.07
14.2278,-0.08
14.2306,-0.075
14.2333,-0.07
14.2361,-0.06
14.2389,-0.07
14.2417,-0.1
14.2444,-0.12
14.2472,-0.135
14.25,-0.125
14.2528,-0.11
14.2556,-0.11
14.2583,-0.11
14.2611,-0.075
14.2639,0.015
14.2667,0.12
14.2694,0.235
14.2722,0.305
14.275,0.35
14.2778,0.365
14.2806,0.375
14.2833,0.43
14.2861,0.49
14.2889,0.57
14.2917,0.645
14.2944,0.68
14.2972,0.645
14.3,0.56
14.3028,0.44
14.3056,0.305
14.3083,0.155
14.3111,0.035
14.3139,-0.08
14.3167,-0.17
14.3194,-0.225
14.3222,-0.265
14.325,-0.31
14.3278,-0.335
14.3306,-0.31
14.3333,-0.275
14.3361,-0.26
14.3389,-0.26
14.3417,-0.29
14.3444,-0.275
14.3472,-0.25
14.35,-0.21
14.3528,-0.16
14.3556,-0.14
14.3583,-0.085
14.3611,-0.065
14.3639,-0.07
14.3667,-0.05
14.3694,-0.06
14.3722,-0.075
14.375,-0.1
14.3778,-0.11
14.3806,-0.115
14.3833,-0.095
14.3861,-0.085
14.3889,-0.1
14.3917,-0.12
14.3944,-0.13
14.3972,-0.135
14.4,-0.12
14.4028,-0.115
14.4056,-0.095
14.4083,-0.11
14.4111,-0.115
14.4139,-0.105
14.4167,-0.09
14.4194,-0.08
14.4222,-0.08
14.425,-0.09
14.4278,-0.105
14.4306,-0.1
14.4333,-0.08
14.4361,-0.06
14.4389,-0.065
14.4417,-0.075
14.4444,-0.07
14.4472,-0.07
14.45,-0.07
14.4528,-0.07
14.4556,-0.06
14.4583,-0.065
14.4611,-0.07
14.4639,-0.055
14.4667,-0.05
14.4694,-0.04
14.4722,-0.02
14.475,-0.025
14.4778,-0.025
14.4806,-0.03
14.4833,-0.025
14.4861,-0.005
14.4889,-0.015
14.4917,-0.015
14.4944,-0.035
14.4972,-0.025
14.5,-0.005
14.5028,0.015
14.5056,0.015
14.5083,0.025
14.5111,0.015
14.5139,0.025
14.5167,0.035
14.5194,0.04
14.5222,0.025
14.525,0.05
14.5278,0.04
14.5306,0.055
14.5333,0.075
14.5361,0.085
14.5389,0.09
14.5417,0.09
14.5444,0.08
14.5472,0.085
14.55,0.08
14.5528,0.11
14.5556,0.11
14.5583,0.11
14.5611,0.105
14.5639,0.1
14.5667,0.115
14.5694,0.14
14.5722,0.155
14.575,0.145
14.5778,0.135
14.5806,0.13
14.5833,0.17
14.5861,0.18
14.5889,0.185
14.5917,0.185
14.5944,0.19
14.5972,0.195
14.6,0.195
14.6028,0.21
14.6056,0.2
14.6083,0.2
14.6111,0.205
14.6139,0.205
14.6167,0.215
14.6194,0.225
14.6222,0.24
14.625,0.23
14.6278,0.225
14.6306,0.235
14.6333,0.235
14.6361,0.24
14.6389,0.265
14.6417,0.26
14.6444,0.255
14.6472,0.265
14.65,0.26
14.6528,0.255
14.6556,0.265
14.6583,0.26
14.6611,0.255
14.6639,0.26
14.6667,0.275
14.6694,0.275
14.6722,0.25
14.675,0.245
14.6778,0.245
14.6806,0.255
14.6833,0.28
14.6861,0.295
14.6889,0.295
14.6917,0.285
14.6944,0.26
14.6972,0.265
14.7,0.27
14.7028,0.285
14.7056,0.28
14.7083,0.26
14.7111,0.26
14.7139,0.275
14.7167,0.265
14.7194,0.265
14.7222,0.255
14.725,0.235
14.7278,0.21
14.7306,0.215
14.7333,0.22
14.7361,0.225
14.7389,0.2
14.7417,0.18
14.7444,0.155
14.7472,0.15
14.75,0.15
14.7528,0.15
14.7556,0.095
14.7583,0.075
14.7611,0.045
14.7639,0.025
14.7667,0.03
14.7694,0.015
14.7722,-0.015
14.775,-0.025
14.7778,-0.045
14.7806,-0.045
14.7833,-0.05
14.7861,-0.065
14.7889,-0.055
14.7917,-0.045
14.7944,-0.055
14.7972,-0.07
14.8,-0.085
14.8028,-0.1
14.8056,-0.095
14.8083,-0.105
14.8111,-0.125
14.8139,-0.145
14.8167,-0.14
14.8194,-0.135
14.8222,-0.145
14.825,-0.175
14.8278,-0.18
14.8306,-0.175
14.8333,-0.165
14.8361,-0.145
14.8389,-0.16
14.8417,-0.17
14.8444,-0.185
14.8472,-0.185
14.85,-0.185
14.8528,-0.175
14.8556,-0.175
14.8583,-0.205
14.8611,-0.205
14.8639,-0.205
14.8667,-0.195
14.8694,-0.21
14.8722,-0.215
14.875,-0.25
14.8778,-0.25
14.8806,-0.245
14.8833,-0.22
14.8861,-0.225
14.8889,-0.23
14.8917,-0.26
14.8944,-0.27
14.8972,-0.26
14.9,-0.255
14.9028,-0.245
14.9056,-0.255
14.9083,-0.25
14.9111,-0.27
14.9139,-0.27
14.9167,-0.255
14.9194,-0.26
14.9222,-0.275
14.925,-0.305
14.9278,-0.32
14.9306,-0.32
14.9333,-0.31
14.9361,-0.305
14.9389,-0.335
14.9417,-0.395
14.9444,-0.485
14.9472,-0.545
14.95,-0.585
14.9528,-0.635
14.9556,-0.705
14.9583,-0.77
14.9611,-0.83
14.9639,-0.875
14.9667,-0.895
14.9694,-0.905
14.9722,-0.945
14.975,-0.95
14.9778,-0.935
14.9806,-0.87
14.9833,-0.8
14.9861,-0.735
14.9889,-0.685
14.9917,-0.66
14.9944,-0.63
14.9972,-0.58
15.0,-0.525
15.0028,-0.465
15.0056,-0.405
15.0083,-0.365
15.0111,-0.315
15.0139,-0.265
15.0167,-0.195
15.0194,-0.135
15.0222,-0.065
15.025,-0.02
15.0278,0.0
15.0306,0.03
15.0333,0.065
15.0361,0.115
15.0389,0.155
15.0417,0.17
15.0444,0.165
15.0472,0.205
15.05,0.225
15.0528,0.235
15.0556,0.24
15.0583,0.235
15.0611,0.23
15.0639,0.225
15.0667,0.22
15.0694,0.23
15.0722,0.225
15.075,0.215
15.0778,0.195
15.0806,0.2
15.0833,0.215
15.0861,0.225
15.0889,0.225
15.0917,0.21
15.0944,0.21
15.0972,0.195
15.1,0.215
15.1028,0.235
15.1056,0.235
15.1083,0.21
15.1111,0.205
15.1139,0.205
15.1167,0.24
15.1194,0.235
15.1222,0.235
15.125,0.225
15.1278,0.23
15.1306,0.235
15.1333,0.245
15.1361,0.245
15.1389,0.25
15.1417,0.235
15.1444,0.235
15.1472,0.235
15.15,0.27
15.1528,0.275
15.1556,0.28
15.1583,0.265
15.1611,0.265
15.1639,0.27
15.1667,0.285
15.1694,0.295
15.1722,0.29
15.175,0.28
15.1778,0.275
15.1806,0.295
15.1833,0.305
15.1861,0.315
15.1889,0.31
15.1917,0.295
15.1944,0.3
15.1972,0.305
15.2,0.315
15.2028,0.33
15.2056,0.33
15.2083,0.305
15.2111,0.3
15.2139,0.3
15.2167,0.305
15.2194,0.3
15.2222,0.315
15.225,0.31
15.2278,0.31
15.2306,0.31
15.2333,0.315
15.2361,0.315
15.2389,0.325
15.2417,0.3
15.2444,0.305
15.2472,0.31
15.25,0.315
15.2528,0.31
15.2556,0.32
15.2583,0.305
15.2611,0.29
15.2639,0.285
15.2667,0.285
15.2694,0.29
15.2722,0.28
15.275,0.27
15.2778,0.26
15.2806,0.265
15.2833,0.27
15.2861,0.275
15.2889,0.245
15.2917,0.225
15.2944,0.215
15.2972,0.215
15.3,0.21
15.3028,0.225
15.3056,0.21
15.3083,0.185
15.3111,0.17
15.3139,0.17
15.3167,0.165
15.3194,0.145
15.3222,0.13
15.325,0.11
15.3278,0.095
15.3306,0.065
15.3333,0.075
15.3361,0.07
15.3389,0.07
15.3417,0.04
15.3444,0.02
15.3472,0.005
15.35,0.015
15.3528,0.005
15.3556,0.0
15.3583,-0.02
15.3611,-0.045
15.3639,-0.04
15.3667,-0.045
15.3694,-0.055
15.3722,-0.065
15.375,-0.105
15.3778,-0.12
15.3806,-0.12
15.3833,-0.135
15.3861,-0.14
15.3889,-0.15
15.3917,-0.17
15.3944,-0.185
15.3972,-0.18
15.4,-0.19
15.4028,-0.185
15.4056,-0.19
15.4083,-0.22
15.4111,-0.225
15.4139,-0.225
15.4167,-0.225
15.4194,-0.215
15.4222,-0.235
15.425,-0.245
15.4278,-0.25
15.4306,-0.265
15.4333,-0.25
15.4361,-0.25
15.4389,-0.26
15.4417,-0.28
15.4444,-0.28
15.4472,-0.3
15.45,-0.28
15.4528,-0.28
15.4556,-0.275
15.4583,-0.29
15.4611,-0.285
15.4639,-0.305
15.4667,-0.3
15.4694,-0.285
15.4722,-0.28
15.475,-0.3
15.4778,-0.305
15.4806,-0.3
15.4833,-0.285
15.4861,-0.295
15.4889,-0.305
15.4917,-0.315
15.4944,-0.335
15.4972,-0.335
15.5,-0.33
15.5028,-0.315
15.5056,-0.31
15.5083,-0.32
15.5111,-0.335
15.5139,-0.33
15.5167,-0.32
15.5194,-0.31
15.5222,-0.315
15.525,-0.32
15.5278,-0.345
15.5306,-0.33
15.5333,-0.32
15.5361,-0.315
15.5389,-0.33
15.5417,-0.335
15.5444,-0.345
15.5472,-0.345
15.55,-0.34
15.5528,-0.34
15.5556,-0.34
15.5583,-0.345
15.5611,-0.355
15.5639,-0.345
15.5667,-0.33
15.5694,-0.32
15.5722,-0.325
15.575,-0.335
15.5778,-0.34
15.5806,-0.35
15.5833,-0.335
15.5861,-0.33
15.5889,-0.34
15.5917,-0.335
15.5944,-0.34
15.5972,-0.35
15.6,-0.34
15.6028,-0.33
15.6056,-0.34
15.6083,-0.36
15.6111,-0.37
15.6139,-0.35
15.6167,-0.345
15.6194,-0.35
15.6222,-0.345
15.625,-0.35
15.6278,-0.355
15.6306,-0.355
15.6333,-0.34
15.6361,-0.325
15.6389,-0.325
15.6417,-0.35
15.6444,-0.36
15.6472,-0.345
15.65,-0.34
15.6528,-0.345
15.6556,-0.335
15.6583,-0.36
15.6611,-0.37
15.6639,-0.365
15.6667,-0.365
15.6694,-0.345
15.6722,-0.36
15.675,-0.38
15.6778,-0.38
15.6806,-0.375
15.6833,-0.355
15.6861,-0.345
15.6889,-0.345
15.6917,-0.36
15.6944,-0.38
15.6972,-0.355
15.7,-0.345
15.7028,-0.335
15.7056,-0.345
15.7083,-0.355
15.7111,-0.37
15.7139,-0.36
15.7167,-0.355
15.7194,-0.355
15.7222,-0.36
15.725,-0.38
15.7278,-0.365
15.7306,-0.38
15.7333,-0.355
15.7361,-0.35
15.7389,-0.35
15.7417,-0.36
15.7444,-0.36
15.7472,-0.36
15.75,-0.36
15.7528,-0.345
15.7556,-0.345
15.7583,-0.37
15.7611,-0.365
15.7639,-0.365
15.7667,-0.35
15.7694,-0.36
15.7722,-0.365
15.775,-0.365
15.7778,-0.385
15.7806,-0.385
15.7833,-0.375
15.7861,-0.37
15.7889,-0.375
15.7917,-0.39
15.7944,-0.385
15.7972,-0.37
15.8,-0.355
15.8028,-0.355
15.8056,-0.36
15.8083,-0.375
15.8111,-0.37
15.8139,-0.385
15.8167,-0.385
15.8194,-0.36
15.8222,-0.365
15.825,-0.37
15.8278,-0.39
15.8306,-0.375
15.8333,-0.375
15.8361,-0.365
15.8389,-0.365
15.8417,-0.39
15.8444,-0.385
15.8472,-0.385
15.85,-0.365
15.8528,-0.355
15.8556,-0.355
15.8583,-0.375
15.8611,-0.38
15.8639,-0.385
15.8667,-0.355
15.8694,-0.345
15.8722,-0.345
15.875,-0.355
15.8778,-0.385
15.8806,-0.37
15.8833,-0.375
15.8861,-0.365
15.8889,-0.37
15.8917,-0.375
15.8944,-0.39
15.8972,-0.395
15.9,-0.365
15.9028,-0.355
15.9056,-0.36
15.9083,-0.385
15.9111,-0.375
15.9139,-0.37
15.9167,-0.365
15.9194,-0.36
15.9222,-0.355
15.925,-0.365
15.9278,-0.38
15.9306,-0.39
15.9333,-0.37
15.9361,-0.355
15.9389,-0.37
15.9417,-0.38
15.9444,-0.4
15.9472,-0.39
15.95,-0.37
15.9528,-0.365
15.9556,-0.375
15.9583,-0.39
15.9611,-0.39
15.9639,-0.39
15.9667,-0.37
15.9694,-0.35
15.9722,-0.365
15.975,-0.38
15.9778,-0.4
15.9806,-0.38
15.9833,-0.375
15.9861,-0.37
15.9889,-0.37
15.9917,-0.38
15.9944,-0.405
15.9972,-0.39
16.0,-0.385
16.0028,-0.385
16.0056,-0.385
16.0083,-0.4
16.0111,-0.405
16.0139,-0.41
16.0167,-0.39
16.0194,-0.38
16.0222,-0.39
16.025,-0.4
16.0278,-0.415
16.0306,-0.39
16.0333,-0.38
16.0361,-0.38
16.0389,-0.385
16.0417,-0.4
16.0444,-0.4
16.0472,-0.395
16.05,-0.39
16.0528,-0.385
16.0556,-0.395
16.0583,-0.41
16.0611,-0.415
16.0639,-0.415
16.0667,-0.41
16.0694,-0.4
16.0722,-0.405
16.075,-0.42
16.0778,-0.415
16.0806,-0.41
16.0833,-0.4
16.0861,-0.39
16.0889,-0.385
16.0917,-0.415
16.0944,-0.43
16.0972,-0.415
16.1,-0.405
16.1028,-0.405
16.1056,-0.42
16.1083,-0.425
16.1111,-0.43
16.1139,-0.42
16.1167,-0.405
16.1194,-0.395
16.1222,-0.405
16.125,-0.42
16.1278,-0.425
16.1306,-0.41
16.1333,-0.395
16.1361,-0.385
16.1389,-0.385
16.1417,-0.4
16.1444,-0.395
16.1472,-0.4
16.15,-0.385
16.1528,-0.37
16.1556,-0.375
16.1583,-0.38
16.1611,-0.395
16.1639,-0.39
16.1667,-0.37
16.1694,-0.37
16.1722,-0.38
16.175,-0.39
16.1778,-0.415
16.1806,-0.41
16.1833,-0.42
16.1861,-0.415
16.1889,-0.42
16.1917,-0.42
16.1944,-0.435
16.1972,-0.43
16.2,-0.41
16.2028,-0.41
16.2056,-0.4
16.2083,-0.41
16.2111,-0.415
16.2139,-0.41
16.2167,-0.405
16.2194,-0.395
16.2222,-0.41
16.225,-0.42
16.2278,-0.425
16.2306,-0.42
16.2333,-0.41
16.2361,-0.4
16.2389,-0.41
16.2417,-0.425
16.2444,-0.43
16.2472,-0.435
16.25,-0.425
16.2528,-0.41
16.2556,-0.42
16.2583,-0.43
16.2611,-0.425
16.2639,-0.41
16.2667,-0.4
16.2694,-0.395
16.2722,-0.4
16.275,-0.41
16.2778,-0.415
16.2806,-0.405
16.2833,-0.39
16.2861,-0.385
16.2889,-0.39
16.2917,-0.41
16.2944,-0.415
16.2972,-0.405
16.3,-0.405
16.3028,-0.4
16.3056,-0.425
16.3083,-0.42
16.3111,-0.43
16.3139,-0.42
16.3167,-0.425
16.3194,-0.395
16.3222,-0.375
16.325,-0.395
16.3278,-0.41
16.3306,-0.4
16.3333,-0.405
16.3361,-0.435
16.3389,-0.46
16.3417,-0.48
16.3444,-0.48
16.3472,-0.445
16.35,-0.41
16.3528,-0.375
16.3556,-0.305
16.3583,-0.24
16.3611,-0.16
16.3639,-0.06
16.3667,0.015
16.3694,0.06
16.3722,0.09
16.375,0.12
16.3778,0.185
16.3806,0.285
16.3833,0.37
16.3861,0.42
16.3889,0.41
16.3917,0.375
16.3944,0.31
16.3972,0.24
16.4,0.18
16.4028,0.105
16.4056,-0.005
16.4083,-0.12
16.4111,-0.26
16.4139,-0.355
16.4167,-0.39
16.4194,-0.405
16.4222,-0.445
16.425,-0.475
16.4278,-0.505
16.4306,-0.505
16.4333,-0.515
16.4361,-0.495
16.4389,-0.475
16.4417,-0.455
16.4444,-0.45
16.4472,-0.4
16.45,-0.365
16.4528,-0.33
16.4556,-0.305
16.4583,-0.3
16.4611,-0.315
16.4639,-0.335
16.4667,-0.35
16.4694,-0.375
16.4722,-0.395
16.475,-0.425
16.4778,-0.445
16.4806,-0.455
16.4833,-0.45
16.4861,-0.45
16.4889,-0.445
16.4917,-0.455
16.4944,-0.46
16.4972,-0.45
16.5,-0.435
16.5028,-0.43
16.5056,-0.43
16.5083,-0.445
16.5111,-0.445
16.5139,-0.44
16.5167,-0.43
16.5194,-0.415
16.5222,-0.425
16.525,-0.42
16.5278,-0.435
16.5306,-0.43
16.5333,-0.415
16.5361,-0.405
16.5389,-0.42
16.5417,-0.435
16.5444,-0.43
16.5472,-0.43
16.55,-0.41
16.5528,-0.39
16.5556,-0.395
16.5583,-0.4
16.5611,-0.425
16.5639,-0.4
16.5667,-0.385
16.5694,-0.375
16.5722,-0.365
16.575,-0.37
16.5778,-0.37
16.5806,-0.36
16.5833,-0.34
16.5861,-0.34
16.5889,-0.33
16.5917,-0.33
16.5944,-0.335
16.5972,-0.32
16.6,-0.305
16.6028,-0.295
16.6056,-0.305
16.6083,-0.305
16.6111,-0.305
16.6139,-0.285
16.6167,-0.275
16.6194,-0.265
16.6222,-0.26
16.625,-0.245
16.6278,-0.24
16.6306,-0.225
16.6333,-0.205
16.6361,-0.195
16.6389,-0.215
16.6417,-0.205
16.6444,-0.2
16.6472,-0.18
16.65,-0.165
16.6528,-0.155
16.6556,-0.16
16.6583,-0.16
16.6611,-0.175
16.6639,-0.15
16.6667,-0.12
16.6694,-0.1
16.6722,-0.105
16.675,-0.1
16.6778,-0.1
16.6806,-0.075
16.6833,-0.06
16.6861,-0.05
16.6889,-0.045
16.6917,-0.06
16.6944,-0.055
16.6972,-0.035
16.7,-0.01
16.7028,-0.01
16.7056,0.0
16.7083,-0.01
16.7111,-0.015
16.7139,-0.02
16.7167,-0.01
16.7194,0.005
16.7222,0.025
16.725,0.01
16.7278,0.005
16.7306,0.02
16.7333,0.035
16.7361,0.035
16.7389,0.055
16.7417,0.06
16.7444,0.055
16.7472,0.035
16.75,0.045
16.7528,0.055
16.7556,0.055
16.7583,0.055
16.7611,0.06
16.7639,0.07
16.7667,0.085
16.7694,0.075
16.7722,0.055
16.775,0.05
16.7778,0.055
16.7806,0.07
16.7833,0.07
16.7861,0.07
16.7889,0.06
16.7917,0.08
16.7944,0.075
16.7972,0.085
16.8,0.105
16.8028,0.11
16.8056,0.115
16.8083,0.1
16.8111,0.105
16.8139,0.125
16.8167,0.125
16.8194,0.145
16.8222,0.15
16.825,0.135
16.8278,0.13
16.8306,0.14
16.8333,0.16
16.8361,0.165
16.8389,0.145
16.8417,0.135
16.8444,0.13
16.8472,0.15
16.85,0.18
16.8528,0.185
16.8556,0.195
16.8583,0.185
16.8611,0.175
16.8639,0.2
16.8667,0.225
16.8694,0.23
16.8722,0.23
16.875,0.215
16.8778,0.2
16.8806,0.21
16.8833,0.22
16.8861,0.23
16.8889,0.225
16.8917,0.22
16.8944,0.205
16.8972,0.215
16.9,0.24
16.9028,0.24
16.9056,0.24
16.9083,0.255
16.9111,0.245
16.9139,0.27
16.9167,0.285
16.9194,0.295
16.9222,0.285
16.925,0.27
16.9278,0.275
16.9306,0.28
16.9333,0.3
16.9361,0.305
16.9389,0.295
16.9417,0.29
16.9444,0.28
16.9472,0.3
16.95,0.3
16.9528,0.315
16.9556,0.295
16.9583,0.27
16.9611,0.26
16.9639,0.275
16.9667,0.29
16.9694,0.285
16.9722,0.29
16.975,0.275
16.9778,0.26
16.9806,0.235
16.9833,0.215
16.9861,0.2
16.9889,0.18
16.9917,0.145
16.9944,0.125
16.9972,0.115
17.0,0.08
17.0028,0.05
17.0056,0.005
17.0083,-0.025
17.0111,-0.045
17.0139,-0.065
17.0167,-0.125
17.0194,-0.19
17.0222,-0.27
17.025,-0.385
17.0278,-0.465
17.0306,-0.545
17.0333,-0.61
17.0361,-0.71
17.0389,-0.84
17.0417,-0.975
17.0444,-1.08
17.0472,-1.155
17.05,-1.245
17.0528,-1.315
17.0556,-1.395
17.0583,-1.465
17.0611,-1.5
17.0639,-1.54
17.0667,-1.585
17.0694,-1.63
17.0722,-1.685
17.075,-1.725
17.0778,-1.755
17.0806,-1.765
17.0833,-1.78
17.0861,-1.795
17.0889,-1.805
17.0917,-1.805
17.0944,-1.8
17.0972,-1.77
17.1,-1.725
17.1028,-1.675
17.1056,-1.64
17.1083,-1.605
17.1111,-1.575
17.1139,-1.47
17.1167,-1.395
17.1194,-1.335
17.1222,-1.29
17.125,-1.24
17.1278,-1.16
17.1306,-1.085
17.1333,-1.005
17.1361,-0.93
17.1389,-0.875
17.1417,-0.805
17.1444,-0.745
17.1472,-0.68
17.15,-0.625
17.1528,-0.57
17.1556,-0.51
17.1583,-0.485
17.1611,-0.47
17.1639,-0.43
17.1667,-0.395
17.1694,-0.36
17.1722,-0.335
17.175,-0.3
17.1778,-0.28
17.1806,-0.26
17.1833,-0.23
17.1861,-0.22
17.1889,-0.21
17.1917,-0.2
17.1944,-0.18
17.1972,-0.15
17.2,-0.125
17.2028,-0.09
17.2056,-0.075
17.2083,-0.06
17.2111,-0.05
17.2139,-0.025
17.2167,-0.005
17.2194,0.025
17.2222,0.025
17.225,0.02
17.2278,0.03
17.2306,0.045
17.2333,0.06
17.2361,0.08
17.2389,0.08
17.2417,0.06
17.2444,0.05
17.2472,0.08
17.25,0.11
17.2528,0.125
17.2556,0.135
17.2583,0.135
17.2611,0.145
17.2639,0.165
17.2667,0.195
17.2694,0.215
17.2722,0.21
17.275,0.195
17.2778,0.205
17.2806,0.225
17.2833,0.24
17.2861,0.255
17.2889,0.235
17.2917,0.23
17.2944,0.25
17.2972,0.26
17.3,0.265
17.3028,0.27
17.3056,0.265
17.3083,0.255
17.3111,0.255
17.3139,0.255
17.3167,0.285
17.3194,0.275
17.3222,0.27
17.325,0.25
17.3278,0.245
17.3306,0.25
17.3333,0.255
17.3361,0.25
17.3389,0.225
17.3417,0.195
17.3444,0.185
17.3472,0.2
17.35,0.195
17.3528,0.195
17.3556,0.17
17.3583,0.14
17.3611,0.12
17.3639,0.075
17.3667,0.045
17.3694,0.02
17.3722,-0.035
17.375,-0.09
17.3778,-0.145
17.3806,-0.175
17.3833,-0.215
17.3861,-0.245
17.3889,-0.31
17.3917,-0.37
17.3944,-0.415
17.3972,-0.46
17.4,-0.525
17.4028,-0.595
17.4056,-0.675
17.4083,-0.74
17.4111,-0.79
17.4139,-0.83
17.4167,-0.885
17.4194,-0.98
17.4222,-1.09
17.425,-1.2
17.4278,-1.28
17.4306,-1.305
17.4333,-1.32
17.4361,-1.34
17.4389,-1.365
17.4417,-1.375
17.4444,-1.41
17.4472,-1.405
17.45,-1.415
17.4528,-1.42
17.4556,-1.44
17.4583,-1.47
17.4611,-1.485
17.4639,-1.49
17.4667,-1.475
17.4694,-1.445
17.4722,-1.42
17.475,-1.38
17.4778,-1.335
17.4806,-1.285
17.4833,-1.225
17.4861,-1.155
17.4889,-1.1
17.4917,-1.04
17.4944,-0.955
17.4972,-0.875
17.5,-0.785
17.5028,-0.74
17.5056,-0.69
17.5083,-0.645
17.5111,-0.59
17.5139,-0.54
17.5167,-0.48
17.5194,-0.43
17.5222,-0.405
17.525,-0.36
17.5278,-0.33
17.5306,-0.295
17.5333,-0.25
17.5361,-0.22
17.5389,-0.205
17.5417,-0.2
17.5444,-0.18
17.5472,-0.125
17.55,-0.075
17.5528,-0.045
17.5556,-0.03
17.5583,-0.005
17.5611,0.015
17.5639,0.03
17.5667,0.065
17.5694,0.085
17.5722,0.1
17.575,0.1
17.5778,0.115
17.5806,0.15
17.5833,0.165
17.5861,0.19
17.5889,0.2
17.5917,0.2
17.5944,0.2
17.5972,0.225
17.6,0.26
17.6028,0.27
17.6056,0.28
17.6083,0.265
17.6111,0.275
17.6139,0.305
17.6167,0.31
17.6194,0.32
17.6222,0.305
17.625,0.295
17.6278,0.28
17.6306,0.29
17.6333,0.285
17.6361,0.3
17.6389,0.28
17.6417,0.31
17.6444,0.305
17.6472,0.335
17.65,0.33
17.6528,0.32
17.6556,0.305
17.6583,0.29
17.6611,0.26
17.6639,0.265
17.6667,0.255
17.6694,0.225
17.6722,0.175
17.675,0.135
17.6778,0.09
17.6806,0.055
17.6833,0.03
17.6861,-0.005
17.6889,-0.065
17.6917,-0.115
17.6944,-0.16
17.6972,-0.2
17.7,-0.255
17.7028,-0.33
17.7056,-0.41
17.7083,-0.495
17.7111,-0.56
17.7139,-0.61
17.7167,-0.635
17.7194,-0.67
17.7222,-0.725
17.725,-0.8
17.7278,-0.845
17.7306,-0.89
17.7333,-0.93
17.7361,-0.945
17.7389,-0.975
17.7417,-1.015
17.7444,-1.065
17.7472,-1.115
17.75,-1.135
17.7528,-1.17
17.7556,-1.21
17.7583,-1.24
17.7611,-1.275
17.7639,-1.255
17.7667,-1.275
17.7694,-1.285
17.7722,-1.3
17.775,-1.32
17.7778,-1.34
17.7806,-1.355
17.7833,-1.355
17.7861,-1.345
17.7889,-1.345
17.7917,-1.34
17.7944,-1.31
17.7972,-1.265
17.8,-1.195
17.8028,-1.145
17.8056,-1.1
17.8083,-1.03
17.8111,-0.955
17.8139,-0.87
17.8167,-0.77
17.8194,-0.685
17.8222,-0.615
17.825,-0.535
17.8278,-0.455
17.8306,-0.37
17.8333,-0.305
17.8361,-0.245
17.8389,-0.21
17.8417,-0.155
17.8444,-0.115
17.8472,-0.05
17.85,0.015
17.8528,0.05
17.8556,0.08
17.8583,0.09
17.8611,0.12
17.8639,0.165
17.8667,0.2
17.8694,0.22
17.8722,0.245
17.875,0.25
17.8778,0.27
17.8806,0.305
17.8833,0.34
17.8861,0.36
17.8889,0.365
17.8917,0.375
17.8944,0.38
17.8972,0.415
17.9,0.435
17.9028,0.45
17.9056,0.45
17.9083,0.44
17.9111,0.47
17.9139,0.5
17.9167,0.525
17.9194,0.545
17.9222,0.55
17.925,0.545
17.9278,0.55
17.9306,0.57
17.9333,0.58
17.9361,0.59
17.9389,0.595
17.9417,0.575
17.9444,0.585
17.9472,0.595
17.95,0.62
17.9528,0.61
17.9556,0.58
17.9583,0.555
17.9611,0.535
17.9639,0.52
17.9667,0.495
17.9694,0.465
17.9722,0.41
17.975,0.365
17.9778,0.335
17.9806,0.325
17.9833,0.32
17.9861,0.29
17.9889,0.255
17.9917,0.215
17.9944,0.18
17.9972,0.155
18.0,0.11
18.0028,0.04
18.0056,-0.035
18.0083,-0.105
18.0111,-0.205
18.0139,-0.285
18.0167,-0.345
18.0194,-0.4
18.0222,-0.48
18.025,-0.58
18.0278,-0.65
18.0306,-0.695
18.0333,-0.735
18.0361,-0.765
18.0389,-0.825
18.0417,-0.895
18.0444,-0.94
18.0472,-0.955
18.05,-0.95
18.0528,-0.955
18.0556,-0.97
18.0583,-1.01
18.0611,-1.025
18.0639,-1.045
18.0667,-1.065
18.0694,-1.1
18.0722,-1.145
18.075,-1.2
18.0778,-1.23
18.0806,-1.24
18.0833,-1.235
18.0861,-1.235
18.0889,-1.27
18.0917,-1.285
18.0944,-1.295
18.0972,-1.26
18.1,-1.235
18.1028,-1.225
18.1056,-1.21
18.1083,-1.2
18.1111,-1.17
18.1139,-1.15
18.1167,-1.12
18.1194,-1.095
18.1222,-1.08
18.125,-1.06
18.1278,-1.015
18.1306,-0.97
18.1333,-0.915
18.1361,-0.885
18.1389,-0.86
18.1417,-0.835
18.1444,-0.81
18.1472,-0.74
18.15,-0.685
18.1528,-0.645
18.1556,-0.61
18.1583,-0.555
18.1611,-0.5
18.1639,-0.42
18.1667,-0.34
18.1694,-0.265
18.1722,-0.195
18.175,-0.145
18.1778,-0.09
18.1806,-0.025
18.1833,0.025
18.1861,0.07
18.1889,0.07
18.1917,0.115
18.1944,0.16
18.1972,0.21
18.2,0.26
18.2028,0.3
18.2056,0.325
18.2083,0.325
18.2111,0.35
18.2139,0.375
18.2167,0.405
18.2194,0.42
18.2222,0.41
18.225,0.43
18.2278,0.425
18.2306,0.455
18.2333,0.475
18.2361,0.49
18.2389,0.49
18.2417,0.495
18.2444,0.495
18.2472,0.515
18.25,0.535
18.2528,0.54
18.2556,0.515
18.2583,0.51
18.2611,0.515
18.2639,0.545
18.2667,0.55
18.2694,0.54
18.2722,0.52
18.275,0.49
18.2778,0.465
18.2806,0.48
18.2833,0.47
18.2861,0.47
18.2889,0.44
18.2917,0.415
18.2944,0.38
18.2972,0.365
18.3,0.34
18.3028,0.31
18.3056,0.28
18.3083,0.23
18.3111,0.195
18.3139,0.16
18.3167,0.11
18.3194,0.05
18.3222,0.01
18.325,-0.055
18.3278,-0.125
18.3306,-0.18
18.3333,-0.245
18.3361,-0.33
18.3389,-0.42
18.3417,-0.52
18.3444,-0.575
18.3472,-0.635
18.35,-0.7
18.3528,-0.735
18.3556,-0.78
18.3583,-0.825
18.3611,-0.885
18.3639,-0.935
18.3667,-0.985
18.3694,-1.015
18.3722,-1.035
18.375,-1.03
18.3778,-1.035
18.3806,-1.015
18.3833,-1.0
18.3861,-0.98
18.3889,-1.01
18.3917,-1.03
18.3944,-1.065
18.3972,-1.09
18.4,-1.11
18.4028,-1.15
18.4056,-1.2
18.4083,-1.21
18.4111,-1.21
18.4139,-1.165
18.4167,-1.125
18.4194,-1.085
18.4222,-1.06
18.425,-1.045
18.4278,-1.02
18.4306,-0.975
18.4333,-0.93
18.4361,-0.905
18.4389,-0.885
18.4417,-0.885
18.4444,-0.86
18.4472,-0.815
18.45,-0.77
18.4528,-0.75
18.4556,-0.755
18.4583,-0.74
18.4611,-0.72
18.4639,-0.68
18.4667,-0.635
18.4694,-0.59
18.4722,-0.575
18.475,-0.54
18.4778,-0.495
18.4806,-0.455
18.4833,-0.39
18.4861,-0.335
18.4889,-0.3
18.4917,-0.275
18.4944,-0.245
18.4972,-0.185
18.5,-0.14
18.5028,-0.085
18.5056,-0.055
18.5083,-0.02
18.5111,0.02
18.5139,0.07
18.5167,0.115
18.5194,0.155
18.5222,0.19
18.525,0.215
18.5278,0.265
18.5306,0.33
18.5333,0.4
18.5361,0.46
18.5389,0.51
18.5417,0.54
18.5444,0.555
18.5472,0.58
18.55,0.61
18.5528,0.615
18.5556,0.61
18.5583,0.61
18.5611,0.605
18.5639,0.63
18.5667,0.665
18.5694,0.655
18.5722,0.635
18.575,0.6
18.5778,0.595
18.5806,0.585
18.5833,0.595
18.5861,0.575
18.5889,0.555
18.5917,0.54
18.5944,0.52
18.5972,0.49
18.6,0.455
18.6028,0.43
18.6056,0.375
18.6083,0.3
18.6111,0.25
18.6139,0.185
18.6167,0.155
18.6194,0.095
18.6222,0.025
18.625,-0.04
18.6278,-0.12
18.6306,-0.185
18.6333,-0.23
18.6361,-0.305
18.6389,-0.385
18.6417,-0.48
18.6444,-0.565
18.6472,-0.61
18.65,-0.625
18.6528,-0.655
18.6556,-0.69
18.6583,-0.77
18.6611,-0.83
18.6639,-0.86
18.6667,-0.87
18.6694,-0.92
18.6722,-0.98
18.675,-1.06
18.6778,-1.075
18.6806,-1.08
18.6833,-1.06
18.6861,-1.065
18.6889,-1.06
18.6917,-1.045
18.6944,-1.02
18.6972,-1.005
18.7,-1.0
18.7028,-1.0
18.7056,-1.005
18.7083,-1.015
18.7111,-1.02
18.7139,-1.015
18.7167,-1.015
18.7194,-1.01
18.7222,-1.01
18.725,-0.985
18.7278,-0.93
18.7306,-0.855
18.7333,-0.825
18.7361,-0.79
18.7389,-0.76
18.7417,-0.735
18.7444,-0.685
18.7472,-0.635
18.75,-0.605
18.7528,-0.605
18.7556,-0.595
18.7583,-0.57
18.7611,-0.56
18.7639,-0.53
18.7667,-0.495
18.7694,-0.475
18.7722,-0.46
18.775,-0.47
18.7778,-0.44
18.7806,-0.425
18.7833,-0.4
18.7861,-0.385
18.7889,-0.375
18.7917,-0.345
18.7944,-0.335
18.7972,-0.305
18.8,-0.285
18.8028,-0.265
18.8056,-0.245
18.8083,-0.22
18.8111,-0.19
18.8139,-0.165
18.8167,-0.135
18.8194,-0.11
18.8222,-0.105
18.825,-0.09
18.8278,-0.06
18.8306,-0.005
18.8333,0.025
18.8361,0.075
18.8389,0.095
18.8417,0.115
18.8444,0.15
18.8472,0.195
18.85,0.23
18.8528,0.265
18.8556,0.285
18.8583,0.29
18.8611,0.325
18.8639,0.34
18.8667,0.395
18.8694,0.445
18.8722,0.485
18.875,0.535
18.8778,0.58
18.8806,0.635
18.8833,0.68
18.8861,0.72
18.8889,0.76
18.8917,0.785
18.8944,0.8
18.8972,0.825
18.9,0.865
18.9028,0.88
18.9056,0.875
18.9083,0.86
18.9111,0.855
18.9139,0.875
18.9167,0.92
18.9194,0.905
18.9222,0.885
18.925,0.855
18.9278,0.815
18.9306,0.79
18.9333,0.795
18.9361,0.76
18.9389,0.695
18.9417,0.645
18.9444,0.58
18.9472,0.525
18.95,0.465
18.9528,0.385
18.9556,0.305
18.9583,0.24
18.9611,0.185
18.9639,0.145
18.9667,0.085
18.9694,0.04
18.9722,-0.035
18.975,-0.13
18.9778,-0.21
18.9806,-0.295
18.9833,-0.38
18.9861,-0.46
18.9889,-0.56
18.9917,-0.66
18.9944,-0.735
18.9972,-0.79
19.0,-0.785
19.0028,-0.815
19.0056,-0.85
19.0083,-0.89
19.0111,-0.92
19.0139,-0.945
19.0167,-0.935
19.0194,-0.91
19.0222,-0.87
19.025,-0.82
19.0278,-0.775
19.0306,-0.725
19.0333,-0.72
19.0361,-0.75
19.0389,-0.795
19.0417,-0.84
19.0444,-0.845
19.0472,-0.82
19.05,-0.785
19.0528,-0.775
19.0556,-0.775
19.0583,-0.75
19.0611,-0.75
19.0639,-0.725
19.0667,-0.68
19.0694,-0.655
19.0722,-0.64
19.075,-0.625
19.0778,-0.615
19.0806,-0.605
19.0833,-0.58
19.0861,-0.57
19.0889,-0.545
19.0917,-0.545
19.0944,-0.525
19.0972,-0.505
19.1,-0.47
19.1028,-0.46
19.1056,-0.445
19.1083,-0.455
19.1111,-0.435
19.1139,-0.405
19.1167,-0.37
19.1194,-0.36
19.1222,-0.35
19.125,-0.35
19.1278,-0.35
19.1306,-0.3
19.1333,-0.285
19.1361,-0.27
19.1389,-0.265
19.1417,-0.25
19.1444,-0.235
19.1472,-0.2
19.15,-0.16
19.1528,-0.13
19.1556,-0.1
19.1583,-0.08
19.1611,-0.055
19.1639,-0.005
19.1667,0.04
19.1694,0.085
19.1722,0.12
19.175,0.135
19.1778,0.155
19.1806,0.19
19.1833,0.22
19.1861,0.26
19.1889,0.285
19.1917,0.32
19.1944,0.355
19.1972,0.39
19.2,0.425
19.2028,0.45
19.2056,0.46
19.2083,0.475
19.2111,0.49
19.2139,0.51
19.2167,0.545
19.2194,0.545
19.2222,0.565
19.225,0.575
19.2278,0.605
19.2306,0.645
19.2333,0.69
19.2361,0.705
19.2389,0.725
19.2417,0.73
19.2444,0.73
19.2472,0.735
19.25,0.755
19.2528,0.74
19.2556,0.715
19.2583,0.69
19.2611,0.64
19.2639,0.605
19.2667,0.56
19.2694,0.51
19.2722,0.44
19.275,0.35
19.2778,0.29
19.2806,0.25
19.2833,0.2
19.2861,0.115
19.2889,-0.005
19.2917,-0.09
19.2944,-0.135
19.2972,-0.18
19.3,-0.215
19.3028,-0.285
19.3056,-0.36
19.3083,-0.435
19.3111,-0.475
19.3139,-0.525
19.3167,-0.58
19.3194,-0.65
19.3222,-0.73
19.325,-0.78
19.3278,-0.8
19.3306,-0.81
19.3333,-0.79
19.3361,-0.78
19.3389,-0.77
19.3417,-0.77
19.3444,-0.755
19.3472,-0.735
19.35,-0.72
19.3528,-0.74
19.3556,-0.73
19.3583,-0.7
19.3611,-0.69
19.3639,-0.65
19.3667,-0.64
19.3694,-0.63
19.3722,-0.67
19.375,-0.695
19.3778,-0.71
19.3806,-0.72
19.3833,-0.705
19.3861,-0.7
19.3889,-0.705
19.3917,-0.705
19.3944,-0.705
19.3972,-0.685
19.4,-0.645
19.4028,-0.625
19.4056,-0.63
19.4083,-0.63
19.4111,-0.62
19.4139,-0.58
19.4167,-0.55
19.4194,-0.535
19.4222,-0.53
19.425,-0.52
19.4278,-0.51
19.4306,-0.48
19.4333,-0.46
19.4361,-0.44
19.4389,-0.43
19.4417,-0.42
19.4444,-0.41
19.4472,-0.37
19.45,-0.34
19.4528,-0.305
19.4556,-0.295
19.4583,-0.27
19.4611,-0.245
19.4639,-0.23
19.4667,-0.19
19.4694,-0.17
19.4722,-0.15
19.475,-0.155
19.4778,-0.115
19.4806,-0.08
19.4833,-0.035
19.4861,-0.015
19.4889,0.01
19.4917,0.025
19.4944,0.065
19.4972,0.1
19.5,0.125
19.5028,0.145
19.5056,0.165
19.5083,0.165
19.5111,0.195
19.5139,0.235
19.5167,0.275
19.5194,0.275
19.5222,0.28
19.525,0.3
19.5278,0.305
19.5306,0.34
19.5333,0.365
19.5361,0.385
19.5389,0.415
19.5417,0.43
19.5444,0.46
19.5472,0.475
19.55,0.51
19.5528,0.5
19.5556,0.495
19.5583,0.485
19.5611,0.465
19.5639,0.475
19.5667,0.445
19.5694,0.39
19.5722,0.365
19.575,0.32
19.5778,0.265
19.5806,0.21
19.5833,0.13
19.5861,0.045
19.5889,-0.055
19.5917,-0.13
19.5944,-0.19
19.5972,-0.22
19.6,-0.235
19.6028,-0.275
19.6056,-0.33
19.6083,-0.375
19.6111,-0.4
19.6139,-0.42
19.6167,-0.44
19.6194,-0.48
19.6222,-0.525
19.625,-0.56
19.6278,-0.585
19.6306,-0.58
19.6333,-0.58
19.6361,-0.575
19.6389,-0.61
19.6417,-0.64
19.6444,-0.655
19.6472,-0.63
19.65,-0.61
19.6528,-0.62
19.6556,-0.63
19.6583,-0.635
19.6611,-0.605
19.6639,-0.555
19.6667,-0.51
19.6694,-0.47
19.6722,-0.43
19.675,-0.4
19.6778,-0.41
19.6806,-0.41
19.6833,-0.43
19.6861,-0.465
19.6889,-0.52
19.6917,-0.55
19.6944,-0.57
19.6972,-0.565
19.7,-0.565
19.7028,-0.56
19.7056,-0.565
19.7083,-0.57
19.7111,-0.555
19.7139,-0.525
19.7167,-0.5
19.7194,-0.48
19.7222,-0.475
19.725,-0.455
19.7278,-0.425
19.7306,-0.4
19.7333,-0.37
19.7361,-0.36
19.7389,-0.36
19.7417,-0.345
19.7444,-0.33
19.7472,-0.305
19.75,-0.28
19.7528,-0.255
19.7556,-0.24
19.7583,-0.23
19.7611,-0.21
19.7639,-0.18
19.7667,-0.16
19.7694,-0.135
19.7722,-0.13
19.775,-0.115
19.7778,-0.1
19.7806,-0.07
19.7833,-0.045
19.7861,-0.035
19.7889,-0.01
19.7917,-0.02
19.7944,0.02
19.7972,0.055
19.8,0.08
19.8028,0.1
19.8056,0.11
19.8083,0.12
19.8111,0.13
19.8139,0.155
19.8167,0.17
19.8194,0.185
19.8222,0.205
19.825,0.215
19.8278,0.205
19.8306,0.24
19.8333,0.27
19.8361,0.275
19.8389,0.305
19.8417,0.295
19.8444,0.31
19.8472,0.325
19.85,0.325
19.8528,0.33
19.8556,0.28
19.8583,0.25
19.8611,0.225
19.8639,0.21
19.8667,0.175
19.8694,0.13
19.8722,0.065
19.875,0.015
19.8778,-0.005
19.8806,-0.045
19.8833,-0.095
19.8861,-0.145
19.8889,-0.2
19.8917,-0.25
19.8944,-0.28
19.8972,-0.31
19.9,-0.33
19.9028,-0.34
19.9056,-0.36
19.9083,-0.385
19.9111,-0.395
19.9139,-0.415
19.9167,-0.405
19.9194,-0.42
19.9222,-0.445
19.925,-0.48
19.9278,-0.53
19.9306,-0.575
19.9333,-0.605
19.9361,-0.625
19.9389,-0.605
19.9417,-0.615
19.9444,-0.63
19.9472,-0.63
19.95,-0.615
19.9528,-0.6
19.9556,-0.6
19.9583,-0.605
19.9611,-0.62
19.9639,-0.58
19.9667,-0.54
19.9694,-0.515
19.9722,-0.49
19.975,-0.485
19.9778,-0.495
19.9806,-0.475
19.9833,-0.48
19.9861,-0.475
19.9889,-0.505
19.9917,-0.53
19.9944,-0.55
19.9972,-0.555
20.0,-0.55
20.0028,-0.57
20.0056,-0.585
20.0083,-0.595
20.0111,-0.595
20.0139,-0.575
20.0167,-0.555
20.0194,-0.535
20.0222,-0.525
20.025,-0.51
20.0278,-0.49
20.0306,-0.465
20.0333,-0.44
20.0361,-0.44
20.0389,-0.435
20.0417,-0.435
20.0444,-0.415
20.0472,-0.39
20.05,-0.36
20.0528,-0.35
20.0556,-0.335
20.0583,-0.315
20.0611,-0.28
20.0639,-0.24
20.0667,-0.2
20.0694,-0.175
20.0722,-0.165
20.075,-0.14
20.0778,-0.12
20.0806,-0.105
20.0833,-0.07
20.0861,-0.075
20.0889,-0.1
20.0917,-0.105
20.0944,-0.125
20.0972,-0.105
20.1,-0.09
20.1028,-0.1
20.1056,-0.11
20.1083,-0.12
20.1111,-0.12
20.1139,-0.12
20.1167,-0.095
20.1194,-0.1
20.1222,-0.095
20.125,-0.125
20.1278,-0.12
20.1306,-0.09
20.1333,-0.065
20.1361,-0.04
20.1389,-0.02
20.1417,0.005
20.1444,0.035
20.1472,0.055
20.15,0.075
20.1528,0.07
20.1556,0.085
20.1583,0.09
20.1611,0.09
20.1639,0.115
20.1667,0.13
20.1694,0.115
20.1722,0.085
20.175,0.035
20.1778,0.005
20.1806,-0.015
20.1833,-0.02
20.1861,-0.055
20.1889,-0.105
20.1917,-0.155
20.1944,-0.215
20.1972,-0.235
20.2,-0.265
20.2028,-0.315
20.2056,-0.355
20.2083,-0.36
20.2111,-0.365
20.2139,-0.365
20.2167,-0.36
20.2194,-0.36
20.2222,-0.375
20.225,-0.38
20.2278,-0.385
20.2306,-0.39
20.2333,-0.43
20.2361,-0.475
20.2389,-0.515
20.2417,-0.535
20.2444,-0.525
20.2472,-0.52
20.25,-0.515
20.2528,-0.505
20.2556,-0.505
20.2583,-0.505
20.2611,-0.495
20.2639,-0.485
20.2667,-0.465
20.2694,-0.47
20.2722,-0.475
20.275,-0.49
20.2778,-0.505
20.2806,-0.49
20.2833,-0.465
20.2861,-0.475
20.2889,-0.5
20.2917,-0.54
20.2944,-0.56
20.2972,-0.565
20.3,-0.555
20.3028,-0.585
20.3056,-0.61
20.3083,-0.62
20.3111,-0.62
20.3139,-0.61
20.3167,-0.6
20.3194,-0.595
20.3222,-0.6
20.325,-0.6
20.3278,-0.59
20.3306,-0.57
20.3333,-0.535
20.3361,-0.545
20.3389,-0.52
20.3417,-0.505
20.3444,-0.5
20.3472,-0.485
20.35,-0.465
20.3528,-0.45
20.3556,-0.435
20.3583,-0.41
20.3611,-0.37
20.3639,-0.325
20.3667,-0.29
20.3694,-0.27
20.3722,-0.225
20.375,-0.205
20.3778,-0.155
20.3806,-0.115
20.3833,-0.06
20.3861,-0.03
20.3889,0.0
20.3917,0.02
20.3944,0.07
20.3972,0.095
20.4,0.105
20.4028,0.115
20.4056,0.12
20.4083,0.105
20.4111,0.105
20.4139,0.13
20.4167,0.155
20.4194,0.195
20.4222,0.215
20.425,0.23
20.4278,0.24
20.4306,0.28
20.4333,0.305
20.4361,0.325
20.4389,0.34
20.4417,0.35
20.4444,0.39
20.4472,0.425
20.45,0.45
20.4528,0.49
20.4556,0.495
20.4583,0.48
20.4611,0.505
20.4639,0.525
20.4667,0.53
20.4694,0.52
20.4722,0.495
20.475,0.46
20.4778,0.405
20.4806,0.345
20.4833,0.27
20.4861,0.2
20.4889,0.105
20.4917,-0.015
20.4944,-0.105
20.4972,-0.165
20.5,-0.19
20.5028,-0.22
20.5056,-0.29
20.5083,-0.335
20.5111,-0.355
20.5139,-0.365
20.5167,-0.365
20.5194,-0.375
20.5222,-0.41
20.525,-0.42
20.5278,-0.43
20.5306,-0.425
20.5333,-0.435
20.5361,-0.48
20.5389,-0.515
20.5417,-0.565
20.5444,-0.57
20.5472,-0.55
20.55,-0.53
20.5528,-0.54
20.5556,-0.555
20.5583,-0.545
20.5611,-0.535
20.5639,-0.505
20.5667,-0.485
20.5694,-0.465
20.5722,-0.455
20.575,-0.46
20.5778,-0.44
20.5806,-0.455
20.5833,-0.465
20.5861,-0.52
20.5889,-0.575
20.5917,-0.615
20.5944,-0.63
20.5972,-0.63
20.6,-0.63
20.6028,-0.645
20.6056,-0.635
20.6083,-0.65
20.6111,-0.635
20.6139,-0.64
20.6167,-0.615
20.6194,-0.6
20.6222,-0.595
20.625,-0.595
20.6278,-0.59
20.6306,-0.565
20.6333,-0.55
20.6361,-0.56
20.6389,-0.555
20.6417,-0.555
20.6444,-0.54
20.6472,-0.525
20.65,-0.505
20.6528,-0.51
20.6556,-0.515
20.6583,-0.52
20.6611,-0.525
20.6639,-0.52
20.6667,-0.5
20.6694,-0.48
20.6722,-0.48
20.675,-0.485
20.6778,-0.475
20.6806,-0.47
20.6833,-0.46
20.6861,-0.45
20.6889,-0.445
20.6917,-0.45
20.6944,-0.45
20.6972,-0.435
20.7,-0.41
20.7028,-0.415
20.7056,-0.41
20.7083,-0.43
20.7111,-0.425
20.7139,-0.4
20.7167,-0.385
20.7194,-0.375
20.7222,-0.38
20.725,-0.375
20.7278,-0.375
20.7306,-0.35
20.7333,-0.345
20.7361,-0.34
20.7389,-0.34
20.7417,-0.34
20.7444,-0.34
20.7472,-0.33
20.75,-0.325
20.7528,-0.32
20.7556,-0.325
20.7583,-0.34
20.7611,-0.32
20.7639,-0.315
20.7667,-0.285
20.7694,-0.3
20.7722,-0.3
20.775,-0.315
20.7778,-0.33
20.7806,-0.345
20.7833,-0.35
20.7861,-0.36
20.7889,-0.375
20.7917,-0.42
20.7944,-0.445
20.7972,-0.5
20.8,-0.56
20.8028,-0.625
20.8056,-0.7
20.8083,-0.75
20.8111,-0.8
20.8139,-0.845
20.8167,-0.88
20.8194,-0.92
20.8222,-0.985
20.825,-1.035
20.8278,-1.09
20.8306,-1.125
20.8333,-1.14
20.8361,-1.18
20.8389,-1.205
20.8417,-1.22
20.8444,-1.185
20.8472,-1.14
20.85,-1.08
20.8528,-1.03
20.8556,-0.96
20.8583,-0.865
20.8611,-0.77
20.8639,-0.695
20.8667,-0.615
20.8694,-0.54
20.8722,-0.48
20.875,-0.41
20.8778,-0.345
20.8806,-0.255
20.8833,-0.16
20.8861,-0.08
20.8889,-0.055
20.8917,-0.06
20.8944,-0.03
20.8972,0.045
20.9,0.09
20.9028,0.095
20.9056,0.105
20.9083,0.115
20.9111,0.135
20.9139,0.135
20.9167,0.125
20.9194,0.135
20.9222,0.175
20.925,0.235
20.9278,0.275
20.9306,0.34
20.9333,0.39
20.9361,0.405
20.9389,0.395
20.9417,0.395
20.9444,0.41
20.9472,0.435
20.95,0.46
20.9528,0.475
20.9556,0.51
20.9583,0.53
20.9611,0.535
20.9639,0.52
20.9667,0.515
20.9694,0.53
20.9722,0.545
20.975,0.54
20.9778,0.525
20.9806,0.535
20.9833,0.61
20.9861,0.66
20.9889,0.655
20.9917,0.625
20.9944,0.585
20.9972,0.58
21.0,0.6
21.0028,0.64
21.0056,0.67
21.0083,0.655
21.0111,0.6
21.0139,0.585
21.0167,0.575
21.0194,0.585
21.0222,0.58
21.025,0.56
21.0278,0.555
21.0306,0.575
21.0333,0.62
21.0361,0.605
21.0389,0.595
21.0417,0.555
21.0444,0.53
21.0472,0.535
21.05,0.55
21.0528,0.545
21.0556,0.54
21.0583,0.535
21.0611,0.505
21.0639,0.535
21.0667,0.545
21.0694,0.55
21.0722,0.545
21.075,0.53
21.0778,0.535
21.0806,0.53
21.0833,0.545
21.0861,0.545
21.0889,0.53
21.0917,0.525
21.0944,0.545
21.0972,0.54
21.1,0.52
21.1028,0.46
21.1056,0.4
21.1083,0.375
21.1111,0.385
21.1139,0.365
21.1167,0.33
21.1194,0.28
21.1222,0.195
21.125,0.12
21.1278,0.045
21.1306,-0.005
21.1333,-0.065
21.1361,-0.155
21.1389,-0.275
21.1417,-0.365
21.1444,-0.42
21.1472,-0.475
21.15,-0.565
21.1528,-0.655
21.1556,-0.75
21.1583,-0.815
21.1611,-0.855
21.1639,-0.89
21.1667,-0.955
21.1694,-1.03
21.1722,-1.09
21.175,-1.115
21.1778,-1.17
21.1806,-1.16
21.1833,-1.13
21.1861,-1.125
21.1889,-1.13
21.1917,-1.14
21.1944,-1.14
21.1972,-1.135
21.2,-1.11
21.2028,-1.09
21.2056,-1.095
21.2083,-1.08
21.2111,-1.07
21.2139,-1.05
21.2167,-1.04
21.2194,-1.035
21.2222,-1.04
21.225,-1.04
21.2278,-1.005
21.2306,-0.94
21.2333,-0.89
21.2361,-0.83
21.2389,-0.805
21.2417,-0.77
21.2444,-0.72
21.2472,-0.66
21.25,-0.6
21.2528,-0.55
21.2556,-0.495
21.2583,-0.455
21.2611,-0.42
21.2639,-0.36
21.2667,-0.305
21.2694,-0.26
21.2722,-0.22
21.275,-0.19
21.2778,-0.145
21.2806,-0.105
21.2833,-0.04
21.2861,-0.005
21.2889,0.01
21.2917,0.04
21.2944,0.105
21.2972,0.18
21.3,0.255
21.3028,0.305
21.3056,0.335
21.3083,0.385
21.3111,0.435
21.3139,0.5
21.3167,0.55
21.3194,0.58
21.3222,0.585
21.325,0.615
21.3278,0.635
21.3306,0.65
21.3333,0.685
21.3361,0.7
21.3389,0.695
21.3417,0.68
21.3444,0.68
21.3472,0.685
21.35,0.715
21.3528,0.725
21.3556,0.715
21.3583,0.715
21.3611,0.735
21.3639,0.75
21.3667,0.765
21.3694,0.735
21.3722,0.725
21.375,0.715
21.3778,0.715
21.3806,0.735
21.3833,0.745
21.3861,0.745
21.3889,0.735
21.3917,0.72
21.3944,0.74
21.3972,0.75
21.4,0.76
21.4028,0.745
21.4056,0.735
21.4083,0.715
21.4111,0.74
21.4139,0.74
21.4167,0.735
21.4194,0.725
21.4222,0.71
21.425,0.69
21.4278,0.69
21.4306,0.7
21.4333,0.71
21.4361,0.685
21.4389,0.64
21.4417,0.575
21.4444,0.52
21.4472,0.475
21.45,0.44
21.4528,0.39
21.4556,0.31
21.4583,0.28
21.4611,0.225
21.4639,0.165
21.4667,0.095
21.4694,0.0
21.4722,-0.09
21.475,-0.145
21.4778,-0.19
21.4806,-0.235
21.4833,-0.295
21.4861,-0.355
21.4889,-0.43
21.4917,-0.485
21.4944,-0.535
21.4972,-0.57
21.5,-0.635
21.5028,-0.71
21.5056,-0.77
21.5083,-0.855
21.5111,-0.89
21.5139,-0.925
21.5167,-0.945
21.5194,-0.985
21.5222,-1.035
21.525,-1.055
21.5278,-1.055
21.5306,-1.03
21.5333,-1.01
21.5361,-0.97
21.5389,-0.96
21.5417,-0.95
21.5444,-0.955
21.5472,-0.945
21.55,-0.95
21.5528,-0.95
21.5556,-0.96
21.5583,-0.965
21.5611,-0.955
21.5639,-0.93
21.5667,-0.915
21.5694,-0.88
21.5722,-0.82
21.575,-0.76
21.5778,-0.715
21.5806,-0.635
21.5833,-0.605
21.5861,-0.555
21.5889,-0.525
21.5917,-0.515
21.5944,-0.48
21.5972,-0.43
21.6,-0.4
21.6028,-0.38
21.6056,-0.37
21.6083,-0.355
21.6111,-0.315
21.6139,-0.255
21.6167,-0.19
21.6194,-0.14
21.6222,-0.085
21.625,-0.045
21.6278,0.04
21.6306,0.105
21.6333,0.165
21.6361,0.22
21.6389,0.25
21.6417,0.28
21.6444,0.35
21.6472,0.405
21.65,0.475
21.6528,0.515
21.6556,0.55
21.6583,0.57
21.6611,0.61
21.6639,0.645
21.6667,0.685
21.6694,0.7
21.6722,0.725
21.675,0.745
21.6778,0.775
21.6806,0.8
21.6833,0.835
21.6861,0.855
21.6889,0.85
21.6917,0.855
21.6944,0.87
21.6972,0.9
21.7,0.915
21.7028,0.91
21.7056,0.905
21.7083,0.91
21.7111,0.915
21.7139,0.955
21.7167,0.975
21.7194,0.975
21.7222,0.945
21.725,0.94
21.7278,0.97
21.7306,0.975
21.7333,0.985
21.7361,0.98
21.7389,0.985
21.7417,0.98
21.7444,0.995
21.7472,1.005
21.75,1.025
21.7528,1.02
21.7556,1.02
21.7583,1.02
21.7611,1.025
21.7639,1.035
21.7667,1.035
21.7694,1.045
21.7722,1.035
21.775,1.035
21.7778,1.04
21.7806,1.045
21.7833,1.05
21.7861,1.045
21.7889,1.04
21.7917,1.015
21.7944,1.015
21.7972,1.02
21.8,1.025
21.8028,1.01
21.8056,1.005
21.8083,0.995
21.8111,0.98
21.8139,0.99
21.8167,0.995
21.8194,0.99
21.8222,0.98
21.825,0.955
21.8278,0.945
21.8306,0.94
21.8333,0.93
21.8361,0.915
21.8389,0.885
21.8417,0.86
21.8444,0.845
21.8472,0.855
21.85,0.845
21.8528,0.84
21.8556,0.82
21.8583,0.81
21.8611,0.795
21.8639,0.79
21.8667,0.755
21.8694,0.76
21.8722,0.74
21.875,0.71
21.8778,0.7
21.8806,0.69
21.8833,0.685
21.8861,0.67
21.8889,0.63
21.8917,0.615
21.8944,0.595
21.8972,0.59
21.9,0.57
21.9028,0.545
21.9056,0.53
21.9083,0.505
21.9111,0.485
21.9139,0.49
21.9167,0.485
21.9194,0.47
21.9222,0.445
21.925,0.43
21.9278,0.435
21.9306,0.42
21.9333,0.42
21.9361,0.41
21.9389,0.39
21.9417,0.365
21.9444,0.35
21.9472,0.34
21.95,0.345
21.9528,0.31
21.9556,0.295
21.9583,0.29
21.9611,0.3
21.9639,0.32
21.9667,0.29
21.9694,0.195
21.9722,0.035
21.975,-0.11
21.9778,-0.255
21.9806,-0.365
21.9833,-0.49
21.9861,-0.65
21.9889,-0.79
21.9917,-0.92
21.9944,-1.035
21.9972,-1.15
22.0,-1.28
22.0028,-1.42
22.0056,-1.5
22.0083,-1.505
22.0111,-1.5
22.0139,-1.495
22.0167,-1.495
22.0194,-1.51
22.0222,-1.495
22.025,-1.46
22.0278,-1.42
22.0306,-1.37
22.0333,-1.3
22.0361,-1.24
22.0389,-1.18
22.0417,-1.12
22.0444,-1.04
22.0472,-0.965
22.05,-0.91
22.0528,-0.865
22.0556,-0.79
22.0583,-0.695
22.0611,-0.575
22.0639,-0.465
22.0667,-0.38
22.0694,-0.315
22.0722,-0.24
22.075,-0.175
22.0778,-0.065
22.0806,0.025
22.0833,0.115
22.0861,0.165
22.0889,0.21
22.0917,0.215
22.0944,0.24
22.0972,0.275
22.1,0.285
22.1028,0.28
22.1056,0.275
22.1083,0.28
22.1111,0.285
22.1139,0.31
22.1167,0.335
22.1194,0.335
22.1222,0.34
22.125,0.345
22.1278,0.375
22.1306,0.4
22.1333,0.405
22.1361,0.42
22.1389,0.4
22.1417,0.39
22.1444,0.38
22.1472,0.415
22.15,0.425
22.1528,0.425
22.1556,0.415
22.1583,0.425
22.1611,0.43
22.1639,0.45
22.1667,0.465
22.1694,0.475
22.1722,0.455
22.175,0.465
22.1778,0.47
22.1806,0.47
22.1833,0.495
22.1861,0.475
22.1889,0.455
22.1917,0.45
22.1944,0.45
22.1972,0.455
22.2,0.465
22.2028,0.455
22.2056,0.45
22.2083,0.46
22.2111,0.455
22.2139,0.475
22.2167,0.49
22.2194,0.475
22.2222,0.47
22.225,0.465
22.2278,0.47
22.2306,0.48
22.2333,0.49
22.2361,0.47
22.2389,0.47
22.2417,0.455
22.2444,0.47
22.2472,0.475
22.25,0.485
22.2528,0.47
22.2556,0.445
22.2583,0.455
22.2611,0.455
22.2639,0.455
22.2667,0.455
22.2694,0.445
22.2722,0.43
22.275,0.42
22.2778,0.42
22.2806,0.43
22.2833,0.445
22.2861,0.425
22.2889,0.415
22.2917,0.415
22.2944,0.4
22.2972,0.415
22.3,0.41
22.3028,0.4
22.3056,0.375
22.3083,0.355
22.3111,0.365
22.3139,0.355
22.3167,0.36
22.3194,0.355
22.3222,0.33
22.325,0.315
22.3278,0.31
22.3306,0.315
22.3333,0.315
22.3361,0.31
22.3389,0.285
22.3417,0.275
22.3444,0.27
22.3472,0.28
22.35,0.265
22.3528,0.28
22.3556,0.265
22.3583,0.25
22.3611,0.24
22.3639,0.23
22.3667,0.225
22.3694,0.215
22.3722,0.2
22.375,0.185
22.3778,0.17
22.3806,0.165
22.3833,0.175
22.3861,0.165
22.3889,0.135
22.3917,0.13
22.3944,0.115
22.3972,0.115
22.4,0.11
22.4028,0.105
22.4056,0.08
22.4083,0.075
22.4111,0.07
22.4139,0.07
22.4167,0.065
22.4194,0.045
22.4222,0.02
22.425,0.015
22.4278,0.005
22.4306,0.005
22.4333,-0.005
22.4361,-0.015
22.4389,-0.04
22.4417,-0.065
22.4444,-0.075
22.4472,-0.085
22.45,-0.09
22.4528,-0.105
22.4556,-0.13
22.4583,-0.155
22.4611,-0.15
22.4639,-0.165
22.4667,-0.165
22.4694,-0.15
22.4722,-0.185
22.475,-0.205
22.4778,-0.215
22.4806,-0.22
22.4833,-0.225
22.4861,-0.235
22.4889,-0.245
22.4917,-0.265
22.4944,-0.27
22.4972,-0.275
22.5,-0.275
22.5028,-0.29
22.5056,-0.315
22.5083,-0.335
22.5111,-0.335
22.5139,-0.325
22.5167,-0.315
22.5194,-0.325
22.5222,-0.34
22.525,-0.345
22.5278,-0.35
22.5306,-0.355
22.5333,-0.35
22.5361,-0.365
22.5389,-0.365
22.5417,-0.385
22.5444,-0.37
22.5472,-0.375
22.55,-0.38
22.5528,-0.37
22.5556,-0.38
22.5583,-0.38
22.5611,-0.4
22.5639,-0.39
22.5667,-0.395
22.5694,-0.4
22.5722,-0.415
22.575,-0.43
22.5778,-0.435
22.5806,-0.415
22.5833,-0.405
22.5861,-0.41
22.5889,-0.425
22.5917,-0.435
22.5944,-0.445
22.5972,-0.43
22.6,-0.415
22.6028,-0.43
22.6056,-0.435
22.6083,-0.445
22.6111,-0.45
22.6139,-0.44
22.6167,-0.43
22.6194,-0.435
22.6222,-0.455
22.625,-0.47
22.6278,-0.48
22.6306,-0.445
22.6333,-0.44
22.6361,-0.455
22.6389,-0.47
22.6417,-0.475
22.6444,-0.455
22.6472,-0.445
22.65,-0.44
22.6528,-0.435
22.6556,-0.445
22.6583,-0.46
22.6611,-0.445
22.6639,-0.445
22.6667,-0.45
22.6694,-0.465
22.6722,-0.485
22.675,-0.48
22.6778,-0.475
22.6806,-0.475
22.6833,-0.475
22.6861,-0.48
22.6889,-0.49
22.6917,-0.495
22.6944,-0.49
22.6972,-0.495
22.7,-0.48
22.7028,-0.49
22.7056,-0.49
22.7083,-0.505
22.7111,-0.495
22.7139,-0.465
22.7167,-0.465
22.7194,-0.475
22.7222,-0.5
22.725,-0.51
22.7278,-0.495
22.7306,-0.495
22.7333,-0.49
22.7361,-0.495
22.7389,-0.505
22.7417,-0.505
22.7444,-0.495
22.7472,-0.49
22.75,-0.495
22.7528,-0.495
22.7556,-0.505
22.7583,-0.515
22.7611,-0.5
22.7639,-0.49
22.7667,-0.485
22.7694,-0.48
22.7722,-0.485
22.775,-0.5
22.7778,-0.515
22.7806,-0.48
22.7833,-0.48
22.7861,-0.485
22.7889,-0.5
22.7917,-0.495
22.7944,-0.495
22.7972,-0.49
22.8,-0.48
22.8028,-0.49
22.8056,-0.505
22.8083,-0.51
22.8111,-0.515
22.8139,-0.49
22.8167,-0.475
22.8194,-0.48
22.8222,-0.49
22.825,-0.5
22.8278,-0.5
22.8306,-0.495
22.8333,-0.5
22.8361,-0.485
22.8389,-0.49
22.8417,-0.485
22.8444,-0.485
22.8472,-0.47
22.85,-0.48
22.8528,-0.49
22.8556,-0.495
22.8583,-0.515
22.8611,-0.495
22.8639,-0.475
22.8667,-0.465
22.8694,-0.475
22.8722,-0.49
22.875,-0.495
22.8778,-0.5
22.8806,-0.48
22.8833,-0.47
22.8861,-0.48
22.8889,-0.48
22.8917,-0.49
22.8944,-0.48
22.8972,-0.465
22.9,-0.475
22.9028,-0.505
22.9056,-0.495
22.9083,-0.495
22.9111,-0.48
22.9139,-0.48
22.9167,-0.465
22.9194,-0.48
22.9222,-0.5
22.925,-0.5
22.9278,-0.485
22.9306,-0.475
22.9333,-0.48
22.9361,-0.465
22.9389,-0.47
22.9417,-0.485
22.9444,-0.485
22.9472,-0.47
22.95,-0.455
22.9528,-0.45
22.9556,-0.465
22.9583,-0.455
22.9611,-0.465
22.9639,-0.45
22.9667,-0.445
22.9694,-0.45
22.9722,-0.48
22.975,-0.485
22.9778,-0.48
22.9806,-0.46
22.9833,-0.455
22.9861,-0.46
22.9889,-0.465
22.9917,-0.49
22.9944,-0.475
22.9972,-0.465
23.0,-0.45
23.0028,-0.45
23.0056,-0.455
23.0083,-0.45
23.0111,-0.455
23.0139,-0.47
23.0167,-0.45
23.0194,-0.455
23.0222,-0.46
23.025,-0.455
23.0278,-0.46
23.0306,-0.45
23.0333,-0.46
23.0361,-0.485
23.0389,-0.48
23.0417,-0.48
23.0444,-0.47
23.0472,-0.44
23.05,-0.42
23.0528,-0.42
23.0556,-0.44
23.0583,-0.46
23.0611,-0.465
23.0639,-0.445
23.0667,-0.435
23.0694,-0.45
23.0722,-0.44
23.075,-0.455
23.0778,-0.445
23.0806,-0.425
23.0833,-0.425
23.0861,-0.42
23.0889,-0.445
23.0917,-0.445
23.0944,-0.445
23.0972,-0.45
23.1,-0.44
23.1028,-0.435
23.1056,-0.445
23.1083,-0.435
23.1111,-0.43
23.1139,-0.41
23.1167,-0.4
23.1194,-0.415
23.1222,-0.425
23.125,-0.41
23.1278,-0.41
23.1306,-0.415
23.1333,-0.395
23.1361,-0.4
23.1389,-0.4
23.1417,-0.405
23.1444,-0.4
23.1472,-0.39
23.15,-0.42
23.1528,-0.425
23.1556,-0.415
23.1583,-0.395
23.1611,-0.38
23.1639,-0.355
23.1667,-0.345
23.1694,-0.35
23.1722,-0.36
23.175,-0.375
23.1778,-0.37
23.1806,-0.37
23.1833,-0.37
23.1861,-0.385
23.1889,-0.36
23.1917,-0.36
23.1944,-0.365
23.1972,-0.36
23.2,-0.34
23.2028,-0.34
23.2056,-0.35
23.2083,-0.355
23.2111,-0.355
23.2139,-0.37
23.2167,-0.37
23.2194,-0.41
23.2222,-0.415
23.225,-0.43
23.2278,-0.415
23.2306,-0.395
23.2333,-0.39
23.2361,-0.38
23.2389,-0.41
23.2417,-0.41
23.2444,-0.38
23.2472,-0.36
23.25,-0.36
23.2528,-0.37
23.2556,-0.375
23.2583,-0.38
23.2611,-0.38
23.2639,-0.37
23.2667,-0.385
23.2694,-0.4
23.2722,-0.405
23.275,-0.405
23.2778,-0.385
23.2806,-0.365
23.2833,-0.345
23.2861,-0.375
23.2889,-0.4
23.2917,-0.41
23.2944,-0.375
23.2972,-0.355
23.3,-0.345
23.3028,-0.355
23.3056,-0.38
23.3083,-0.375
23.3111,-0.36
23.3139,-0.36
23.3167,-0.34
23.3194,-0.355
23.3222,-0.345
23.325,-0.345
23.3278,-0.34
23.3306,-0.34
23.3333,-0.365
23.3361,-0.36
23.3389,-0.36
23.3417,-0.355
23.3444,-0.345
23.3472,-0.34
23.35,-0.325
23.3528,-0.31
23.3556,-0.325
23.3583,-0.34
23.3611,-0.325
23.3639,-0.32
23.3667,-0.315
23.3694,-0.325
23.3722,-0.32
23.375,-0.305
23.3778,-0.29
23.3806,-0.29
23.3833,-0.305
23.3861,-0.33
23.3889,-0.375
23.3917,-0.395
23.3944,-0.365
23.3972,-0.35
23.4,-0.33
23.4028,-0.315
23.4056,-0.28
23.4083,-0.205
23.4111,-0.08
23.4139,0.06
23.4167,0.175
23.4194,0.235
23.4222,0.25
23.425,0.265
23.4278,0.28
23.4306,0.325
23.4333,0.38
23.4361,0.45
23.4389,0.485
23.4417,0.48
23.4444,0.44
23.4472,0.375
23.45,0.235
23.4528,0.065
23.4556,-0.11
23.4583,-0.255
23.4611,-0.315
23.4639,-0.35
23.4667,-0.38
23.4694,-0.415
23.4722,-0.445
23.475,-0.49
23.4778,-0.48
23.4806,-0.45
23.4833,-0.43
23.4861,-0.425
23.4889,-0.445
23.4917,-0.44
23.4944,-0.41
23.4972,-0.375
23.5,-0.35
23.5028,-0.325
23.5056,-0.31
23.5083,-0.27
23.5111,-0.23
23.5139,-0.22
23.5167,-0.225
23.5194,-0.25
23.5222,-0.275
23.525,-0.29
23.5278,-0.315
23.5306,-0.3
23.5333,-0.3
23.5361,-0.3
23.5389,-0.32
23.5417,-0.31
23.5444,-0.31
23.5472,-0.29
23.55,-0.275
23.5528,-0.285
23.5556,-0.29
23.5583,-0.295
23.5611,-0.28
23.5639,-0.29
23.5667,-0.285
23.5694,-0.295
23.5722,-0.3
23.575,-0.285
23.5778,-0.27
23.5806,-0.255
23.5833,-0.245
23.5861,-0.245
23.5889,-0.25
23.5917,-0.245
23.5944,-0.225
23.5972,-0.23
23.6,-0.2
23.6028,-0.21
23.6056,-0.21
23.6083,-0.215
23.6111,-0.195
23.6139,-0.175
23.6167,-0.165
23.6194,-0.175
23.6222,-0.175
23.625,-0.18
23.6278,-0.17
23.6306,-0.145
23.6333,-0.14
23.6361,-0.145
23.6389,-0.145
23.6417,-0.135
23.6444,-0.115
23.6472,-0.09
23.65,-0.075
23.6528,-0.085
23.6556,-0.08
23.6583,-0.075
23.6611,-0.065
23.6639,-0.05
23.6667,-0.035
23.6694,-0.025
23.6722,-0.035
23.675,-0.03
23.6778,-0.02
23.6806,-0.01
23.6833,-0.015
23.6861,0.005
23.6889,0.01
23.6917,0.01
23.6944,0.03
23.6972,0.055
23.7,0.07
23.7028,0.08
23.7056,0.06
23.7083,0.06
23.7111,0.08
23.7139,0.1
23.7167,0.1
23.7194,0.12
23.7222,0.11
23.725,0.12
23.7278,0.14
23.7306,0.155
23.7333,0.15
23.7361,0.14
23.7389,0.135
23.7417,0.15
23.7444,0.18
23.7472,0.18
23.75,0.205
23.7528,0.21
23.7556,0.2
23.7583,0.205
23.7611,0.21
23.7639,0.24
23.7667,0.235
23.7694,0.235
23.7722,0.225
23.775,0.23
23.7778,0.24
23.7806,0.255
23.7833,0.26
23.7861,0.25
23.7889,0.24
23.7917,0.23
23.7944,0.24
23.7972,0.255
23.8,0.245
23.8028,0.25
23.8056,0.245
23.8083,0.24
23.8111,0.26
23.8139,0.265
23.8167,0.27
23.8194,0.27
23.8222,0.27
23.825,0.255
23.8278,0.27
23.8306,0.28
23.8333,0.285
23.8361,0.275
23.8389,0.275
23.8417,0.27
23.8444,0.27
23.8472,0.28
23.85,0.295
23.8528,0.295
23.8556,0.29
23.8583,0.28
23.8611,0.305
23.8639,0.325
23.8667,0.33
23.8694,0.32
23.8722,0.32
23.875,0.325
23.8778,0.335
23.8806,0.365
23.8833,0.375
23.8861,0.38
23.8889,0.375
23.8917,0.38
23.8944,0.385
23.8972,0.395
23.9,0.415
23.9028,0.405
23.9056,0.405
23.9083,0.415
23.9111,0.435
23.9139,0.45
23.9167,0.46
23.9194,0.47
23.9222,0.465
23.925,0.465
23.9278,0.47
23.9306,0.485
23.9333,0.485
23.9361,0.47
23.9389,0.45
23.9417,0.445
23.9444,0.45
23.9472,0.455
23.95,0.455
23.9528,0.455
23.9556,0.435
23.9583,0.43
23.9611,0.425
23.9639,0.435
23.9667,0.44
23.9694,0.425
23.9722,0.415
23.975,0.405
23.9778,0.415
23.9806,0.415
23.9833,0.42
23.9861,0.405
23.9889,0.385
23.9917,0.375
23.9944,0.375
23.9972,0.37
24.0,0.375
24.0028,0.36
24.0056,0.345
24.0083,0.31
24.0111,0.315
24.0139,0.32
24.0167,0.31
24.0194,0.29
24.0222,0.27
24.025,0.275
24.0278,0.27
24.0306,0.28
24.0333,0.265
24.0361,0.25
24.0389,0.225
24.0417,0.21
24.0444,0.235
24.0472,0.225
24.05,0.21
24.0528,0.2
24.0556,0.18
24.0583,0.18
24.0611,0.2
24.0639,0.21
24.0667,0.225
24.0694,0.225
24.0722,0.215
24.075,0.2
24.0778,0.21
24.0806,0.185
24.0833,0.15
24.0861,0.12
24.0889,0.1
24.0917,0.1
24.0944,0.11
24.0972,0.115
24.1,0.115
24.1028,0.075
24.1056,0.0
24.1083,-0.075
24.1111,-0.165
24.1139,-0.26
24.1167,-0.325
24.1194,-0.375
24.1222,-0.42
24.125,-0.48
24.1278,-0.55
24.1306,-0.61
24.1333,-0.645
24.1361,-0.68
24.1389,-0.705
24.1417,-0.735
24.1444,-0.78
24.1472,-0.81
24.15,-0.825
24.1528,-0.82
24.1556,-0.825
24.1583,-0.85
24.1611,-0.925
24.1639,-1.005
24.1667,-1.13
24.1694,-1.245
24.1722,-1.3
24.175,-1.265
24.1778,-1.185
24.1806,-1.11
24.1833,-1.075
24.1861,-1.03
24.1889,-0.985
24.1917,-0.96
24.1944,-0.91
24.1972,-0.87
24.2,-0.85
24.2028,-0.835
24.2056,-0.835
24.2083,-0.79
24.2111,-0.74
24.2139,-0.7
24.2167,-0.695
24.2194,-0.7
24.2222,-0.68
24.225,-0.665
24.2278,-0.63
24.2306,-0.595
24.2333,-0.575
24.2361,-0.565
24.2389,-0.585
24.2417,-0.57
24.2444,-0.535
24.2472,-0.515
24.25,-0.52
24.2528,-0.515
24.2556,-0.515
24.2583,-0.5
24.2611,-0.49
24.2639,-0.465
24.2667,-0.46
24.2694,-0.46
24.2722,-0.46
24.275,-0.445
24.2778,-0.435
24.2806,-0.42
24.2833,-0.415
24.2861,-0.42
24.2889,-0.42
24.2917,-0.405
24.2944,-0.39
24.2972,-0.365
24.3,-0.36
24.3028,-0.36
24.3056,-0.35
24.3083,-0.33
24.3111,-0.32
24.3139,-0.29
24.3167,-0.275
24.3194,-0.275
24.3222,-0.28
24.325,-0.27
24.3278,-0.25
24.3306,-0.225
24.3333,-0.225
24.3361,-0.235
24.3389,-0.25
24.3417,-0.235
24.3444,-0.225
24.3472,-0.2
24.35,-0.205
24.3528,-0.205
24.3556,-0.195
24.3583,-0.195
24.3611,-0.175
24.3639,-0.145
24.3667,-0.145
24.3694,-0.155
24.3722,-0.15
24.375,-0.15
24.3778,-0.135
24.3806,-0.12
24.3833,-0.125
24.3861,-0.135
24.3889,-0.13
24.3917,-0.125
24.3944,-0.12
24.3972,-0.11
24.4,-0.115
24.4028,-0.11
24.4056,-0.12
24.4083,-0.105
24.4111,-0.105
24.4139,-0.09
24.4167,-0.08
24.4194,-0.075
24.4222,-0.09
24.425,-0.08
24.4278,-0.08
24.4306,-0.065
24.4333,-0.06
24.4361,-0.09
24.4389,-0.095
24.4417,-0.1
24.4444,-0.1
24.4472,-0.105
24.45,-0.11
24.4528,-0.11
24.4556,-0.125
24.4583,-0.135
24.4611,-0.125
24.4639,-0.14
24.4667,-0.135
24.4694,-0.15
24.4722,-0.155
24.475,-0.135
24.4778,-0.13
24.4806,-0.11
24.4833,-0.1
24.4861,-0.1
24.4889,-0.125
24.4917,-0.12
24.4944,-0.095
24.4972,-0.09
24.5,-0.105
24.5028,-0.13
24.5056,-0.145
24.5083,-0.13
24.5111,-0.065
24.5139,-0.04
24.5167,-0.085
24.5194,-0.2
24.5222,-0.29
24.525,-0.355
24.5278,-0.35
24.5306,-0.36
24.5333,-0.385
24.5361,-0.4
24.5389,-0.405
24.5417,-0.405
24.5444,-0.415
24.5472,-0.405
24.55,-0.405
24.5528,-0.4
24.5556,-0.4
24.5583,-0.385
24.5611,-0.32
24.5639,-0.24
24.5667,-0.22
24.5694,-0.27
24.5722,-0.325
24.575,-0.425
24.5778,-0.52
24.5806,-0.58
24.5833,-0.585
24.5861,-0.605
24.5889,-0.63
24.5917,-0.655
24.5944,-0.64
24.5972,-0.615
24.6,-0.605
24.6028,-0.6
24.6056,-0.61
24.6083,-0.61
24.6111,-0.6
24.6139,-0.575
24.6167,-0.59
24.6194,-0.59
24.6222,-0.605
24.625,-0.615
24.6278,-0.59
24.6306,-0.57
24.6333,-0.565
24.6361,-0.57
24.6389,-0.565
24.6417,-0.565
24.6444,-0.555
24.6472,-0.535
24.65,-0.53
24.6528,-0.525
24.6556,-0.535
24.6583,-0.535
24.6611,-0.515
24.6639,-0.505
24.6667,-0.49
24.6694,-0.495
24.6722,-0.51
24.675,-0.5
24.6778,-0.495
24.6806,-0.47
24.6833,-0.455
24.6861,-0.455
24.6889,-0.45
24.6917,-0.46
24.6944,-0.45
24.6972,-0.435
24.7,-0.41
24.7028,-0.43
24.7056,-0.43
24.7083,-0.415
24.7111,-0.4
24.7139,-0.385
24.7167,-0.38
24.7194,-0.37
24.7222,-0.38
24.725,-0.37
24.7278,-0.345
24.7306,-0.335
24.7333,-0.35
24.7361,-0.36
24.7389,-0.355
24.7417,-0.35
24.7444,-0.335
24.7472,-0.31
24.75,-0.295
24.7528,-0.28
24.7556,-0.28
24.7583,-0.29
24.7611,-0.255
24.7639,-0.265
24.7667,-0.255
24.7694,-0.27
24.7722,-0.265
24.775,-0.28
24.7778,-0.26
24.7806,-0.255
24.7833,-0.245
24.7861,-0.245
24.7889,-0.245
24.7917,-0.26
24.7944,-0.25
24.7972,-0.24
24.8,-0.245
24.8028,-0.25
24.8056,-0.245
24.8083,-0.235
24.8111,-0.22
24.8139,-0.235
24.8167,-0.23
24.8194,-0.23
24.8222,-0.235
24.825,-0.255
24.8278,-0.235
24.8306,-0.225
24.8333,-0.25
24.8361,-0.255
24.8389,-0.27
24.8417,-0.305
24.8444,-0.285
24.8472,-0.29
24.85,-0.305
24.8528,-0.32
24.8556,-0.34
24.8583,-0.35
24.8611,-0.345
24.8639,-0.33
24.8667,-0.325
24.8694,-0.32
24.8722,-0.295
24.875,-0.26
24.8778,-0.235
24.8806,-0.2
24.8833,-0.175
24.8861,-0.16
24.8889,-0.155
24.8917,-0.14
24.8944,-0.13
24.8972,-0.085
24.9,-0.045
24.9028,0.005
24.9056,0.03
24.9083,0.085
24.9111,0.14
24.9139,0.18
24.9167,0.245
24.9194,0.32
24.9222,0.4
24.925,0.495
24.9278,0.615
24.9306,0.715
24.9333,0.795
24.9361,0.845
24.9389,0.925
24.9417,0.985
24.9444,1.03
24.9472,1.06
24.95,1.065
24.9528,1.05
24.9556,1.03
24.9583,1.03
24.9611,1.05
24.9639,1.05
24.9667,1.03
24.9694,0.95
24.9722,0.805
24.975,0.64
24.9778,0.455
24.9806,0.255
24.9833,0.055
24.9861,-0.105
24.9889,-0.225
24.9917,-0.325
24.9944,-0.42
24.9972,-0.495
25.0,-0.55
25.0028,-0.585
25.0056,-0.605
25.0083,-0.64
25.0111,-0.635
25.0139,-0.62
25.0167,-0.605
25.0194,-0.62
25.0222,-0.655
25.025,-0.65
25.0278,-0.635
25.0306,-0.625
25.0333,-0.63
25.0361,-0.65
25.0389,-0.66
25.0417,-0.66
25.0444,-0.645
25.0472,-0.635
25.05,-0.645
25.0528,-0.655
25.0556,-0.67
25.0583,-0.67
25.0611,-0.665
25.0639,-0.66
25.0667,-0.66
25.0694,-0.675
25.0722,-0.69
25.075,-0.695
25.0778,-0.695
25.0806,-0.67
25.0833,-0.66
25.0861,-0.66
25.0889,-0.67
25.0917,-0.64
25.0944,-0.615
25.0972,-0.6
25.1,-0.625
25.1028,-0.625
25.1056,-0.64
25.1083,-0.62
25.1111,-0.615
25.1139,-0.6
25.1167,-0.615
25.1194,-0.62
25.1222,-0.615
25.125,-0.615
25.1278,-0.6
25.1306,-0.595
25.1333,-0.59
25.1361,-0.575
25.1389,-0.565
25.1417,-0.57
25.1444,-0.575
25.1472,-0.58
25.15,-0.55
25.1528,-0.545
25.1556,-0.555
25.1583,-0.565
25.1611,-0.545
25.1639,-0.545
25.1667,-0.515
25.1694,-0.53
25.1722,-0.535
25.175,-0.54
25.1778,-0.515
25.1806,-0.51
25.1833,-0.51
25.1861,-0.505
25.1889,-0.52
25.1917,-0.51
25.1944,-0.505
25.1972,-0.485
25.2,-0.49
25.2028,-0.48
25.2056,-0.475
25.2083,-0.48
25.2111,-0.485
25.2139,-0.465
25.2167,-0.46
25.2194,-0.435
25.2222,-0.455
25.225,-0.485
25.2278,-0.47
25.2306,-0.455
25.2333,-0.445
25.2361,-0.47
25.2389,-0.485
25.2417,-0.485
25.2444,-0.465
25.2472,-0.45
25.25,-0.465
25.2528,-0.46
25.2556,-0.47
25.2583,-0.465
25.2611,-0.465
25.2639,-0.445
25.2667,-0.46
25.2694,-0.455
25.2722,-0.45
25.275,-0.46
25.2778,-0.465
25.2806,-0.45
25.2833,-0.44
25.2861,-0.455
25.2889,-0.475
25.2917,-0.455
25.2944,-0.445
25.2972,-0.43
25.3,-0.435
25.3028,-0.445
25.3056,-0.455
25.3083,-0.44
25.3111,-0.435
25.3139,-0.415
25.3167,-0.405
25.3194,-0.385
25.3222,-0.395
25.325,-0.385
25.3278,-0.38
25.3306,-0.375
25.3333,-0.365
25.3361,-0.37
25.3389,-0.37
25.3417,-0.36
25.3444,-0.36
25.3472,-0.34
25.35,-0.35
25.3528,-0.355
25.3556,-0.355
25.3583,-0.36
25.3611,-0.335
25.3639,-0.315
25.3667,-0.305
25.3694,-0.32
25.3722,-0.315
25.375,-0.315
25.3778,-0.285
25.3806,-0.265
25.3833,-0.285
25.3861,-0.29
25.3889,-0.31
25.3917,-0.3
25.3944,-0.28
25.3972,-0.26
25.4,-0.26
25.4028,-0.26
25.4056,-0.285
25.4083,-0.29
25.4111,-0.28
25.4139,-0.27
25.4167,-0.265
25.4194,-0.27
25.4222,-0.27
25.425,-0.27
25.4278,-0.26
25.4306,-0.245
25.4333,-0.245
25.4361,-0.27
25.4389,-0.27
25.4417,-0.28
25.4444,-0.235
25.4472,-0.23
25.45,-0.23
25.4528,-0.25
25.4556,-0.255
25.4583,-0.25
25.4611,-0.23
25.4639,-0.245
25.4667,-0.265
25.4694,-0.265
25.4722,-0.26
25.475,-0.24
25.4778,-0.225
25.4806,-0.22
25.4833,-0.195
25.4861,-0.205
25.4889,-0.195
25.4917,-0.205
25.4944,-0.215
25.4972,-0.215
25.5,-0.24
25.5028,-0.245
25.5056,-0.26
25.5083,-0.275
25.5111,-0.28
25.5139,-0.315
25.5167,-0.345
25.5194,-0.35
25.5222,-0.345
25.525,-0.365
25.5278,-0.42
25.5306,-0.485
25.5333,-0.535
25.5361,-0.54
25.5389,-0.545
25.5417,-0.585
25.5444,-0.675
25.5472,-0.81
25.55,-0.97
25.5528,-1.11
25.5556,-1.145
25.5583,-1.115
25.5611,-1.085
25.5639,-1.055
25.5667,-1.01
25.5694,-0.975
25.5722,-0.925
25.575,-0.905
25.5778,-0.835
25.5806,-0.78
25.5833,-0.735
25.5861,-0.705
25.5889,-0.67
25.5917,-0.62
25.5944,-0.555
25.5972,-0.47
25.6,-0.4
25.6028,-0.33
25.6056,-0.225
25.6083,-0.15
25.6111,-0.09
25.6139,-0.06
25.6167,-0.055
25.6194,-0.045
25.6222,-0.045
25.625,-0.045
25.6278,-0.03
25.6306,-0.025
25.6333,-0.03
25.6361,-0.04
25.6389,-0.02
25.6417,-0.015
25.6444,0.0
25.6472,0.02
25.65,0.03
25.6528,0.03
25.6556,0.025
25.6583,0.025
25.6611,0.05
25.6639,0.07
25.6667,0.065
25.6694,0.065
25.6722,0.065
25.675,0.07
25.6778,0.075
25.6806,0.09
25.6833,0.09
25.6861,0.08
25.6889,0.115
25.6917,0.12
25.6944,0.125
25.6972,0.145
25.7,0.145
25.7028,0.155
25.7056,0.155
25.7083,0.16
25.7111,0.19
25.7139,0.225
25.7167,0.215
25.7194,0.195
25.7222,0.195
25.725,0.2
25.7278,0.225
25.7306,0.26
25.7333,0.255
25.7361,0.235
25.7389,0.23
25.7417,0.245
25.7444,0.255
25.7472,0.275
25.75,0.28
25.7528,0.29
25.7556,0.3
25.7583,0.31
25.7611,0.33
25.7639,0.35
25.7667,0.335
25.7694,0.325
25.7722,0.32
25.775,0.325
25.7778,0.345
25.7806,0.365
25.7833,0.37
25.7861,0.36
25.7889,0.36
25.7917,0.365
25.7944,0.375
25.7972,0.41
25.8,0.405
25.8028,0.395
25.8056,0.385
25.8083,0.4
25.8111,0.415
25.8139,0.42
25.8167,0.41
25.8194,0.43
25.8222,0.435
25.825,0.43
25.8278,0.43
25.8306,0.45
25.8333,0.435
25.8361,0.445
25.8389,0.435
25.8417,0.44
25.8444,0.46
25.8472,0.48
25.85,0.455
25.8528,0.425
25.8556,0.425
25.8583,0.435
25.8611,0.46
25.8639,0.48
25.8667,0.465
25.8694,0.44
25.8722,0.455
25.875,0.435
25.8778,0.44
25.8806,0.465
25.8833,0.46
25.8861,0.445
25.8889,0.42
25.8917,0.415
25.8944,0.42
25.8972,0.425
25.9,0.425
25.9028,0.415
25.9056,0.39
25.9083,0.39
25.9111,0.38
25.9139,0.375
25.9167,0.38
25.9194,0.37
25.9222,0.36
25.925,0.355
25.9278,0.345
25.9306,0.35
25.9333,0.34
25.9361,0.335
25.9389,0.32
25.9417,0.305
25.9444,0.31
25.9472,0.31
25.95,0.28
25.9528,0.27
25.9556,0.255
25.9583,0.245
25.9611,0.245
25.9639,0.23
25.9667,0.21
25.9694,0.19
25.9722,0.17
25.975,0.15
25.9778,0.14
25.9806,0.15
25.9833,0.145
25.9861,0.125
25.9889,0.095
25.9917,0.095
25.9944,0.085
25.9972,0.08
26.0,0.065
26.0028,0.045
26.0056,0.02
26.0083,-0.02
26.0111,-0.02
26.0139,-0.015
26.0167,-0.04
26.0194,-0.045
26.0222,-0.055
26.025,-0.06
26.0278,-0.05
26.0306,-0.04
26.0333,-0.05
26.0361,-0.065
26.0389,-0.09
26.0417,-0.1
26.0444,-0.1
26.0472,-0.09
26.05,-0.1
26.0528,-0.125
26.0556,-0.145
26.0583,-0.17
26.0611,-0.155
26.0639,-0.13
26.0667,-0.14
26.0694,-0.165
26.0722,-0.165
26.075,-0.185
26.0778,-0.195
26.0806,-0.195
26.0833,-0.21
26.0861,-0.225
26.0889,-0.245
26.0917,-0.245
26.0944,-0.24
26.0972,-0.225
26.1,-0.23
26.1028,-0.24
26.1056,-0.245
26.1083,-0.255
26.1111,-0.24
26.1139,-0.23
26.1167,-0.24
26.1194,-0.26
26.1222,-0.275
26.125,-0.28
26.1278,-0.285
26.1306,-0.28
26.1333,-0.29
26.1361,-0.3
26.1389,-0.31
26.1417,-0.315
26.1444,-0.3
26.1472,-0.29
26.15,-0.3
26.1528,-0.295
26.1556,-0.305
26.1583,-0.31
26.1611,-0.31
26.1639,-0.295
26.1667,-0.3
26.1694,-0.305
26.1722,-0.315
26.175,-0.315
26.1778,-0.32
26.1806,-0.29
26.1833,-0.3
26.1861,-0.325
26.1889,-0.315
26.1917,-0.33
26.1944,-0.325
26.1972,-0.305
26.2,-0.32
26.2028,-0.32
26.2056,-0.32
26.2083,-0.33
26.2111,-0.315
26.2139,-0.305
26.2167,-0.29
26.2194,-0.305
26.2222,-0.31
26.225,-0.335
26.2278,-0.315
26.2306,-0.295
26.2333,-0.315
26.2361,-0.31
26.2389,-0.32
26.2417,-0.325
26.2444,-0.315
26.2472,-0.315
26.25,-0.31
26.2528,-0.325
26.2556,-0.325
26.2583,-0.345
26.2611,-0.345
26.2639,-0.325
26.2667,-0.315
26.2694,-0.32
26.2722,-0.33
26.275,-0.335
26.2778,-0.32
26.2806,-0.315
26.2833,-0.315
26.2861,-0.32
26.2889,-0.33
26.2917,-0.32
26.2944,-0.31
26.2972,-0.315
26.3,-0.31
26.3028,-0.305
26.3056,-0.32
26.3083,-0.325
26.3111,-0.31
26.3139,-0.31
26.3167,-0.325
26.3194,-0.35
26.3222,-0.375
26.325,-0.38
26.3278,-0.395
26.3306,-0.41
26.3333,-0.44
26.3361,-0.48
26.3389,-0.535
26.3417,-0.61
26.3444,-0.7
26.3472,-0.79
26.35,-0.895
26.3528,-1.0
26.3556,-1.11
26.3583,-1.21
26.3611,-1.305
26.3639,-1.44
26.3667,-1.555
26.3694,-1.625
26.3722,-1.605
26.375,-1.565
26.3778,-1.495
26.3806,-1.405
26.3833,-1.29
26.3861,-1.185
26.3889,-1.115
26.3917,-1.06
26.3944,-1.0
26.3972,-0.93
26.4,-0.865
26.4028,-0.83
26.4056,-0.79
26.4083,-0.755
26.4111,-0.73
26.4139,-0.66
26.4167,-0.615
26.4194,-0.565
26.4222,-0.52
26.425,-0.45
26.4278,-0.38
26.4306,-0.335
26.4333,-0.31
26.4361,-0.31
26.4389,-0.315
26.4417,-0.315
26.4444,-0.305
26.4472,-0.285
26.45,-0.29
26.4528,-0.305
26.4556,-0.315
26.4583,-0.31
26.4611,-0.275
26.4639,-0.275
26.4667,-0.28
26.4694,-0.295
26.4722,-0.295
26.475,-0.295
26.4778,-0.275
26.4806,-0.25
26.4833,-0.26
26.4861,-0.26
26.4889,-0.265
26.4917,-0.26
26.4944,-0.24
26.4972,-0.225
26.5,-0.22
26.5028,-0.24
26.5056,-0.25
26.5083,-0.235
26.5111,-0.22
26.5139,-0.195
26.5167,-0.205
26.5194,-0.21
26.5222,-0.215
26.525,-0.205
26.5278,-0.19
26.5306,-0.195
26.5333,-0.19
26.5361,-0.17
26.5389,-0.185
26.5417,-0.19
26.5444,-0.16
26.5472,-0.145
26.55,-0.135
26.5528,-0.15
26.5556,-0.14
26.5583,-0.135
26.5611,-0.125
26.5639,-0.11
26.5667,-0.12
26.5694,-0.125
26.5722,-0.12
26.575,-0.12
26.5778,-0.11
26.5806,-0.1
26.5833,-0.1
26.5861,-0.105
26.5889,-0.115
26.5917,-0.12
26.5944,-0.11
26.5972,-0.09
26.6,-0.075
26.6028,-0.08
26.6056,-0.09
26.6083,-0.09
26.6111,-0.095
26.6139,-0.075
26.6167,-0.06
26.6194,-0.07
26.6222,-0.085
26.625,-0.09
26.6278,-0.075
26.6306,-0.075
26.6333,-0.075
26.6361,-0.075
26.6389,-0.085
26.6417,-0.09
26.6444,-0.08
26.6472,-0.06
26.65,-0.065
26.6528,-0.07
26.6556,-0.09
26.6583,-0.08
26.6611,-0.07
26.6639,-0.07
26.6667,-0.055
26.6694,-0.075
26.6722,-0.08
26.675,-0.075
26.6778,-0.06
26.6806,-0.065
26.6833,-0.07
26.6861,-0.085
26.6889,-0.09
26.6917,-0.105
26.6944,-0.085
26.6972,-0.07
26.7,-0.09
26.7028,-0.09
26.7056,-0.1
26.7083,-0.1
26.7111,-0.085
26.7139,-0.09
26.7167,-0.075
26.7194,-0.105
26.7222,-0.115
26.725,-0.11
26.7278,-0.105
26.7306,-0.105
26.7333,-0.11
26.7361,-0.14
26.7389,-0.15
26.7417,-0.15
26.7444,-0.15
26.7472,-0.14
26.75,-0.125
26.7528,-0.135
26.7556,-0.155
26.7583,-0.155
26.7611,-0.15
26.7639,-0.15
26.7667,-0.16
26.7694,-0.175
26.7722,-0.2
26.775,-0.215
26.7778,-0.205
26.7806,-0.215
26.7833,-0.21
26.7861,-0.24
26.7889,-0.26
26.7917,-0.275
26.7944,-0.265
26.7972,-0.265
26.8,-0.26
26.8028,-0.285
26.8056,-0.305
26.8083,-0.31
26.8111,-0.315
26.8139,-0.3
26.8167,-0.325
26.8194,-0.355
26.8222,-0.37
26.825,-0.375
26.8278,-0.385
26.8306,-0.39
26.8333,-0.41
26.8361,-0.435
26.8389,-0.465
26.8417,-0.48
26.8444,-0.485
26.8472,-0.48
26.85,-0.495
26.8528,-0.5
26.8556,-0.52
26.8583,-0.53
26.8611,-0.525
26.8639,-0.525
26.8667,-0.535
26.8694,-0.55
26.8722,-0.565
26.875,-0.575
26.8778,-0.57
26.8806,-0.565
26.8833,-0.58
26.8861,-0.595
26.8889,-0.61
26.8917,-0.62
26.8944,-0.615
26.8972,-0.61
26.9,-0.625
26.9028,-0.64
26.9056,-0.65
26.9083,-0.65
26.9111,-0.635
26.9139,-0.63
26.9167,-0.625
26.9194,-0.65
26.9222,-0.66
26.925,-0.655
26.9278,-0.66
26.9306,-0.645
26.9333,-0.66
26.9361,-0.675
26.9389,-0.7
26.9417,-0.705
26.9444,-0.7
26.9472,-0.685
26.95,-0.695
26.9528,-0.71
26.9556,-0.7
26.9583,-0.69
26.9611,-0.67
26.9639,-0.66
26.9667,-0.655
26.9694,-0.67
26.9722,-0.69
26.975,-0.69
26.9778,-0.69
26.9806,-0.69
26.9833,-0.7
26.9861,-0.705
26.9889,-0.7
26.9917,-0.705
26.9944,-0.7
26.9972,-0.68
27.0,-0.69
27.0028,-0.715
27.0056,-0.735
27.0083,-0.74
27.0111,-0.74
27.0139,-0.75
27.0167,-0.745
27.0194,-0.76
27.0222,-0.775
27.025,-0.76
27.0278,-0.75
27.0306,-0.755
27.0333,-0.745
27.0361,-0.76
27.0389,-0.755
27.0417,-0.76
27.0444,-0.755
27.0472,-0.75
27.05,-0.75
27.0528,-0.76
27.0556,-0.785
27.0583,-0.775
27.0611,-0.765
27.0639,-0.76
27.0667,-0.76
27.0694,-0.775
27.0722,-0.775
27.075,-0.78
27.0778,-0.765
27.0806,-0.75
27.0833,-0.76
27.0861,-0.755
27.0889,-0.765
27.0917,-0.77
27.0944,-0.75
27.0972,-0.745
27.1,-0.745
27.1028,-0.77
27.1056,-0.775
27.1083,-0.77
27.1111,-0.75
27.1139,-0.735
27.1167,-0.755
27.1194,-0.755
27.1222,-0.775
27.125,-0.775
27.1278,-0.755
27.1306,-0.74
27.1333,-0.745
27.1361,-0.75
27.1389,-0.76
27.1417,-0.76
27.1444,-0.75
27.1472,-0.735
27.15,-0.73
27.1528,-0.74
27.1556,-0.745
27.1583,-0.735
27.1611,-0.735
27.1639,-0.715
27.1667,-0.715
27.1694,-0.73
27.1722,-0.75
27.175,-0.745
27.1778,-0.74
27.1806,-0.73
27.1833,-0.73
27.1861,-0.735
27.1889,-0.745
27.1917,-0.745
27.1944,-0.715
27.1972,-0.71
27.2,-0.7
27.2028,-0.705
27.2056,-0.705
27.2083,-0.695
27.2111,-0.685
27.2139,-0.665
27.2167,-0.675
27.2194,-0.685
27.2222,-0.68
27.225,-0.695
27.2278,-0.695
27.2306,-0.72
27.2333,-0.745
27.2361,-0.765
27.2389,-0.805
27.2417,-0.815
27.2444,-0.835
27.2472,-0.845
27.25,-0.88
27.2528,-0.945
27.2556,-1.045
27.2583,-1.13
27.2611,-1.205
27.2639,-1.255
27.2667,-1.345
27.2694,-1.445
27.2722,-1.54
27.275,-1.675
27.2778,-1.81
27.2806,-1.875
27.2833,-1.9
27.2861,-1.845
27.2889,-1.795
27.2917,-1.72
27.2944,-1.615
27.2972,-1.525
27.3,-1.405
27.3028,-1.33
27.3056,-1.265
27.3083,-1.205
27.3111,-1.11
27.3139,-1.045
27.3167,-1.005
27.3194,-0.975
27.3222,-0.95
27.325,-0.89
27.3278,-0.82
27.3306,-0.735
27.3333,-0.665
27.3361,-0.615
27.3389,-0.585
27.3417,-0.56
27.3444,-0.53
27.3472,-0.52
27.35,-0.515
27.3528,-0.525
27.3556,-0.515
27.3583,-0.515
27.3611,-0.5
27.3639,-0.485
27.3667,-0.47
27.3694,-0.475
27.3722,-0.475
27.375,-0.465
27.3778,-0.44
27.3806,-0.425
27.3833,-0.43
27.3861,-0.43
27.3889,-0.425
27.3917,-0.41
27.3944,-0.4
27.3972,-0.385
27.4,-0.38
27.4028,-0.365
27.4056,-0.37
27.4083,-0.37
27.4111,-0.355
27.4139,-0.345
27.4167,-0.335
27.4194,-0.34
27.4222,-0.34
27.425,-0.325
27.4278,-0.31
27.4306,-0.29
27.4333,-0.28
27.4361,-0.275
27.4389,-0.265
27.4417,-0.25
27.4444,-0.23
27.4472,-0.215
27.45,-0.23
27.4528,-0.23
27.4556,-0.215
27.4583,-0.195
27.4611,-0.185
27.4639,-0.165
27.4667,-0.165
27.4694,-0.16
27.4722,-0.165
27.475,-0.16
27.4778,-0.13
27.4806,-0.105
27.4833,-0.1
27.4861,-0.12
27.4889,-0.12
27.4917,-0.095
27.4944,-0.07
27.4972,-0.045
27.5,-0.035
27.5028,-0.035
27.5056,-0.045
27.5083,-0.035
27.5111,-0.005
27.5139,-0.005
27.5167,0.01
27.5194,-0.005
27.5222,0.0
27.525,-0.01
27.5278,0.0
27.5306,0.025
27.5333,0.02
27.5361,0.035
27.5389,0.025
27.5417,0.04
27.5444,0.055
27.5472,0.065
27.55,0.07
27.5528,0.07
27.5556,0.07
27.5583,0.075
27.5611,0.09
27.5639,0.105
27.5667,0.11
27.5694,0.09
27.5722,0.075
27.575,0.065
27.5778,0.1
27.5806,0.11
27.5833,0.11
27.5861,0.1
27.5889,0.09
27.5917,0.105
27.5944,0.105
27.5972,0.12
27.6,0.11
27.6028,0.12
27.6056,0.12
27.6083,0.115
27.6111,0.135
27.6139,0.14
27.6167,0.145
27.6194,0.14
27.6222,0.13
27.625,0.13
27.6278,0.145
27.6306,0.145
27.6333,0.14
27.6361,0.115
27.6389,0.1
27.6417,0.105
27.6444,0.125
27.6472,0.15
27.65,0.145
27.6528,0.13
27.6556,0.12
27.6583,0.115
27.6611,0.135
27.6639,0.145
27.6667,0.145
27.6694,0.135
27.6722,0.13
27.675,0.13
27.6778,0.14
27.6806,0.14
27.6833,0.12
27.6861,0.11
27.6889,0.095
27.6917,0.09
27.6944,0.08
27.6972,0.095
27.7,0.1
27.7028,0.095
27.7056,0.075
27.7083,0.07
27.7111,0.065
27.7139,0.09
27.7167,0.08
27.7194,0.06
27.7222,0.055
27.725,0.05
27.7278,0.04
27.7306,0.04
27.7333,0.035
27.7361,0.015
27.7389,0.01
27.7417,0.01
27.7444,0.015
27.7472,0.01
27.75,-0.01
27.7528,-0.03
27.7556,-0.03
27.7583,-0.045
27.7611,-0.045
27.7639,-0.05
27.7667,-0.06
27.7694,-0.075
27.7722,-0.07
27.775,-0.08
27.7778,-0.065
27.7806,-0.06
27.7833,-0.075
27.7861,-0.1
27.7889,-0.11
27.7917,-0.105
27.7944,-0.095
27.7972,-0.085
27.8,-0.1
27.8028,-0.12
27.8056,-0.145
27.8083,-0.14
27.8111,-0.12
27.8139,-0.105
27.8167,-0.115
27.8194,-0.135
27.8222,-0.16
27.825,-0.17
27.8278,-0.135
27.8306,-0.125
27.8333,-0.105
27.8361,-0.115
27.8389,-0.135
27.8417,-0.14
27.8444,-0.11
27.8472,-0.085
27.85,-0.085
27.8528,-0.095
27.8556,-0.105
27.8583,-0.09
27.8611,-0.02
27.8639,0.015
27.8667,0.045
27.8694,0.065
27.8722,0.09
27.875,0.13
27.8778,0.19
27.8806,0.26
27.8833,0.325
27.8861,0.385
27.8889,0.44
27.8917,0.51
27.8944,0.55
27.8972,0.585
27.9,0.62
27.9028,0.655
27.9056,0.67
27.9083,0.685
27.9111,0.74
27.9139,0.77
27.9167,0.78
27.9194,0.78
27.9222,0.805
27.925,0.88
27.9278,0.96
27.9306,1.035
27.9333,1.105
27.9361,1.18
27.9389,1.235
27.9417,1.3
27.9444,1.355
27.9472,1.385
27.95,1.405
27.9528,1.41
27.9556,1.385
27.9583,1.345
27.9611,1.315
27.9639,1.29
27.9667,1.235
27.9694,1.14
27.9722,1.065
27.975,0.95
27.9778,0.865
27.9806,0.745
27.9833,0.565
27.9861,0.36
27.9889,0.16
27.9917,0.0
27.9944,-0.11
27.9972,-0.175
28.0,-0.265
28.0028,-0.36
28.0056,-0.465
28.0083,-0.55
28.0111,-0.62
28.0139,-0.685
28.0167,-0.735
28.0194,-0.775
28.0222,-0.785
28.025,-0.785
28.0278,-0.775
28.0306,-0.775
28.0333,-0.79
28.0361,-0.8
28.0389,-0.805
28.0417,-0.785
28.0444,-0.785
28.0472,-0.78
28.05,-0.79
28.0528,-0.81
28.0556,-0.825
28.0583,-0.835
28.0611,-0.81
28.0639,-0.8
28.0667,-0.79
28.0694,-0.81
28.0722,-0.81
28.075,-0.805
28.0778,-0.775
28.0806,-0.765
28.0833,-0.765
28.0861,-0.765
28.0889,-0.78
28.0917,-0.78
28.0944,-0.78
28.0972,-0.77
28.1,-0.785
28.1028,-0.775
28.1056,-0.77
28.1083,-0.765
28.1111,-0.77
28.1139,-0.76
28.1167,-0.765
28.1194,-0.77
28.1222,-0.765
28.125,-0.745
28.1278,-0.715
28.1306,-0.715
28.1333,-0.69
28.1361,-0.69
28.1389,-0.695
28.1417,-0.685
28.1444,-0.665
28.1472,-0.64
28.15,-0.64
28.1528,-0.64
28.1556,-0.655
28.1583,-0.65
28.1611,-0.625
28.1639,-0.615
28.1667,-0.6
28.1694,-0.61
28.1722,-0.625
28.175,-0.61
28.1778,-0.6
28.1806,-0.58
28.1833,-0.59
28.1861,-0.565
28.1889,-0.575
28.1917,-0.565
28.1944,-0.55
28.1972,-0.51
28.2,-0.515
28.2028,-0.495
28.2056,-0.51
28.2083,-0.515
28.2111,-0.5
28.2139,-0.48
28.2167,-0.47
28.2194,-0.465
28.2222,-0.485
28.225,-0.465
28.2278,-0.46
28.2306,-0.435
28.2333,-0.425
28.2361,-0.42
28.2389,-0.43
28.2417,-0.43
28.2444,-0.435
28.2472,-0.41
28.25,-0.395
28.2528,-0.375
28.2556,-0.385
28.2583,-0.375
28.2611,-0.37
28.2639,-0.335
28.2667,-0.335
28.2694,-0.32
28.2722,-0.32
28.275,-0.32
28.2778,-0.305
28.2806,-0.28
28.2833,-0.285
28.2861,-0.29
28.2889,-0.29
28.2917,-0.29
28.2944,-0.255
28.2972,-0.24
28.3,-0.24
28.3028,-0.26
28.3056,-0.265
28.3083,-0.245
28.3111,-0.225
28.3139,-0.215
28.3167,-0.21
28.3194,-0.215
28.3222,-0.23
28.325,-0.215
28.3278,-0.21
28.3306,-0.19
28.3333,-0.195
28.3361,-0.2
28.3389,-0.2
28.3417,-0.19
28.3444,-0.175
28.3472,-0.17
28.35,-0.18
28.3528,-0.185
28.3556,-0.16
28.3583,-0.165
28.3611,-0.155
28.3639,-0.135
28.3667,-0.135
28.3694,-0.125
28.3722,-0.12
28.375,-0.13
28.3778,-0.1
28.3806,-0.09
28.3833,-0.085
28.3861,-0.085
28.3889,-0.08
28.3917,-0.07
28.3944,-0.06
28.3972,-0.04
28.4,-0.035
28.4028,-0.04
28.4056,-0.05
28.4083,-0.045
28.4111,-0.03
28.4139,-0.02
28.4167,-0.025
28.4194,-0.03
28.4222,-0.025
28.425,-0.015
28.4278,0.005
28.4306,0.015
28.4333,0.02
28.4361,0.015
28.4389,0.015
28.4417,0.03
28.4444,0.03
28.4472,0.05
28.45,0.045
28.4528,0.03
28.4556,0.035
28.4583,0.035
28.4611,0.035
28.4639,0.055
28.4667,0.045
28.4694,0.035
28.4722,0.025
28.475,0.02
28.4778,0.035
28.4806,0.04
28.4833,0.035
28.4861,0.025
28.4889,0.02
28.4917,0.03
28.4944,0.045
28.4972,0.045
28.5,0.05
28.5028,0.035
28.5056,0.015
28.5083,0.025
28.5111,0.025
28.5139,0.035
28.5167,0.045
28.5194,0.025
28.5222,0.005
28.525,0.01
28.5278,0.015
28.5306,0.035
28.5333,0.025
28.5361,0.015
28.5389,0.0
28.5417,0.02
28.5444,0.025
28.5472,0.035
28.55,0.04
28.5528,0.04
28.5556,0.015
28.5583,0.02
28.5611,0.03
28.5639,0.035
28.5667,0.015
28.5694,0.01
28.5722,0.005
28.575,0.015
28.5778,0.02
28.5806,0.02
28.5833,-0.005
28.5861,0.0
28.5889,-0.025
28.5917,-0.015
28.5944,-0.01
28.5972,-0.005
28.6,0.0
28.6028,-0.01
28.6056,-0.02
28.6083,-0.02
28.6111,-0.015
28.6139,0.0
28.6167,-0.015
28.6194,-0.01
28.6222,-0.03
28.625,-0.02
28.6278,-0.015
28.6306,-0.01
28.6333,-0.02
28.6361,-0.035
28.6389,-0.05
28.6417,-0.055
28.6444,-0.04
28.6472,-0.025
28.65,-0.035
28.6528,-0.055
28.6556,-0.05
28.6583,-0.05
28.6611,-0.045
28.6639,-0.04
28.6667,-0.045
28.6694,-0.055
28.6722,-0.07
28.675,-0.075
28.6778,-0.055
28.6806,-0.055
28.6833,-0.05
28.6861,-0.07
28.6889,-0.08
28.6917,-0.085
28.6944,-0.075
28.6972,-0.08
28.7,-0.09
28.7028,-0.1
28.7056,-0.09
28.7083,-0.09
28.7111,-0.08
28.7139,-0.07
28.7167,-0.065
28.7194,-0.08
28.7222,-0.085
28.725,-0.09
28.7278,-0.09
28.7306,-0.08
28.7333,-0.08
28.7361,-0.095
28.7389,-0.11
28.7417,-0.09
28.7444,-0.09
28.7472,-0.08
28.75,-0.085
28.7528,-0.11
28.7556,-0.11
28.7583,-0.115
28.7611,-0.095
28.7639,-0.1
28.7667,-0.105
28.7694,-0.11
28.7722,-0.12
28.775,-0.11
28.7778,-0.11
28.7806,-0.1
28.7833,-0.1
28.7861,-0.1
28.7889,-0.11
28.7917,-0.11
28.7944,-0.095
28.7972,-0.095
28.8,-0.11
28.8028,-0.11
28.8056,-0.125
28.8083,-0.125
28.8111,-0.125
28.8139,-0.125
28.8167,-0.13
28.8194,-0.135
28.8222,-0.145
28.825,-0.15
28.8278,-0.13
28.8306,-0.125
28.8333,-0.13
28.8361,-0.135
28.8389,-0.125
28.8417,-0.14
28.8444,-0.13
28.8472,-0.115
28.85,-0.13
28.8528,-0.135
28.8556,-0.145
28.8583,-0.135
28.8611,-0.12
28.8639,-0.105
28.8667,-0.12
28.8694,-0.145
28.8722,-0.145
28.875,-0.155
28.8778,-0.145
28.8806,-0.15
28.8833,-0.155
28.8861,-0.165
28.8889,-0.17
28.8917,-0.155
28.8944,-0.12
28.8972,-0.095
28.9,-0.09
28.9028,-0.095
28.9056,-0.11
28.9083,-0.105
28.9111,-0.095
28.9139,-0.105
28.9167,-0.12
28.9194,-0.14
28.9222,-0.165
28.925,-0.145
28.9278,-0.135
28.9306,-0.135
28.9333,-0.15
28.9361,-0.16
28.9389,-0.175
28.9417,-0.175
28.9444,-0.155
28.9472,-0.145
28.95,-0.155
28.9528,-0.165
28.9556,-0.185
28.9583,-0.19
28.9611,-0.18
28.9639,-0.165
28.9667,-0.175
28.9694,-0.185
28.9722,-0.195
28.975,-0.195
28.9778,-0.185
28.9806,-0.19
28.9833,-0.195
28.9861,-0.215
28.9889,-0.23
28.9917,-0.23
28.9944,-0.215
28.9972,-0.22
29.0,-0.215
29.0028,-0.215
29.0056,-0.22
29.0083,-0.22
29.0111,-0.205
29.0139,-0.215
29.0167,-0.205
29.0194,-0.22
29.0222,-0.225
29.025,-0.22
29.0278,-0.22
29.0306,-0.205
29.0333,-0.215
29.0361,-0.235
29.0389,-0.23
29.0417,-0.24
29.0444,-0.23
29.0472,-0.215
29.05,-0.235
29.0528,-0.225
29.0556,-0.24
29.0583,-0.225
29.0611,-0.22
29.0639,-0.225
29.0667,-0.22
29.0694,-0.23
29.0722,-0.225
29.075,-0.225
29.0778,-0.215
29.0806,-0.215
29.0833,-0.22
29.0861,-0.235
29.0889,-0.235
29.0917,-0.235
29.0944,-0.23
29.0972,-0.225
29.1,-0.23
29.1028,-0.255
29.1056,-0.26
29.1083,-0.27
29.1111,-0.28
29.1139,-0.295
29.1167,-0.31
29.1194,-0.31
29.1222,-0.29
29.125,-0.26
29.1278,-0.195
29.1306,-0.105
29.1333,0.005
29.1361,0.13
29.1389,0.22
29.1417,0.3
29.1444,0.35
29.1472,0.385
29.15,0.4
29.1528,0.48
29.1556,0.585
29.1583,0.66
29.1611,0.685
29.1639,0.635
29.1667,0.55
29.1694,0.465
29.1722,0.365
29.175,0.22
29.1778,0.07
29.1806,-0.085
29.1833,-0.2
29.1861,-0.27
29.1889,-0.305
29.1917,-0.295
29.1944,-0.32
29.1972,-0.355
29.2,-0.41
29.2028,-0.445
29.2056,-0.45
29.2083,-0.405
29.2111,-0.375
29.2139,-0.355
29.2167,-0.35
29.2194,-0.345
29.2222,-0.3
29.225,-0.26
29.2278,-0.225
29.2306,-0.205
29.2333,-0.21
29.2361,-0.24
29.2389,-0.28
29.2417,-0.3
29.2444,-0.325
29.2472,-0.335
29.25,-0.34
29.2528,-0.35
29.2556,-0.36
29.2583,-0.355
29.2611,-0.345
29.2639,-0.345
29.2667,-0.355
29.2694,-0.355
29.2722,-0.36
29.275,-0.355
29.2778,-0.355
29.2806,-0.35
29.2833,-0.345
29.2861,-0.35
29.2889,-0.365
29.2917,-0.35
29.2944,-0.335
29.2972,-0.33
29.3,-0.335
29.3028,-0.355
29.3056,-0.35
29.3083,-0.335
29.3111,-0.325
29.3139,-0.32
29.3167,-0.33
29.3194,-0.335
29.3222,-0.335
29.325,-0.305
29.3278,-0.31
29.3306,-0.305
29.3333,-0.3
29.3361,-0.31
29.3389,-0.305
29.3417,-0.305
29.3444,-0.285
29.3472,-0.265
29.35,-0.265
29.3528,-0.27
29.3556,-0.27
29.3583,-0.26
29.3611,-0.235
29.3639,-0.24
29.3667,-0.23
29.3694,-0.24
29.3722,-0.23
29.375,-0.225
29.3778,-0.195
29.3806,-0.195
29.3833,-0.19
29.3861,-0.185
29.3889,-0.19
29.3917,-0.18
29.3944,-0.15
29.3972,-0.145
29.4,-0.14
29.4028,-0.165
29.4056,-0.145
29.4083,-0.13
29.4111,-0.095
29.4139,-0.07
29.4167,-0.065
29.4194,-0.07
29.4222,-0.065
29.425,-0.07
29.4278,-0.045
29.4306,-0.035
29.4333,-0.025
29.4361,-0.03
29.4389,-0.035
29.4417,-0.025
29.4444,0.005
29.4472,0.01
29.45,0.01
29.4528,0.0
29.4556,0.005
29.4583,0.015
29.4611,0.04
29.4639,0.05
29.4667,0.05
29.4694,0.05
29.4722,0.055
29.475,0.055
29.4778,0.085
29.4806,0.1
29.4833,0.105
29.4861,0.095
29.4889,0.095
29.4917,0.105
29.4944,0.115
29.4972,0.135
29.5,0.125
29.5028,0.12
29.5056,0.12
29.5083,0.115
29.5111,0.13
29.5139,0.14
29.5167,0.135
29.5194,0.115
29.5222,0.115
29.525,0.115
29.5278,0.135
29.5306,0.145
29.5333,0.115
29.5361,0.125
29.5389,0.115
29.5417,0.115
29.5444,0.135
29.5472,0.13
29.55,0.13
29.5528,0.105
29.5556,0.08
29.5583,0.09
29.5611,0.11
29.5639,0.095
29.5667,0.08
29.5694,0.055
29.5722,0.05
29.575,0.045
29.5778,0.045
29.5806,0.04
29.5833,0.03
29.5861,0.01
29.5889,0.005
29.5917,0.025
29.5944,0.035
29.5972,0.03
29.6,-0.01
29.6028,-0.03
29.6056,-0.04
29.6083,-0.02
29.6111,-0.01
29.6139,-0.01
29.6167,-0.02
29.6194,-0.04
29.6222,-0.055
29.625,-0.055
29.6278,-0.04
29.6306,-0.045
29.6333,-0.06
29.6361,-0.075
29.6389,-0.08
29.6417,-0.08
29.6444,-0.07
29.6472,-0.06
29.65,-0.075
29.6528,-0.085
29.6556,-0.095
29.6583,-0.095
29.6611,-0.095
29.6639,-0.085
29.6667,-0.09
29.6694,-0.11
29.6722,-0.12
29.675,-0.12
29.6778,-0.115
29.6806,-0.12
29.6833,-0.13
29.6861,-0.145
29.6889,-0.145
29.6917,-0.155
29.6944,-0.17
29.6972,-0.16
29.7,-0.15
29.7028,-0.16
29.7056,-0.17
29.7083,-0.17
29.7111,-0.16
29.7139,-0.165
29.7167,-0.185
29.7194,-0.205
29.7222,-0.215
29.725,-0.215
29.7278,-0.19
29.7306,-0.195
29.7333,-0.225
29.7361,-0.24
29.7389,-0.25
29.7417,-0.255
29.7444,-0.265
29.7472,-0.27
29.75,-0.275
29.7528,-0.285
29.7556,-0.285
29.7583,-0.29
29.7611,-0.285
29.7639,-0.3
29.7667,-0.3
29.7694,-0.29
29.7722,-0.3
29.775,-0.285
29.7778,-0.28
29.7806,-0.285
29.7833,-0.285
29.7861,-0.315
29.7889,-0.335
29.7917,-0.335
29.7944,-0.325
29.7972,-0.325
29.8,-0.325
29.8028,-0.325
29.8056,-0.325
29.8083,-0.325
29.8111,-0.315
29.8139,-0.325
29.8167,-0.325
29.8194,-0.345
29.8222,-0.365
29.825,-0.36
29.8278,-0.34
29.8306,-0.32
29.8333,-0.34
29.8361,-0.335
29.8389,-0.32
29.8417,-0.29
29.8444,-0.285
29.8472,-0.3
29.85,-0.31
29.8528,-0.33
29.8556,-0.34
29.8583,-0.335
29.8611,-0.33
29.8639,-0.315
29.8667,-0.325
29.8694,-0.33
29.8722,-0.33
29.875,-0.335
29.8778,-0.32
29.8806,-0.315
29.8833,-0.305
29.8861,-0.32
29.8889,-0.32
29.8917,-0.325
29.8944,-0.33
29.8972,-0.325
29.9,-0.325
29.9028,-0.35
29.9056,-0.36
29.9083,-0.335
29.9111,-0.33
29.9139,-0.33
29.9167,-0.335
29.9194,-0.345
29.9222,-0.34
29.925,-0.325
29.9278,-0.33
29.9306,-0.325
29.9333,-0.335
29.9361,-0.34
29.9389,-0.355
29.9417,-0.335
29.9444,-0.32
29.9472,-0.31
29.95,-0.31
29.9528,-0.325
29.9556,-0.335
29.9583,-0.325
29.9611,-0.315
29.9639,-0.3
29.9667,-0.305
29.9694,-0.315
29.9722,-0.33
29.975,-0.325
29.9778,-0.305
29.9806,-0.285
29.9833,-0.305
29.9861,-0.325
29.9889,-0.33
29.9917,-0.32
29.9944,-0.29
29.9972,-0.29
